t_seconds,x_HII,x_HeII,x_HeIII,T_K,ne_m3,q_left_s_inverse,tau,survival,cell_probability
0.0,0.9,0.3,0.6,49999.99999999999,102.45,2.0432186905791888E-18,0.2002233524596172,0.81854790797073,1.6724725555616428E-7
100000000000.0,0.9037544575505209,0.30057522828587385,0.6000670757486727,49958.80135534638,102.8313336072528,2.050823843860642E-18,0.20022314813774814,0.8185480752179856,1.678698082138976E-7
200000000000.0,0.9071947857831294,0.3011334022886404,0.6001335549896537,49919.17736808618,103.18110283013691,2.0577994906501604E-18,0.20022294305536376,0.8185482430877937,1.6844083310073702E-7
300000000000.0,0.9103598436699297,0.3016753752241077,0.6001994439084821,49880.99435602064,103.50320075023387,2.0642232728906565E-18,0.2002227372754147,0.8185484115286269,1.6896668554575466E-7
400000000000.0,0.9132823373213784,0.3022019334615034,0.6002647483844572,49844.1355434887,103.80090460305031,2.0701605503560734E-18,0.20022253085308742,0.8185485804953124,1.694527155288516E-7
500000000000.0,0.9159899891359533,0.302713804028059,0.6003294740381693,49808.498310947245,104.07699275606183,2.0756667336111305E-18,0.20022232383703237,0.818548749948028,1.6990345864375695E-7
600000000000.0,0.918506450586214,0.30321166101191044,0.6003936262702293,49773.9919833625,104.33383604110608,2.0807891055052466E-18,0.20022211627035902,0.8185489198514866,1.7032278519529525E-7
700000000000.0,0.9208520218076565,0.3036961310607041,0.6004572102930159,49740.536035307116,104.57346975943355,2.0855682572102703E-18,0.20022190819144847,0.8185490901742718,1.7071401774536703E-7
800000000000.0,0.9230442239996102,0.3041677981320818,0.6005202311568376,49708.05862180421,104.79765096166079,2.0900392305872076E-18,0.20022169963462275,0.8185492608882895,1.7108002462066633E-7
900000000000.0,0.9250982585542262,0.3046272076207288,0.6005826937716006,49676.49536633922,105.00790439528323,2.0942324345436335E-18,0.2002214906306997,0.8185494319683141,1.7142329492054164E-7
1000000000000.0,0.9270273781942454,0.305074869962364,0.6006446029248326,49645.78835375434,105.20555964866438,2.0981743858174205E-18,0.20022128120745625,0.818549603391609,1.7174599915338044E-7
1100000000000.0,0.9288431891591651,0.3055112637961187,0.6007059632967369,49615.88528775168,105.39178139615012,2.1018883121722787E-18,0.20022107139001766,0.8185497751376082,1.7205003861079621E-7
1200000000000.0,0.9305558989178543,0.30593683875187033,0.6007667794728081,49586.73878168676,105.56759419267458,2.105394646890695E-18,0.20022086120118643,0.8185499471876468,1.7233708584403155E-7
1300000000000.0,0.9321745205164907,0.30635201791730743,0.600827055954444,49558.30575808046,105.7339029292065,2.1087114367285536E-18,0.20022065066172173,0.8185501195247327,1.7260861805682053E-7
1400000000000.0,0.9337070421577217,0.30675720003009,0.6008867971678942,49530.54693741186,105.89150980900895,2.111854680482348E-18,0.20022043979057805,0.8185502921333507,1.728659448185881E-7
1500000000000.0,0.9351605687152653,0.30715276143289966,0.6009460074718285,49503.426400697164,106.04112851545196,2.1148386115459367E-18,0.20022022860511,0.8185504649992955,1.7311023119294853E-7
1600000000000.0,0.9365414404518402,0.3075390578230451,0.6010046911637515,49476.9112134123,106.18339609843356,2.1176759349682064E-18,0.20022001712124884,0.8185506381095268,1.733425171419046E-7
1700000000000.0,0.9378553331088175,0.3079164258232956,0.6010628524854535,49450.9711007018,106.31888299647363,2.120378027329398E-18,0.20021980535365536,0.8185508114520439,1.73563733886592E-7
1800000000000.0,0.9391073426878683,0.30828518439652236,0.6011204956276477,49425.5781656908,106.44810152669693,2.1229551060616714E-18,0.20021959331585262,0.8185509850157777,1.7377471776690118E-7
1900000000000.0,0.940302057585912,0.30864563612335405,0.6011776247339242,49400.7066442034,106.57151310899818,2.1254163735247444E-18,0.200219381020342,0.8185511587904956,1.7397622203469212E-7
2000000000000.0,0.9414436202291556,0.3089980683592553,0.6012342439041272,49376.332690374904,106.68953443910588,2.1277701401188206E-18,0.20021916847870466,0.8185513327667175,1.7416892693112002E-7
2100000000000.0,0.9425357799460877,0.3093427542851085,0.6012903571972394,49352.43418859687,106.80254278464935,2.130023929907067E-18,0.20021895570169065,0.8185515069356445,1.7435344833229154E-7
2200000000000.0,0.9435819384977034,0.30967995386342884,0.6013459686338539,49328.99058800126,106.91088054615878,2.132184571578239E-18,0.20021874269929765,0.8185516812890928,1.7453034519494796E-7
2300000000000.0,0.9445851894269532,0.31000991471070494,0.6014010821982888,49305.98275631379,107.01485919928577,2.1342582770686274E-18,0.20021852948084048,0.818551855819438,1.7470012599201097E-7
2400000000000.0,0.9455483521840405,0.31033287289496847,0.6014557018404016,49283.39285041505,107.11476271398296,2.136250709752706E-18,0.20021831605501278,0.818552030519564,1.7486325429428065E-7
2500000000000.0,0.9464740018187486,0.31064905366652573,0.6015098314771459,49261.20420136594,107.21085052982764,2.1381670437817034E-18,0.2002181024299418,0.8185522053828184,1.75020153627553E-7
2600000000000.0,0.947364494897022,0.3109586721287832,0.6015634749939075,49239.40121199755,107.30336015326996,2.140012015882004E-18,0.20021788861323744,0.818552380402972,1.7517121171254193E-7
2700000000000.0,0.9482219921900387,0.3112619338552416,0.6016166362456513,49217.96926545179,107.39250943168018,2.141789970707767E-18,0.20021767461203585,0.8185525555741836,1.753167841771857E-7
2800000000000.0,0.949048478594933,0.31155903545800323,0.6016693190579077,49196.89464329478,107.47849855015599,2.143504900664392E-18,0.20021746043303879,0.8185527308909678,1.754571978163686E-7
2900000000000.0,0.9498457806732024,0.31185016511250496,0.6017215272276198,49176.16445202462,107.5615117897325,2.145160480973501E-18,0.2002172460825487,0.8185529063481657,1.755927534621399E-7
3000000000000.0,0.9506155821325365,0.3121355030426426,0.601773264523872,49155.76655696042,107.64171907960386,2.146760100629781E-18,0.20021703156650061,0.8185530819409191,1.7572372851766425E-7
3100000000000.0,0.9513594375279121,0.3124152219699832,0.6018245346885166,49135.68952263952,107.71927737097144,2.1483068898004167E-18,0.20021681689049056,0.8185532576646476,1.758503791999822E-7
3200000000000.0,0.952078784416316,0.3126894875303482,0.6018753414367131,49115.922558968436,107.79433185598292,2.1498037441350896E-18,0.20021660205980157,0.8185534335150269,1.7597294252988765E-7
3300000000000.0,0.9527749541648831,0.3129584586606937,0.6019256884573921,49096.45547247299,107.86701705176478,2.1512533463854547E-18,0.20021638707942715,0.8185536094879694,1.7609163810157428E-7
3400000000000.0,0.9534491815832745,0.31322228795890367,0.6019755794136565,49077.27862207839,107.93745776665304,2.15265818567523E-18,0.20021617195409253,0.8185537855796075,1.7620666965997472E-7
3500000000000.0,0.954102613526811,0.31348112201883416,0.6020250179431244,49058.38287892318,108.00576996329329,2.154020574713491E-18,0.20021595668827397,0.8185539617862772,1.7631822650974186E-7
3600000000000.0,0.9547363165963763,0.3137351017427078,0.6020740076582288,49039.75958977274,108.0720615312287,2.1553426652028364E-18,0.2002157412862165,0.8185541381045036,1.7642648477647294E-7
3700000000000.0,0.9553512840437866,0.31398436263274626,0.6021225521464751,49021.400543652446,108.13643297986194,2.1566264616595187E-18,0.20021552575194998,0.8185543145309884,1.7653160853794604E-7
3800000000000.0,0.9559484419766284,0.3142290350637402,0.602170654970664,49003.29794136563,108.19897806120491,2.1578738338332988E-18,0.20021531008930382,0.8185544910625969,1.7663375084073784E-7
3900000000000.0,0.9565286549440679,0.3144692445380892,0.6022183196690867,48985.444367602395,108.25978433057978,2.159086527889825E-18,0.20021509430192044,0.8185546676963478,1.7673305461554886E-7
4000000000000.0,0.9570927309744857,0.3147051119247012,0.6022655497556941,48967.83276537898,108.31893365236812,2.1602661764970773E-18,0.20021487839326765,0.8185548444294024,1.7682965350282177E-7
4100000000000.0,0.9576414261266646,0.31493675368300417,0.6023123487202465,48950.45641257794,108.37650265699149,2.161414307939191E-18,0.20021466236665,0.8185550212590559,1.769236725987464E-7
4200000000000.0,0.9581754486084502,0.3151642820732138,0.6023587200284448,48933.30890038501,108.43256315452487,2.162532354365383E-18,0.20021444622521922,0.8185551981827285,1.7701522913046918E-7
4300000000000.0,0.9586954625100748,0.31538780535388916,0.6024046671220478,48916.384113441556,108.48718250967076,2.1636216592682766E-18,0.2002142299719838,0.8185553751979576,1.7710443306822584E-7
4400000000000.0,0.9592020911935469,0.31560742796772145,0.6024501934189769,48899.676211551385,108.5404239822418,2.164683484274339E-18,0.20021401360981786,0.8185555523023906,1.7719138768116734E-7
4500000000000.0,0.9596959203745008,0.3158232507164156,0.6024953023134118,48883.17961279792,108.59234703679897,2.1657190153191726E-18,0.20021379714146942,0.8185557294937783,1.7727619004283335E-7
4600000000000.0,0.960177500928565,0.31603537092544737,0.602539997175877,48866.88897794314,108.64300762465727,2.166729368271713E-18,0.2002135805695679,0.8185559067699684,1.773589314915169E-7
4700000000000.0,0.9606473514505482,0.3162438825994174,0.6025842813533228,48850.799195993444,108.69245844109514,2.167715594063907E-18,0.20021336389663108,0.8185560841288999,1.7743969805014972E-7
4800000000000.0,0.9611059605914649,0.3164488765686552,0.6026281581692006,48834.90537082894,108.74074916027506,2.1686786833758635E-18,0.20021314712507168,0.818556261568598,1.775185708098019E-7
4900000000000.0,0.9615537891955717,0.3166504406276787,0.6026716309235349,48819.202808803646,108.78792665009757,2.169619570920812E-18,0.20021293025720335,0.8185564390871687,1.775956262804237E-7
5000000000000.0,0.9619912722570911,0.31684865966606124,0.6027147028929923,48803.68700723308,108.83403516896111,2.1705391393691955E-18,0.20021271329524626,0.818556616682795,1.7767093671204883E-7
5100000000000.0,0.9624188207141208,0.3170436157922143,0.6027573773309486,48788.35364369419,108.87911654618121,2.171438222946874E-18,0.20021249624133233,0.8185567943537317,1.777445703893227E-7
5200000000000.0,0.9628368230953087,0.31723538845055516,0.6027996574675538,48773.198566069594,108.92321034763188,2.1723176107386036E-18,0.20021227909751005,0.8185569720983021,1.7781659190190595E-7
5300000000000.0,0.9632456470331969,0.3174240545324902,0.6028415465097989,48758.21778327508,108.96635402800203,2.1731780497245738E-18,0.20021206186574897,0.818557149914894,1.7788706239302773E-7
5400000000000.0,0.963645640656654,0.3176096884816106,0.6028830476415796,48743.40745661459,109.00858307091299,2.1740202475748516E-18,0.200211844547944,0.8185573278019563,1.7795603978822278E-7
5500000000000.0,0.9640371338735165,0.3177923623934702,0.6029241640237635,48728.76389171247,109.04993111801194,2.1748448752239637E-18,0.20021162714591925,0.8185575057579961,1.7802357900607155E-7
5600000000000.0,0.9644204395533985,0.31797214611028435,0.6029648987942557,48714.28353097757,109.09043008803987,2.1756525692455377E-18,0.20021140966143172,0.8185576837815752,1.7808973215257452E-7
5700000000000.0,0.964795854619616,0.31814910731086277,0.6030052550680673,48699.96294655708,109.13011028677168,2.1764439340449008E-18,0.2002111920961748,0.8185578618713073,1.781545487006257E-7
5800000000000.0,0.9651636610582661,0.31832331159607063,0.6030452359373845,48685.79883374309,109.16900050863458,2.177219543885711E-18,0.2002109744517814,0.818558040025856,1.7821807565590078E-7
5900000000000.0,0.9655241268516961,0.31849482257008616,0.6030848444716387,48671.78800479674,109.20712813073052,2.177979944765104E-18,0.20021075672982702,0.8185582182439317,1.782803577103455E-7
6000000000000.0,0.9658775068428896,0.31866370191770643,0.6031240837175804,48657.92738315908,109.24451919991776,2.178725656150405E-18,0.20021053893183255,0.8185583965242894,1.7834143738433312E-7
6100000000000.0,0.9662240435366553,0.3188300094779346,0.6031629566993532,48644.21399801966,109.28119851354165,2.179457172589194E-18,0.20021032105926692,0.8185585748657268,1.7840135515845467E-7
6200000000000.0,0.9665639678429403,0.31899380331406474,0.6032014664185705,48630.64497921674,109.31718969434904,2.1801749652033636E-18,0.20021010311354967,0.8185587532670819,1.784601495958137E-7
6300000000000.0,0.9668974997670872,0.3191551397804674,0.6032396158543947,48617.217552445014,109.35251526006954,2.1808794830768182E-18,0.20020988509605314,0.8185589317272315,1.7851785745561566E-7
6400000000000.0,0.9672248490513934,0.3193140735862633,0.603277407963618,48603.929034748944,109.38719668810138,2.1815711545455407E-18,0.20020966700810483,0.818559110245089,1.7857451379876465E-7
6500000000000.0,0.9675462157719349,0.31947065785606005,0.6033148456807451,48590.77683028148,109.42125447569916,2.182250388397952E-18,0.20020944885098937,0.8185592888196028,1.7863015208611816E-7
6600000000000.0,0.9678617908942473,0.31962494418791726,0.6033519319180799,48577.75842630949,109.45470819602457,2.1829175749927624E-18,0.20020923062595053,0.8185594674497548,1.7868480426998785E-7
6700000000000.0,0.9681717567911323,0.31977698270869137,0.603388669565812,48564.871389449014,109.48757655038786,2.1835730873008507E-18,0.20020901233419303,0.8185596461345591,1.787385008794214E-7
6800000000000.0,0.9684762877255676,0.3199268221269038,0.6034250614921072,48552.113362114564,109.51987741697904,2.1842172818771415E-18,0.2002087939768843,0.81855982487306,1.7879127109975492E-7
6900000000000.0,0.9687755503014257,0.3200745097832668,0.6034611105431993,48539.48205916804,109.5516278963608,2.1848504997678947E-18,0.20020857555515612,0.8185600036643311,1.7884314284687815E-7
7000000000000.0,0.9690697038844822,0.3202200916989912,0.6034968195434846,48526.97526475384,109.5828443539717,2.1854730673583707E-18,0.20020835707010615,0.818560182507474,1.7889414283661952E-7
7100000000000.0,0.9693589009959648,0.32036361262199414,0.6035321912956172,48514.59082930804,109.61354245986628,2.1860852971653905E-18,0.20020813852279942,0.8185603614016168,1.7894429664962038E-7
7200000000000.0,0.9696432876807127,0.3205051160711161,0.6035672285806085,48502.32666673004,109.64373722589963,2.186687488578929E-18,0.2002079199142697,0.8185605403459134,1.7899362879203734E-7
7300000000000.0,0.9699230038518319,0.32064464437845147,0.6036019341579264,48490.180751706415,109.67344304054592,2.1872799285565198E-18,0.20020770124552084,0.8185607193395422,1.7904216275238247E-7
7400000000000.0,0.9701981836135796,0.3207822387298884,0.6036363107655981,48478.15111717698,109.70267370152497,2.1878628922739468E-18,0.20020748251752798,0.818560898381705,1.7908992105478466E-7
7500000000000.0,0.9704689555640601,0.32091793920395023,0.6036703611203138,48466.23585193433,109.73144244639602,2.1884366437353917E-18,0.20020726373123876,0.8185610774716261,1.79136925308933E-7
7600000000000.0,0.9707354430791915,0.3210517848090224,0.6037040879175325,48454.43309834827,109.75976198126507,2.189001436345962E-18,0.20020704488757438,0.8185612566085514,1.7918319625694042E-7
7700000000000.0,0.9709977645792777,0.3211838135190472,0.6037374938315891,48442.741050207514,109.78764450774023,2.189557513449277E-18,0.20020682598743075,0.8185614357917476,1.792287538173474E-7
7800000000000.0,0.9712560337794147,0.3213140623077609,0.6037705815158041,48431.157950671506,109.81510174825824,2.1901051088325677E-18,0.20020660703167942,0.8185616150205014,1.792736171264663E-7
7900000000000.0,0.9715103599248649,0.32144256718154507,0.6038033536025937,48419.68209032543,109.84214496989637,2.190644447201572E-18,0.20020638802116852,0.8185617942941186,1.7931780457725353E-7
8000000000000.0,0.9717608480124351,0.32156936321095936,0.6038358127035822,48408.31180533257,109.86878500677395,2.1911757446273016E-18,0.2002061689567238,0.8185619736119232,1.7936133385587942E-7
8100000000000.0,0.9720075989988237,0.321694484561019,0.6038679614097149,48397.04547567791,109.89503228114009,2.1916992089666054E-18,0.20020594983914933,0.818562152973257,1.7940422197615273E-7
8200000000000.0,0.9722507099968191,0.3218179645202773,0.6038998022913739,48385.88152349772,109.92089682323702,2.1922150402583155E-18,0.20020573066922842,0.818562332377479,1.7944648531194706E-7
8300000000000.0,0.9724902744601686,0.3219398355287684,0.603931337898493,48374.818411490116,109.94638829002062,2.192723431096603E-18,0.2002055114477244,0.8185625118239643,1.7948813962776142E-7
8400000000000.0,0.9727263823578687,0.3220601292048658,0.6039625707606754,48363.85464140192,109.97151598281447,2.19322456698306E-18,0.20020529217538127,0.8185626913121039,1.7952920010753965E-7
8500000000000.0,0.9729591203385823,0.3221788763711048,0.6039935033873126,48352.988752587415,109.99628886396779,2.193718626658921E-18,0.20020507285292458,0.8185628708413041,1.7956968138186394E-7
8600000000000.0,0.9731885718858216,0.322296107079018,0.6040241382677026,48342.219320634846,110.02071557258188,2.1942057824187028E-18,0.2002048534810619,0.8185630504109854,1.7960959755362777E-7
8700000000000.0,0.9734148174644982,0.3224118506330284,0.6040544778711714,48331.544956057085,110.0448044393654,2.1946862004064717E-18,0.20020463406048367,0.818563230020583,1.796489622222864E-7
8800000000000.0,0.9736379346593955,0.3225261356134433,0.604084524647193,48320.9643030426,110.06856350067453,2.1951600408958562E-18,0.20020441459186364,0.8185634096695452,1.7968778850677697E-7
8900000000000.0,0.9738579983060752,0.3226389898985874,0.6041142810255123,48310.476038263645,110.09200051178931,2.195627458554822E-18,0.20020419507585954,0.8185635893573338,1.7972608906719164E-7
9000000000000.0,0.9740750806146975,0.32275044068611725,0.6041437494162681,48300.07886973837,110.11512295947458,2.1960886026961834E-18,0.2002039755131137,0.8185637690834228,1.7976387612528278E-7
9100000000000.0,0.9742892512871951,0.3228605145135493,0.6041729322101153,48289.771535744025,110.13793807386989,2.196543617514731E-18,0.20020375590425343,0.8185639488472989,1.7980116148387288E-7
9200000000000.0,0.9745005776282154,0.3229692372780389,0.6042018317783502,48279.55280377849,110.16045283974988,2.196992642311803E-18,0.20020353624989168,0.8185641286484604,1.798379565452366E-7
9300000000000.0,0.9747091246502128,0.3230766342554405,0.6042304504730346,48269.42146956758,110.18267400719381,2.1974358117080737E-18,0.20020331655062745,0.8185643084864169,1.798742723285184E-7
9400000000000.0,0.9749149551730462,0.3231827301186823,0.6042587906271212,48259.37635611559,110.20460810169989,2.19787325584527E-18,0.2002030968070463,0.8185644883606892,1.7991011948624383E-7
9500000000000.0,0.9751181299184142,0.3232875489554836,0.6042868545545791,48249.416312797024,110.22626143377795,2.1983051005774828E-18,0.2002028770197207,0.8185646682708088,1.7994550831997911E-7
9600000000000.0,0.9753187075994384,0.32339111428544204,0.6043146445505202,48239.54021448725,110.24764010805166,2.1987314676526982E-18,0.20020265718921065,0.818564848216317,1.7998044879519017E-7
9700000000000.0,0.9755167450056801,0.32349344907651933,0.6043421628913249,48229.74696073,110.26875003189912,2.1991524748851223E-18,0.20020243731606388,0.8185650281967658,1.8001495055534822E-7
9800000000000.0,0.9757122970838614,0.32359457576094863,0.6043694118347694,48220.035474940014,110.28959692365919,2.1995682363188426E-18,0.2002022174008164,0.8185652082117164,1.8004902293532597E-7
9900000000000.0,0.9759054170145407,0.3236945162505892,0.6043963936201523,48210.404703638975,110.3101863204285,2.1999788623833307E-18,0.20020199744399275,0.8185653882607393,1.8008267497412626E-7
10000000000000.0,0.9760961562849759,0.3237932919517498,0.6044231104684216,48200.85361572296,110.33052358547292,2.200384460041252E-18,0.2002017774461065,0.8185655683434143,1.8011591542698076E-7
10100000000000.0,0.9762845647583959,0.32389092377950374,0.6044495645823025,48191.38120176011,110.35061391527569,2.2007851329290305E-18,0.20020155740766052,0.8185657484593297,1.8014875277685585E-7
10200000000000.0,0.9764706907398842,0.32398743217151593,0.6044757581464246,48181.98647331667,110.37046234624265,2.2011809814905763E-18,0.20020133732914722,0.8185659286080825,1.801811952453987E-7
10300000000000.0,0.9766545810390657,0.32408283710140084,0.6045016933274486,48172.66846231035,110.39007376108384,2.201572103104556E-18,0.20020111721104908,0.8185661087892777,1.8021325080335485E-7
10400000000000.0,0.9768362810297769,0.32417715809163156,0.6045273722741943,48163.42622038941,110.40945289488985,2.201958592205578E-18,0.20020089705383876,0.8185662890025286,1.8024492718048775E-7
10500000000000.0,0.9770158347068862,0.3242704142260166,0.6045527971177683,48154.258818336486,110.4286043409195,2.2023405403996178E-18,0.20020067685797954,0.8185664692474557,1.8027623187502684E-7
10600000000000.0,0.9771932847404217,0.32436262416176287,0.604577969971691,48145.16534549577,110.44753255611488,2.20271803657401E-18,0.2002004566239255,0.8185666495236876,1.803071721626706E-7
10700000000000.0,0.9773686725271553,0.32445380614113917,0.6046028929320237,48136.14490922244,110.46624186635857,2.2030911670022947E-18,0.20020023635212184,0.8185668298308598,1.8033775510516882E-7
10800000000000.0,0.977542038239781,0.32454397800275797,0.6046275680774963,48127.19663435357,110.48473647148744,2.2034600154442095E-18,0.20020001604300514,0.8185670101686149,1.8036798755850737E-7
10900000000000.0,0.977713420873814,0.324633157192489,0.6046519974696335,48118.319662699105,110.50302045007497,2.2038246632410684E-18,0.20019979569700358,0.8185671905366024,1.8039787618071525E-7
11000000000000.0,0.9778828582923377,0.3247213607740185,0.6046761831528825,48109.513152552325,110.52109776399598,2.204185189406797E-18,0.20019957531453725,0.8185673709344786,1.804274274393162E-7
11100000000000.0,0.9780503872687093,0.3248086054390692,0.6047001271547386,48100.776278218706,110.53897226278387,2.204541670714832E-18,0.2001993548960183,0.8185675513619061,1.8045664761844179E-7
11200000000000.0,0.9782160435273329,0.3248949075172921,0.6047238314858719,48092.10822956241,110.55664768779229,2.204894181781119E-18,0.20019913444185125,0.8185677318185537,1.804855428256251E-7
11300000000000.0,0.9783798617826005,0.32498028298584414,0.6047472981402536,48083.508211569606,110.57412767617078,2.2052427951434034E-18,0.20019891395243308,0.8185679123040965,1.805141189982909E-7
11400000000000.0,0.9785418757760983,0.3250647474786622,0.604770529095281,48074.975443927855,110.59141576466439,2.2055875813370054E-18,0.20019869342815358,0.8185680928182155,1.805423819099584E-7
11500000000000.0,0.9787021183121644,0.3251483162954457,0.6047935263119032,48066.5091606208,110.60851539324624,2.205928608967268E-18,0.20019847286939543,0.8185682733605975,1.80570337176171E-7
11600000000000.0,0.978860621291885,0.3252310044103577,0.6048162917347464,48058.10860953763,110.62542990859126,2.206265944778835E-18,0.20019825227653454,0.8185684539309346,1.805979902601674E-7
11700000000000.0,0.979017415745607,0.3253128264804564,0.6048388272922378,48049.773052096505,110.64216256739964,2.2065996537219328E-18,0.20019803164994007,0.8185686345289248,1.8062534647830672E-7
11800000000000.0,0.9791725318640437,0.3253937968538649,0.6048611348967303,48041.5017628814,110.65871653957718,2.206929799015798E-18,0.2001978109899747,0.8185688151542714,1.806524110052603E-7
11900000000000.0,0.9793259990280418,0.32547392957769006,0.6048832164446257,48033.294029291785,110.6750949112798,2.207256442209395E-18,0.2001975902969948,0.8185689958066823,1.8067918887898194E-7
12000000000000.0,0.9794778458370776,0.3255532384056992,0.6049050738164987,48025.14915120462,110.69130068782894,2.2075796432395617E-18,0.20019736957135056,0.8185691764858712,1.80705685005467E-7
12100000000000.0,0.9796281001365448,0.32563173680576374,0.604926708877219,48017.066440648174,110.70733679650415,2.2078994604867E-18,0.20019714881338624,0.8185693571915562,1.8073190416331113E-7
12200000000000.0,0.9797767890438953,0.3257094379670774,0.604948123476074,48009.04522148695,110.7232060892191,2.2082159508281495E-18,0.2001969280234402,0.8185695379234604,1.8075785100807905E-7
12300000000000.0,0.9799239389736838,0.32578635480715734,0.6049693194468904,48001.08482911757,110.73891134508617,2.2085291696893293E-18,0.2001967072018451,0.8185697186813113,1.807835300764907E-7
12400000000000.0,0.9800695756615762,0.32586249997863576,0.6049902986081555,47993.18461017489,110.75445527287567,2.20883917109279E-18,0.20019648634892812,0.8185698994648415,1.8080894579043627E-7
12500000000000.0,0.9802137241873659,0.32593788587585015,0.6050110627631383,47985.343922248125,110.76984051337425,2.2091460077052424E-18,0.20019626546501101,0.8185700802737873,1.8083410246082575E-7
12600000000000.0,0.9803564089970466,0.3260125246412372,0.6050316137000094,47977.56213360642,110.78506964164708,2.209449730882678E-18,0.20019604455041023,0.8185702611078898,1.8085900429128225E-7
12700000000000.0,0.980497653923991,0.3260864281715396,0.6050519531919603,47969.838622933574,110.80014516920942,2.2097503907136756E-18,0.20019582360543714,0.818570441966894,1.808836553816867E-7
12800000000000.0,0.980637482209269,0.32615960812383094,0.6050720829973227,47962.1727790715,110.81506954611027,2.2100480360609577E-18,0.20019560263039807,0.8185706228505494,1.8090805973157952E-7
12900000000000.0,0.9807759165211557,0.32623207592136455,0.6050920048596872,47954.564000772116,110.82984516293371,2.2103427146013044E-18,0.20019538162559447,0.8185708037586091,1.809322212434277E-7
13000000000000.0,0.9809129789738561,0.3263038427592534,0.6051117205080209,47947.01169645722,110.84447435272057,2.2106344728638768E-18,0.200195160591323,0.8185709846908303,1.8095614372576156E-7
13100000000000.0,0.9810486911454941,0.32637491960998605,0.6051312316567842,47939.51528398626,110.85895939281492,2.2109233562670448E-18,0.2001949395278757,0.8185711656469741,1.8097983089618951E-7
13200000000000.0,0.9811830740953884,0.32644531722878406,0.6051505400060481,47932.074190431376,110.87330250663815,2.2112094091537676E-18,0.20019471843554007,0.818571346626805,1.810032863842939E-7
13300000000000.0,0.9813161483806585,0.32651504615880705,0.6051696472416094,47924.68785185968,110.88750586539466,2.21149267482561E-18,0.20019449731459915,0.8185715276300914,1.8102651373441537E-7
13400000000000.0,0.9814479340721811,0.32658411673620935,0.6051885550351067,47917.35571312243,110.90157158971142,2.2117731955754446E-18,0.20019427616533167,0.8185717086566051,1.810495164083298E-7
13500000000000.0,0.981578450769934,0.32665253909505443,0.6052072650441344,47910.07722765077,110.91550175121498,2.2120510127188987E-18,0.2001940549880121,0.8185718897061216,1.8107229778782213E-7
13600000000000.0,0.9817077176177514,0.32672032317209065,0.6052257789123571,47902.851857257774,110.92929837404863,2.2123261666246146E-18,0.20019383378291083,0.8185720707784193,1.810948611771636E-7
13700000000000.0,0.981835753317517,0.3267874787113932,0.6052440982696227,47895.67907194672,110.94296343633201,2.2125986967433585E-18,0.20019361255029416,0.8185722518732805,1.8111720980549406E-7
13800000000000.0,0.9819625761428195,0.32685401526887753,0.6052622247320749,47888.55834972509,110.95649887156607,2.2128686416360412E-18,0.2001933912904245,0.8185724329904903,1.8113934682911585E-7
13900000000000.0,0.9820882039520954,0.3269199422166868,0.6052801599022657,47881.48917642442,110.96990656998565,2.213136039000693E-18,0.20019317000356032,0.8185726141298372,1.8116127533370166E-7
14000000000000.0,0.9822126542012816,0.32698526874745937,0.6052979053692656,47874.471045525366,110.98318837986189,2.2134009256984366E-18,0.20019294868995643,0.8185727952911125,1.811829983364206E-7
14100000000000.0,0.9823359439559958,0.327050003878478,0.6053154627087755,47867.50345798825,110.99634610875663,2.213663337778508E-18,0.20019272734986387,0.8185729764741109,1.8120451878798608E-7
14200000000000.0,0.9824580899032702,0.3271141564557064,0.6053328334832347,47860.58592208847,111.00938152473108,2.213923310502358E-18,0.20019250598353008,0.8185731576786296,1.8122583957462883E-7
14300000000000.0,0.9825791083628531,0.327177735157716,0.6053500192419327,47853.71795325683,111.02229635751043,2.2141808783668823E-18,0.20019228459119903,0.8185733389044691,1.812469635199982E-7
14400000000000.0,0.9826990152980993,0.32724074849950624,0.6053670215211144,47846.89907392471,111.03509229960633,2.2144360751268032E-18,0.2001920631731112,0.8185735201514327,1.8126789338699436E-7
14500000000000.0,0.9828178263264665,0.3273032048362223,0.6053838418440909,47840.12881337343,111.0477710073992,2.2146889338162593E-18,0.2001918417295037,0.8185737014193261,1.812886318795352E-7
14600000000000.0,0.9829355567296335,0.3273651123667721,0.6054004817213442,47833.40670758827,111.06033410218187,2.2149394867696167E-18,0.2001916202606103,0.818573882707958,1.8130918164426024E-7
14700000000000.0,0.9830522214632568,0.3274264791373482,0.6054169426506348,47826.73229911662,111.07278317116621,2.2151877656415458E-18,0.20019139876666162,0.8185740640171396,1.8132954527217348E-7
14800000000000.0,0.9831678351663792,0.32748731304485507,0.6054332261171067,47820.10513693004,111.08511976845418,2.215433801426386E-18,0.20019117724788504,0.8185742453466849,1.8134972530022898E-7
14900000000000.0,0.9832824121705076,0.32754762184024616,0.6054493335933924,47813.52477629042,111.09734541597511,2.2156776244768423E-18,0.2001909557045049,0.8185744266964102,1.8136972421286078E-7
15000000000000.0,0.9833959665083705,0.32760741313177266,0.6054652665397169,47806.99077861974,111.10946160439006,2.2159192645220153E-18,0.20019073413674246,0.8185746080661345,1.813895444434591E-7
15100000000000.0,0.9835085119223705,0.32766669438814755,0.6054810264040014,47800.502711373665,111.1214697939651,2.216158750684824E-18,0.200190512544816,0.8185747894556789,1.8140918837579628E-7
15200000000000.0,0.9836200618727431,0.32772547294162685,0.6054966146219659,47794.06014791843,111.13337141541444,2.2163961114988164E-18,0.20019029092894094,0.8185749708648672,1.8142865834540278E-7
15300000000000.0,0.9837306295454336,0.3277837559910106,0.6055120326172307,47787.66266741134,111.14516787071477,2.2166313749244112E-18,0.2001900692893298,0.8185751522935256,1.8144795664089662E-7
15400000000000.0,0.9838402278597046,0.3278415506045665,0.6055272818014178,47781.309854684376,111.1568605338919,2.2168645683645886E-18,0.20018984762619232,0.8185753337414822,1.8146708550526787E-7
15500000000000.0,0.9839488694754841,0.32789886372287774,0.6055423635742517,47775.00130013102,111.16845075178088,2.2170957186800462E-18,0.2001896259397355,0.8185755152085677,1.8148604713711902E-7
15600000000000.0,0.9840565668004635,0.32795570216161846,0.6055572793236593,47768.736599596195,111.17993984476053,2.2173248522038513E-18,0.20018940423016363,0.8185756966946148,1.8150484369186445E-7
15700000000000.0,0.9841633319969574,0.32801207261425763,0.605572030425868,47762.51535426913,111.19132910746349,2.2175519947555995E-18,0.2001891824976784,0.8185758781994585,1.815234772828893E-7
15800000000000.0,0.9842691769885331,0.3280679816546945,0.6055866182455049,47756.337170579034,111.20261980946266,2.2177771716551064E-18,0.2001889607424789,0.8185760597229358,1.8154194998267026E-7
15900000000000.0,0.9843741134664195,0.328123435739827,0.6056010441356935,47750.201660093575,111.21381319593503,2.2180004077356453E-18,0.20018873896476175,0.8185762412648858,1.815602638238591E-7
16000000000000.0,0.9844781528957036,0.3281784412120556,0.6056153094381519,47744.108439420044,111.22491048830375,2.218221727356754E-18,0.20018851716472097,0.8185764228251496,1.8157842080033078E-7
16100000000000.0,0.9845813065213228,0.3282330043017247,0.6056294154832876,47738.05713010912,111.23591288485918,2.2184411544166195E-18,0.20018829534254823,0.8185766044035705,1.815964228681975E-7
16200000000000.0,0.9846835853738617,0.32828713112950114,0.6056433635902935,47732.04735856102,111.2468215613599,2.2186587123640645E-18,0.2001880734984328,0.8185767859999933,1.8161427194678956E-7
16300000000000.0,0.9847850002751589,0.3283408277086964,0.6056571550672424,47726.07875593425,111.25763767161429,2.218874424210147E-18,0.20018785163256156,0.8185769676142652,1.8163196991960494E-7
16400000000000.0,0.9848855618437335,0.3283940999475277,0.605670791211181,47720.15095805652,111.26836234804344,2.219088312539385E-18,0.20018762974511914,0.8185771492462351,1.8164951863522827E-7
16500000000000.0,0.9849852805000372,0.3284469536513264,0.6056842733082233,47714.26360533804,111.27899670222624,2.2193003995206298E-18,0.20018740783628788,0.8185773308957538,1.816669199082204E-7
16600000000000.0,0.9850841664715364,0.3284993945246898,0.6056976026336427,47708.41634268702,111.28954182542704,2.219510706917588E-18,0.20018718590624793,0.8185775125626737,1.8168417551997995E-7
16700000000000.0,0.9851822297976351,0.3285514281735811,0.6057107804519641,47702.60881942718,111.29999878910685,2.2197192560990157E-18,0.20018696395517724,0.8185776942468492,1.8170128721957794E-7
16800000000000.0,0.9852794803344396,0.3286030601073783,0.6057238080170553,47696.84068921746,111.31036864541832,2.2199260680485935E-18,0.20018674198325162,0.8185778759481365,1.817182567245656E-7
16900000000000.0,0.9853759277593754,0.3286542957408724,0.605736686572216,47691.11160997357,111.32065242768557,2.220131163374492E-18,0.20018651999064482,0.8185780576663931,1.8173508572175775E-7
17000000000000.0,0.9854715815756578,0.32870514039621807,0.6057494173502698,47685.42124379167,111.33085115086888,2.220334562318642E-18,0.2001862979775285,0.8185782394014789,1.8175177586799146E-7
17100000000000.0,0.9855664511166243,0.3287555993048365,0.6057620015736509,47679.76925687375,111.34096581201518,2.2205362847657186E-18,0.20018607594407226,0.8185784211532547,1.8176832879086134E-7
17200000000000.0,0.9856605455499341,0.32880567760927293,0.6057744404544934,47674.15531945486,111.35099739069497,2.220736350251854E-18,0.20018585389044377,0.8185786029215836,1.8178474608943282E-7
17300000000000.0,0.9857538738816349,0.32885538036501,0.6057867351947189,47668.57910573221,111.3609468494254,2.2209347779730753E-18,0.20018563181680873,0.8185787847063296,1.818010293349329E-7
17400000000000.0,0.9858464449601088,0.3289047125422364,0.6057988869861233,47663.040293795835,111.37081513408108,2.2211315867934994E-18,0.20018540972333093,0.818578966507359,1.8181718007142064E-7
17500000000000.0,0.9859382674798961,0.3289536790275757,0.6058108970104624,47657.53856556099,111.38060317429216,2.2213267952532692E-18,0.20018518761017226,0.818579148324539,1.818331998164371E-7
17600000000000.0,0.9860293499854041,0.32900228462577225,0.6058227664395385,47652.07360670214,111.39031188383066,2.2215204215762606E-18,0.20018496547749273,0.8185793301577389,1.8184909006163595E-7
17700000000000.0,0.9861197008745036,0.329050534061338,0.6058344964352836,47646.64510658849,111.39994216098518,2.2217124836775546E-18,0.20018474332545058,0.818579512006829,1.8186485227339512E-7
17800000000000.0,0.9862093284020189,0.3290984319801609,0.6058460881498452,47641.25275822106,111.40949488892466,2.2219029991706924E-18,0.2001845211542022,0.8185796938716812,1.818804878934109E-7
17900000000000.0,0.9862982406831114,0.32914598295107594,0.6058575427256686,47635.89625817119,111.41897093605118,2.2220919853747114E-18,0.2001842989639023,0.8185798757521691,1.8189599833927343E-7
18000000000000.0,0.9863864456965665,0.32919319146739784,0.6058688612955798,47630.57530652049,111.42837115634268,2.2222794593209793E-18,0.20018407675470376,0.8185800576481674,1.8191138500502655E-7
18100000000000.0,0.98647395128798,0.3292400619484204,0.6058800449828684,47625.28960680218,111.4376963896855,2.222465437759828E-18,0.20018385452675783,0.8185802395595525,1.8192664926171032E-7
18200000000000.0,0.9865607651728534,0.3292865987408793,0.6058910949013673,47620.038865943745,111.44694746219734,2.2226499371669934E-18,0.20018363228021405,0.8185804214862017,1.8194179245788866E-7
18300000000000.0,0.9866468949395988,0.3293328061203818,0.6059020121555352,47614.822794210915,111.45612518654093,2.222832973749871E-18,0.20018341001522033,0.8185806034279942,1.8195681592016096E-7
18400000000000.0,0.9867323480524551,0.3293786882928044,0.6059127978405356,47609.641105152914,111.46523036222868,2.223014563453592E-18,0.20018318773192295,0.81858078538481,1.8197172095365973E-7
18500000000000.0,0.9868171318543223,0.3294242493956568,0.605923453042317,47604.4935155489,111.47426377591864,2.223194721966926E-18,0.2001829654304666,0.8185809673565311,1.819865088425336E-7
18600000000000.0,0.9869012535695126,0.3294694934994158,0.6059339788376907,47599.37974535565,111.48322620170208,2.223373464728016E-18,0.2001827431109944,0.8185811493430399,1.8200118085041667E-7
18700000000000.0,0.9869847203064239,0.32951442460882885,0.6059443762944097,47594.29951765637,111.49211840138287,2.22355080692995E-18,0.20018252077364793,0.8185813313442207,1.820157382208848E-7
18800000000000.0,0.9870675390601372,0.32955904666418767,0.6059546464712453,47589.25255861072,111.50094112474915,2.22372676352618E-18,0.20018229841856724,0.818581513359959,1.8203018217789904E-7
18900000000000.0,0.9871497167149403,0.3296033635425735,0.6059647904180652,47584.238597405754,111.50969510983727,2.2239013492357856E-18,0.2001820760458909,0.8185816953901411,1.8204451392623642E-7
19000000000000.0,0.9872312600467816,0.3296473790590737,0.6059748091759083,47579.25736620814,111.51838108318856,2.224074578548594E-18,0.20018185365575597,0.818581877434655,1.8205873465190916E-7
19100000000000.0,0.987312175725654,0.3296910969679718,0.605984703777061,47574.30860011722,111.52699976009878,2.224246465730156E-18,0.2001816312482981,0.8185820594933897,1.8207284552257183E-7
19200000000000.0,0.9873924703179138,0.3297345209639101,0.6059944752451322,47569.39203711929,111.53555184486103,2.2244170248265902E-18,0.20018140882365154,0.8185822415662353,1.8208684768791806E-7
19300000000000.0,0.9874721502885337,0.32977765468302744,0.6060041245951272,47564.50741804262,111.54403803100162,2.224586269669286E-18,0.20018118638194907,0.818582423653083,1.821007422800653E-7
19400000000000.0,0.9875512220032961,0.3298205017040709,0.6060136528335214,47559.654486513704,111.55245900150986,2.2247542138794885E-18,0.2001809639233221,0.8185826057538252,1.8211453041393015E-7
19500000000000.0,0.9876296917309247,0.3298630655494828,0.6060230609583335,47554.832988914146,111.56081542906152,2.2249208708727537E-18,0.2001807414479007,0.8185827878683556,1.8212821318759321E-7
19600000000000.0,0.9877075656451582,0.3299053496864643,0.6060323499591975,47550.04267433866,111.56910797623615,2.225086253863283E-18,0.20018051895581362,0.8185829699965688,1.8214179168265366E-7
19700000000000.0,0.9877848498267684,0.3299473575280155,0.6060415208174353,47545.283294553934,111.5773372957288,2.225250375868145E-18,0.20018029644718824,0.8185831521383605,1.8215526696457485E-7
19800000000000.0,0.9878615502655234,0.3299890924339522,0.6060505745061271,47540.554603958226,111.58550403055585,2.2254132497113823E-18,0.20018007392215065,0.8185833342936275,1.8216864008302054E-7
19900000000000.0,0.9879376728620992,0.3300305577119012,0.6060595119901824,47535.85635954187,111.59360881425573,2.2255748880280117E-18,0.20017985138082567,0.8185835164622676,1.8218191207218238E-7
20000000000000.0,0.9880132234299385,0.3300717566182735,0.6060683342264099,47531.18832084867,111.60165227108392,2.2257353032679164E-18,0.20017962882333687,0.8185836986441796,1.8219508395109834E-7
20100000000000.0,0.9880882076970612,0.3301126923592165,0.6060770421635869,47526.55024993791,111.60963501620316,2.2258945076996366E-18,0.20017940624980654,0.8185838808392636,1.8220815672396308E-7
20200000000000.0,0.9881626313078274,0.3301533680915456,0.606085636742528,47521.94191134732,111.61755765586854,2.2260525134140633E-18,0.20017918366035578,0.8185840630474203,1.822211313804302E-7
20300000000000.0,0.9882364998246534,0.3301937869236556,0.6060941188961539,47517.36307205666,111.62542078760784,2.2262093323280334E-18,0.20017896105510444,0.8185842452685517,1.8223400889590677E-7
20400000000000.0,0.9883098187296832,0.3302339519164128,0.6061024895495581,47512.813501452074,111.6332250003972,2.226364976187833E-18,0.2001787384341712,0.8185844275025606,1.822467902318397E-7
20500000000000.0,0.9883825934264168,0.33027386608402803,0.6061107496200745,47508.292971291194,111.64097087483235,2.2265194565726138E-18,0.20017851579767357,0.8185846097493508,1.8225947633599573E-7
20600000000000.0,0.9884548292412951,0.33031353239491024,0.606118900017344,47503.80125566887,111.64865898329518,2.226672784897713E-18,0.2001782931457279,0.8185847920088272,1.8227206814273295E-7
20700000000000.0,0.9885265314252456,0.33035295377250323,0.6061269416433804,47499.33813098363,111.65628989011645,2.226824972417902E-18,0.20017807047844943,0.8185849742808953,1.8228456657326685E-7
20800000000000.0,0.9885977051551873,0.33039213309610366,0.6061348753926354,47494.9033759048,111.66386415173415,2.226976030230538E-18,0.20017784779595219,0.8185851565654618,1.8229697253592821E-7
20900000000000.0,0.9886683555354977,0.33043107320166204,0.6061427021520637,47490.49677134025,111.67138231684783,2.227125969278651E-18,0.20017762509834916,0.8185853388624343,1.8230928692641584E-7
21000000000000.0,0.9887384875994429,0.3304697768825668,0.6061504228011872,47486.11810040472,111.67884492656931,2.2272748003539404E-18,0.20017740238575224,0.8185855211717213,1.8232151062804174E-7
21100000000000.0,0.9888081063105716,0.33050824689041225,0.6061580382121585,47481.76714838881,111.68625251456942,2.2274225340997086E-18,0.2001771796582722,0.8185857034932319,1.8233364451197144E-7
21200000000000.0,0.9888772165640719,0.33054648593574976,0.6061655492498244,47477.44370272866,111.693605607221,2.2275691810137082E-18,0.20017695691601878,0.8185858858268765,1.8234568943745678E-7
21300000000000.0,0.988945823188098,0.33058449668882406,0.6061729567717882,47473.14755297598,111.70090472373872,2.2277147514509334E-18,0.20017673415910067,0.818586068172566,1.8235764625206463E-7
21400000000000.0,0.9890139309450615,0.3306222817802933,0.6061802616284719,47468.878490768824,111.70815037631522,2.2278592556263333E-18,0.20017651138762552,0.8185862505302122,1.823695157918989E-7
21500000000000.0,0.9890815445328907,0.3306598438019351,0.6061874646631777,47464.63630980293,111.71534307025388,2.228002703617462E-18,0.20017628860169995,0.818586432899728,1.8238129888181738E-7
21600000000000.0,0.9891486685862592,0.33069718530733755,0.606194566712149,47460.420805803464,111.72248330409849,2.2281451053670607E-18,0.20017606580142958,0.8185866152810268,1.8239299633564326E-7
21700000000000.0,0.989215307677785,0.33073430881257554,0.6062015686046307,47456.23177649741,111.72957156975974,2.2282864706855855E-18,0.20017584298691904,0.8185867976740232,1.8240460895637183E-7
21800000000000.0,0.9892814663191999,0.33077121679687393,0.6062084711629295,47452.06902158644,111.73660835263867,2.2284268092536653E-18,0.20017562015827198,0.8185869800786322,1.824161375363718E-7
21900000000000.0,0.9893471489624901,0.33080791170325696,0.6062152752024728,47447.93234272023,111.74359413174709,2.2285661306245055E-18,0.20017539731559106,0.8185871624947697,1.8242758285758207E-7
22000000000000.0,0.9894123600010107,0.3308443959391839,0.6062219815318682,47443.8215434704,111.75052937982531,2.2287044442262352E-18,0.200175174458978,0.8185873449223525,1.824389456917038E-7
22100000000000.0,0.9894771037705707,0.33088067187717235,0.6062285909529619,47439.73642930478,111.75741456345678,2.2288417593641942E-18,0.20017495158853357,0.8185875273612983,1.8245022680038763E-7
22200000000000.0,0.9895413845504951,0.33091674185540826,0.6062351042608957,47435.67680756224,111.76425014318028,2.2289780852231694E-18,0.20017472870435762,0.8185877098115251,1.824614269354166E-7
22300000000000.0,0.9896052065646602,0.33095260817834427,0.6062415222441654,47431.642487427955,111.77103657359942,2.2291134308695793E-18,0.2001745058065491,0.8185878922729519,1.8247254683888522E-7
22400000000000.0,0.9896685739825041,0.3309882731172856,0.6062478456846772,47427.633279909096,111.77777430348952,2.229247805253606E-18,0.20017428289520603,0.8185880747454988,1.8248358724337387E-7
22500000000000.0,0.9897314909200138,0.3310237389109639,0.6062540753578041,47423.648997811,111.78446377590193,2.2293812172112744E-18,0.2001740599704255,0.818588257229086,1.8249454887211878E-7
22600000000000.0,0.9897939614406899,0.33105900776610003,0.6062602120324423,47419.68945571369,111.79110542826616,2.229513675466491E-18,0.2001738370323038,0.8185884397236349,1.8250543243917926E-7
22700000000000.0,0.9898559895564871,0.33109408185795525,0.6062662564710661,47415.754469948915,111.79769969248945,2.229645188633027E-18,0.20017361408093626,0.8185886222290674,1.825162386495998E-7
22800000000000.0,0.9899175792287346,0.3311289633308717,0.6062722094297825,47411.8438585775,111.80424699505409,2.2297757652164626E-18,0.20017339111641738,0.818588804745306,1.8252696819956916E-7
22900000000000.0,0.9899787343690333,0.331163654298802,0.6062780716583871,47407.95744136715,111.81074775711261,2.2299054136160816E-18,0.20017316813884087,0.8185889872722741,1.8253762177657576E-7
23000000000000.0,0.9900394588401354,0.33119815684582815,0.6062838439004161,47404.09503977064,111.81720239458083,2.2300341421267305E-18,0.2001729451482995,0.8185891698098959,1.8254820005955958E-7
23100000000000.0,0.9900997564568002,0.3312324730266701,0.6062895268932018,47400.256476904324,111.82361131822853,2.230161958940625E-18,0.2001727221448853,0.818589352358096,1.8255870371905995E-7
23200000000000.0,0.9901596309866322,0.3312666048671848,0.606295121367924,47396.4415775271,111.8299749337684,2.230288872149124E-18,0.2001724991286894,0.8185895349167998,1.825691334173611E-7
23300000000000.0,0.9902190861509015,0.3313005543648552,0.606300628049664,47392.650168019696,111.83629364194287,2.230414889744462E-18,0.20017227609980218,0.8185897174859331,1.8257948980863367E-7
23400000000000.0,0.990278125625343,0.3313343234892691,0.6063060476574553,47388.8820763643,111.842567838609,2.230540019621442E-18,0.2001720530583132,0.818589900065423,1.8258977353907339E-7
23500000000000.0,0.9903367530409392,0.3313679141825895,0.6063113809043368,47385.13713212458,111.8487979148214,2.230664269579089E-18,0.20017183000431124,0.8185900826551965,1.8259998524703637E-7
23600000000000.0,0.9903949719846856,0.3314013283600149,0.6063166284974029,47381.41516642597,111.85498425691358,2.2307876473222716E-18,0.20017160693788427,0.8185902652551817,1.8261012556317198E-7
23700000000000.0,0.9904527860003386,0.33143456791023185,0.6063217911378544,47377.716011936354,111.86112724657717,2.2309101604632837E-18,0.20017138385911953,0.8185904478653073,1.8262019511055206E-7
23800000000000.0,0.9905101985891467,0.33146763469585694,0.6063268695210495,47374.03950284709,111.8672272609397,2.231031816523394E-18,0.20017116076810348,0.8185906304855024,1.8263019450479805E-7
23900000000000.0,0.9905672132105655,0.3315005305538722,0.6063318643365533,47370.38547485423,111.87328467264048,2.231152622934361E-18,0.20017093766492183,0.8185908131156969,1.8264012435420472E-7
24000000000000.0,0.9906238332829583,0.3315332572960505,0.6063367762681867,47366.75376514023,111.87929984990495,2.231272587039914E-18,0.20017071454965954,0.8185909957558213,1.8264998525986157E-7
24100000000000.0,0.9906800621842798,0.33156581670937363,0.6063416059940766,47363.144212355815,111.88527315661746,2.231391716097206E-18,0.20017049142240084,0.8185911784058065,1.8265977781577167E-7
24200000000000.0,0.990735903252745,0.33159821055644206,0.6063463541867037,47359.556656602195,111.89120495239224,2.2315100172782284E-18,0.20017026828322923,0.8185913610655844,1.8266950260896756E-7
24300000000000.0,0.9907913597874852,0.33163044057587726,0.6063510215129508,47355.9909394136,111.8970955926433,2.2316274976712046E-18,0.2001700451322275,0.818591543735087,1.8267916021962518E-7
24400000000000.0,0.9908464350491886,0.33166250848271556,0.6063556086341509,47352.446903740056,111.9029454286523,2.231744164281946E-18,0.20016982196947772,0.8185917264142473,1.826887512211749E-7
24500000000000.0,0.990901132260727,0.33169441596879473,0.6063601162061341,47348.92439393048,111.90875480763552,2.231860024035183E-18,0.2001695987950613,0.8185919091029984,1.8269827618041061E-7
24600000000000.0,0.990955454607769,0.33172616470313415,0.6063645448792745,47345.423255716,111.91452407280887,2.2319750837758676E-18,0.2001693756090589,0.8185920918012746,1.827077356575962E-7
24700000000000.0,0.9910094052393829,0.3317577563323065,0.6063688952985372,47341.94333619358,111.92025356345215,2.2320893502704485E-18,0.20016915241155053,0.8185922745090103,1.827171302065698E-7
24800000000000.0,0.9910629872686221,0.33178919248080324,0.6063731681035239,47338.48448380992,111.92594361497137,2.2322028302081202E-18,0.2001689292026155,0.8185924572261405,1.8272646037484635E-7
24900000000000.0,0.9911162037731021,0.3318204747513928,0.6063773639285194,47335.04654834556,111.93159455896019,2.2323155302020426E-18,0.2001687059823325,0.8185926399526008,1.827357267037173E-7
25000000000000.0,0.9911690577955644,0.33185160472547237,0.6063814834025356,47331.62938089928,111.93720672325996,2.232427456790543E-18,0.20016848275077948,0.8185928226883276,1.827449297283487E-7
25100000000000.0,0.991221552344427,0.3318825839634125,0.6063855271493577,47328.232833872724,111.94278043201837,2.232538616438284E-18,0.2001682595080338,0.8185930054332573,1.8275406997787726E-7
25200000000000.0,0.9912736903943256,0.331913414004896,0.606389495787588,47324.85676095529,111.94831600574715,2.2326490155374124E-18,0.20016803625417215,0.8185931881873273,1.8276314797550417E-7
25300000000000.0,0.991325474886643,0.3319440963692502,0.6063933899306903,47321.50101710922,111.95381376137854,2.232758660408689E-18,0.20016781298927058,0.8185933709504752,1.827721642385875E-7
25400000000000.0,0.9913769087300268,0.3319746325557728,0.6063972101870334,47318.16545855496,111.95927401232035,2.232867557302584E-18,0.20016758971340454,0.8185935537226395,1.8278111927873198E-7
25500000000000.0,0.9914279948008977,0.33200502404405213,0.6064009571599351,47314.84994275672,111.96469706851033,2.232975712400363E-18,0.2001673664266488,0.8185937365037588,1.8279001360187785E-7
25600000000000.0,0.9914787359439462,0.3320352722942808,0.6064046314477044,47311.55432840828,111.97008323646905,2.2330831318151397E-18,0.20016714312907757,0.8185939192937723,1.827988477083871E-7
25700000000000.0,0.9915291349726205,0.3320653787475644,0.6064082336436842,47308.278475418956,111.975432819352,2.2331898215929164E-18,0.2001669198207644,0.8185941020926201,1.8280762209312845E-7
25800000000000.0,0.9915791946696034,0.33209534482622416,0.6064117643362942,47305.02224489987,111.98074611700048,2.2332957877135995E-18,0.20016669650178223,0.8185942849002421,1.8281633724556075E-7
25900000000000.0,0.9916289177872805,0.3321251719340935,0.6064152241090719,47301.78549915038,111.98602342599162,2.2334010360919952E-18,0.20016647317220346,0.8185944677165794,1.8282499364981414E-7
26000000000000.0,0.9916783070481986,0.3321548614568103,0.606418613540715,47298.56810164467,111.99126503968726,2.2335055725787864E-18,0.20016624983209985,0.8185946505415731,1.828335917847703E-7
26100000000000.0,0.9917273651455145,0.33218441476210253,0.606421933205122,47295.36991701868,111.99647124828192,2.233609402961487E-18,0.20016602648154258,0.8185948333751648,1.828421321241405E-7
26200000000000.0,0.9917760947434364,0.33221383320007,0.6064251836714329,47292.19081105705,112.00164233885,2.233712532965385E-18,0.20016580312060228,0.818595016217297,1.8285061513654267E-7
26300000000000.0,0.9918244984776549,0.3322431181034595,0.6064283655040699,47289.0306506804,112.00677859539175,2.23381496825446E-18,0.20016557974934898,0.8185951990679121,1.8285904128557655E-7
26400000000000.0,0.9918725789557663,0.33227227078793664,0.606431479262777,47285.88930393274,112.01188029887861,2.2339167144322848E-18,0.20016535636785215,0.8185953819269534,1.8286741102989764E-7
26500000000000.0,0.9919203387576876,0.332301292552351,0.6064345255026603,47282.76663996909,112.01694772729743,2.2340177770429095E-18,0.20016513297618072,0.8185955647943645,1.8287572482328935E-7
26600000000000.0,0.9919677804360638,0.33233018467899816,0.6064375047742275,47279.662529043264,112.02198115569425,2.234118161571734E-18,0.200164909574403,0.8185957476700892,1.8288398311473453E-7
26700000000000.0,0.992014906516666,0.33235894843387576,0.6064404176234263,47276.576842495815,112.02698085621665,2.2342178734463527E-18,0.20016468616258684,0.8185959305540724,1.8289218634848458E-7
26800000000000.0,0.9920617194987837,0.3323875850669357,0.6064432645916829,47273.509452742226,112.03194709815588,2.234316918037394E-18,0.2001644627407995,0.8185961134462587,1.8290033496412823E-7
26900000000000.0,0.9921082218556077,0.33241609581233134,0.6064460462159416,47270.460233261205,112.03688014798774,2.2344153006593363E-18,0.20016423930910768,0.8185962963465937,1.829084293966582E-7
27000000000000.0,0.9921544160346069,0.3324444818886605,0.6064487630287014,47267.429058583155,112.04178026941301,2.234513026571315E-18,0.20016401586757762,0.8185964792550231,1.8291647007653743E-7
27100000000000.0,0.992200304457898,0.33247274449920433,0.606451415558055,47264.41580427885,112.04664772339692,2.234610100977908E-18,0.20016379241627497,0.8185966621714932,1.8292445742976312E-7
27200000000000.0,0.9922458895226065,0.33250088483216167,0.6064540043277244,47261.42034694825,112.05148276820782,2.234706529029908E-18,0.20016356895526488,0.8185968450959505,1.8293239187793028E-7
27300000000000.0,0.9922911736012233,0.3325289040608791,0.6064565298571001,47258.44256420947,112.05628565945548,2.234802315825087E-18,0.20016334548461198,0.8185970280283424,1.8294027383829396E-7
27400000000000.0,0.992336159041953,0.33255680334407745,0.606458992661276,47255.48233468796,112.06105665012834,2.234897466408936E-18,0.2001631220043804,0.8185972109686163,1.829481037238301E-7
27500000000000.0,0.9923808481690556,0.3325845838260738,0.6064613932510866,47252.539538005694,112.06579599063001,2.234991985775398E-18,0.20016289851463376,0.81859739391672,1.8295588194329534E-7
27600000000000.0,0.9924252432831834,0.33261224663699995,0.6064637321331433,47249.6140547707,112.07050392881563,2.235085878867589E-18,0.2001626750154352,0.8185975768726019,1.82963608901286E-7
27700000000000.0,0.9924693466617093,0.33263979289301626,0.6064660098098694,47246.70576656662,112.0751807100268,2.2351791505784958E-18,0.2001624515068473,0.8185977598362109,1.8297128499829543E-7
27800000000000.0,0.9925131605590516,0.332667223696523,0.606468226779536,47243.81455594243,112.0798265771266,2.2352718057516755E-18,0.20016222798893224,0.8185979428074959,1.8297891063077101E-7
27900000000000.0,0.9925566872069903,0.33269454013636723,0.6064703835362973,47240.94030640233,112.08444177053342,2.2353638491819286E-18,0.20016200446175167,0.8185981257864064,1.8298648619116944E-7
28000000000000.0,0.9925999288149796,0.33272174328804593,0.6064724805702251,47238.08290239577,112.08902652825448,2.235455285615969E-18,0.20016178092536674,0.8185983087728926,1.8299401206801145E-7
28100000000000.0,0.9926428875704537,0.33274883421390594,0.6064745183673431,47235.24222930759,112.0935810859187,2.2355461197530787E-18,0.20016155737983818,0.8185984917669048,1.8300148864593526E-7
28200000000000.0,0.9926855656391278,0.33277581396334066,0.6064764974096617,47232.41817344832,112.0981056768089,2.235636356245749E-18,0.2001613338252262,0.8185986747683934,1.8300891630574957E-7
28300000000000.0,0.9927279651652923,0.3328026835729823,0.6064784181752118,47229.610622044616,112.1026005318935,2.2357259997003153E-18,0.20016111026159056,0.8185988577773097,1.8301629542448494E-7
28400000000000.0,0.9927700882721027,0.33282944406689247,0.6064802811380783,47226.8194632298,112.10706587985757,2.2358150546775737E-18,0.2001608866889906,0.8185990407936051,1.8302362637544455E-7
28500000000000.0,0.9928119370618651,0.3328560964567475,0.6064820867684328,47224.044586034564,112.1115019471335,2.2359035256933946E-18,0.20016066310748512,0.8185992238172315,1.8303090952825443E-7
28600000000000.0,0.9928535136163147,0.3328826417420225,0.606483835532568,47221.28588037775,112.11590895793088,2.2359914172193172E-18,0.20016043951713255,0.818599406848141,1.8303814524891206E-7
28700000000000.0,0.9928948199968902,0.33290908091017074,0.6064855278929294,47218.54323705731,112.12028713426606,2.2360787336831405E-18,0.20016021591799082,0.8185995898862863,1.8304533389983468E-7
28800000000000.0,0.9929358582450045,0.3329354149368011,0.6064871643081482,47215.81654774137,112.12463669599117,2.2361654794695005E-18,0.20015999231011747,0.8185997729316202,1.830524758399067E-7
28900000000000.0,0.9929766303823085,0.33296164478585155,0.6064887452330733,47213.10570495939,112.12895786082244,2.236251658920436E-18,0.20015976869356952,0.8185999559840961,1.830595714245258E-7
29000000000000.0,0.9930171384109522,0.3329877714097602,0.606490271118803,47210.41060209346,112.13325084436836,2.2363372763359492E-18,0.20015954506840364,0.8186001390436675,1.8306662100564914E-7
29100000000000.0,0.9930573843138399,0.3330137957496334,0.6064917424127177,47207.73113336972,112.13751586015707,2.2364223359745545E-18,0.200159321434676,0.8186003221102884,1.830736249318378E-7
29200000000000.0,0.9930973700548815,0.333039718735411,0.6064931595585097,47205.06719384991,112.14175311966333,2.236506842053813E-18,0.2001590977924424,0.8186005051839134,1.8308058354830115E-7
29300000000000.0,0.9931370975792397,0.3330655412860285,0.6064945229962154,47202.41867942293,112.14596283233519,2.2365907987508663E-18,0.2001588741417582,0.818600688264497,1.830874971969398E-7
29400000000000.0,0.9931765688135726,0.33309126430957714,0.6064958331622459,47199.785486796696,112.15014520562003,2.2366742102029558E-18,0.20015865048267834,0.8186008713519941,1.8309436621638888E-7
29500000000000.0,0.9932157856662717,0.3331168887034601,0.6064970904894171,47197.167513489876,112.15430044499021,2.2367570805079336E-18,0.2001584268152573,0.8186010544463603,1.831011909420592E-7
29600000000000.0,0.9932547500276969,0.3331424153545473,0.6064982954069806,47194.56465782398,112.15842875396831,2.2368394137247668E-18,0.20015820313954927,0.8186012375475513,1.8310797170617897E-7
29700000000000.0,0.9932934637704072,0.33316784513932723,0.6064994483406531,47191.9768189153,112.16253033415198,2.2369212138740317E-18,0.2001579794556079,0.818601420655523,1.8311470883783402E-7
29800000000000.0,0.993331928749386,0.33319317892405603,0.6065005497126467,47189.40389666715,112.1666053852382,2.2370024849383986E-18,0.20015775576348652,0.8186016037702318,1.8312140266300754E-7
29900000000000.0,0.9933701468022652,0.33321841756490367,0.6065015999416978,47186.84579176214,112.1706541050474,2.237083230863114E-18,0.20015753206323803,0.8186017868916344,1.8312805350461972E-7
30000000000000.0,0.9934081197495431,0.333243561908099,0.6065025994430975,47184.30240565453,112.17467668954694,2.237163455556466E-18,0.20015730835491494,0.818601970019688,1.8313466168256543E-7
30100000000000.0,0.9934458493948002,0.33326861279007103,0.606503548628719,47181.77364056268,112.17867333287434,2.2372431628902495E-18,0.20015708463856938,0.8186021531543497,1.8314122751375276E-7
30200000000000.0,0.9934833375249107,0.3332935710375887,0.6065044479070477,47179.259399461625,112.18264422736006,2.2373223567002205E-18,0.20015686091425308,0.8186023362955772,1.831477513121399E-7
30300000000000.0,0.9935205859102509,0.33331843746789763,0.6065052976832087,47176.75958607573,112.18658956354992,2.237401040786543E-18,0.2001566371820174,0.8186025194433285,1.8315423338877182E-7
30400000000000.0,0.993557596304904,0.3333432128888559,0.6065060983589957,47174.274104871474,112.19050953022723,2.23747921891423E-18,0.20015641344191332,0.818602702597562,1.8316067405181636E-7
30500000000000.0,0.9935943704468609,0.33336789809906536,0.6065068503328986,47171.802861050244,112.19440431443445,2.2375568948135755E-18,0.20015618969399143,0.8186028857582359,1.8316707360659972E-7
30600000000000.0,0.9936309100582189,0.3333924938880037,0.6065075540001316,47169.345760541284,112.1982741014945,2.2376340721805805E-18,0.20015596593830196,0.8186030689253095,1.83173432355641E-7
30700000000000.0,0.993667216845376,0.33341700103615163,0.6065082097526603,47166.90270999473,112.20211907503182,2.2377107546773714E-18,0.20015574217489474,0.818603252098742,1.8317975059868675E-7
30800000000000.0,0.9937032924992227,0.33344142031511975,0.6065088179792295,47164.473616774696,112.20593941699298,2.2377869459326125E-18,0.20015551840381926,0.8186034352784926,1.831860286327447E-7
30900000000000.0,0.9937391386953315,0.33346575248777227,0.60650937906539,47162.05838895249,112.20973530766715,2.2378626495419132E-18,0.20015529462512466,0.8186036184645211,1.831922667521169E-7
31000000000000.0,0.9937747570941401,0.33348999830834974,0.6065098933935249,47159.65693529986,112.21350692570583,2.237937869068222E-18,0.2001550708388597,0.8186038016567879,1.8319846524843213E-7
31100000000000.0,0.9938101493411371,0.33351415852258864,0.6065103613428768,47157.26916528241,112.21725444814295,2.2380126080422282E-18,0.20015484704507278,0.8186039848552532,1.8320462441067878E-7
31200000000000.0,0.993845317067039,0.33353823386784004,0.6065107832895742,47154.89498905293,112.22097805041392,2.238086869962739E-18,0.20015462324381197,0.8186041680598776,1.8321074452523566E-7
31300000000000.0,0.9938802618879681,0.3335622250731857,0.6065111596066572,47152.5343174451,112.22467790637475,2.238160658297064E-18,0.20015439943512497,0.8186043512706221,1.8321682587590348E-7
31400000000000.0,0.9939149854056257,0.33358613285955274,0.6065114906641034,47150.18706196691,112.22835418832096,2.2382339764813914E-18,0.20015417561905915,0.818604534487448,1.8322286874393564E-7
31500000000000.0,0.9939494892074648,0.3336099579398258,0.6065117768288542,47147.853134794444,112.23200706700602,2.2383068279211546E-18,0.2001539517956615,0.8186047177103167,1.8322887340806828E-7
31600000000000.0,0.993983774866857,0.33363370101895806,0.6065120184648392,47145.53244876562,112.23563671165937,2.2383792159913926E-18,0.2001537279649787,0.8186049009391901,1.832348401445497E-7
31700000000000.0,0.9940178439432592,0.33365736279408026,0.6065122159330025,47143.22491737397,112.23924329000462,2.238451144037113E-18,0.20015350412705712,0.8186050841740302,1.8324076922717022E-7
31800000000000.0,0.9940516979823766,0.3336809439546079,0.6065123695913271,47140.93045476263,112.24282696827694,2.2385226153736382E-18,0.2001532802819427,0.8186052674147996,1.832466609272903E-7
31900000000000.0,0.9940853385163233,0.33370444518234665,0.6065124797948597,47138.64897571829,112.24638791124048,2.2385936332869538E-18,0.20015305642968118,0.8186054506614604,1.8325251551386926E-7
32000000000000.0,0.994118767063781,0.3337278671515966,0.6065125468957353,47136.38039566517,112.24992628220555,2.2386642010340505E-18,0.20015283257031785,0.8186056339139759,1.832583332534931E-7
32100000000000.0,0.9941519851301546,0.3337512105292538,0.6065125712432019,47134.124630659266,112.25344224304541,2.2387343218432583E-18,0.20015260870389776,0.8186058171723092,1.8326411441040198E-7
32200000000000.0,0.9941849942077249,0.33377447597491106,0.6065125531836442,47131.88159738246,112.25693595421275,2.238803998914577E-18,0.20015238483046557,0.8186060004364236,1.8326985924651723E-7
32300000000000.0,0.9942177957758012,0.33379766414095724,0.6065124930606078,47129.651213136785,112.26040757475614,2.2388732354200028E-18,0.2001521609500657,0.8186061837062828,1.832755680214681E-7
32400000000000.0,0.9942503913008683,0.33382077567267443,0.6065123912148231,47127.433395838816,112.26385726233609,2.2389420345038485E-18,0.20015193706274215,0.8186063669818509,1.8328124099261786E-7
32500000000000.0,0.9942827822367344,0.33384381120833356,0.6065122479842284,47125.22806401397,112.26728517324081,2.2390103992830595E-18,0.2001517131685387,0.8186065502630918,1.832868784150899E-7
32600000000000.0,0.9943149700246744,0.33386677137928916,0.6065120637039932,47123.03513679107,112.27069146240183,2.2390783328475232E-18,0.20015148926749876,0.8186067335499703,1.8329248054179273E-7
32700000000000.0,0.9943469560935727,0.333889656810072,0.6065118387065425,47120.85453389678,112.27407628340949,2.239145838260379E-18,0.2001512653596655,0.8186069168424508,1.8329804762344565E-7
32800000000000.0,0.9943787418600629,0.3339124681184803,0.6065115733215777,47118.68617565025,112.27743978852787,2.2392129185583173E-18,0.20015104144508167,0.8186071001404984,1.8330357990860305E-7
32900000000000.0,0.9944103287286652,0.33393520591567044,0.6065112678761012,47116.52998295777,112.28078212870986,2.2392795767518763E-18,0.20015081752378983,0.8186072834440783,1.8330907764367884E-7
33000000000000.0,0.994441718091923,0.33395787080624434,0.6065109226944383,47114.38587730743,112.28410345361182,2.2393458158257384E-18,0.20015059359583215,0.818607466753156,1.8331454107297046E-7
33100000000000.0,0.9944729113305366,0.3339804633883378,0.6065105380982588,47112.25378076398,112.28740391160797,2.239411638739015E-18,0.20015036966125058,0.818607650067697,1.8331997043868255E-7
33200000000000.0,0.9945039098134945,0.3340029842537055,0.6065101144066003,47110.1336159636,112.29068364980476,2.2394770484255343E-18,0.20015014572008671,0.8186078333876674,1.8332536598095022E-7
33300000000000.0,0.9945347148982037,0.33402543398780604,0.6065096519358898,47108.02530610878,112.29394281405493,2.23954204779412E-18,0.20014992177238186,0.8186080167130334,1.8333072793786196E-7
33400000000000.0,0.9945653279306174,0.3340478131698848,0.6065091509999649,47105.92877496336,112.2971815489712,2.2396066397288663E-18,0.20014969781817707,0.8186082000437614,1.8333605654548214E-7
33500000000000.0,0.9945957502453615,0.3340701223730559,0.6065086119100962,47103.84394684746,112.3003999979401,2.239670827089412E-18,0.20014947385751308,0.818608383379818,1.8334135203787347E-7
33600000000000.0,0.9946259831658588,0.3340923621643828,0.606508034975008,47101.770746632596,112.3035983031354,2.2397346127112103E-18,0.20014924989043037,0.81860856672117,1.8334661464711905E-7
33700000000000.0,0.9946560280044512,0.33411453310495787,0.6065074205009006,47099.70909973675,112.30677660553121,2.2397979994057875E-18,0.2001490259169691,0.8186087500677847,1.833518446033436E-7
33800000000000.0,0.9946858860625208,0.3341366357499802,0.6065067687914697,47097.6589321196,112.30993504491532,2.2398609899610113E-18,0.20014880193716916,0.8186089334196293,1.8335704213473537E-7
33900000000000.0,0.9947155586306085,0.334158670648833,0.6065060801479285,47095.62017027774,112.31307375990177,2.2399235871413404E-18,0.20014857795107016,0.8186091167766714,1.8336220746756654E-7
34000000000000.0,0.9947450469885313,0.33418063834515893,0.6065053548690286,47093.59274123993,112.31619288794381,2.2399857936880834E-18,0.20014835395871144,0.8186093001388789,1.8336734082621446E-7
34100000000000.0,0.9947743524054982,0.3342025393769352,0.606504593251079,47091.576572562495,112.3192925653463,2.2400476123196454E-18,0.20014812996013207,0.8186094835062196,1.8337244243318186E-7
34200000000000.0,0.9948034761402238,0.33422437427654655,0.6065037955879679,47089.57159232465,112.32237292727798,2.240109045731774E-18,0.20014790595537083,0.8186096668786621,1.8337751250911695E-7
34300000000000.0,0.9948324194410413,0.3342461435708579,0.6065029621711823,47087.577729124016,112.32543410778388,2.240170096597805E-18,0.20014768194446625,0.8186098502561746,1.8338255127283355E-7
34400000000000.0,0.9948611835460122,0.33426784778128565,0.6065020932898281,47085.59491207203,112.32847623979704,2.240230767568898E-18,0.20014745792745658,0.8186100336387259,1.8338755894133028E-7
34500000000000.0,0.9948897696830363,0.33428948742386777,0.6065011892306494,47083.62307078955,112.33149945515052,2.240291061274275E-18,0.20014723390437983,0.8186102170262849,1.833925357298102E-7
34600000000000.0,0.9949181790699596,0.33431106300933294,0.6065002502780493,47081.66213540241,112.33450388458904,2.2403509803214523E-18,0.2001470098752737,0.8186104004188206,1.833974818516998E-7
34700000000000.0,0.9949464129146792,0.33433257504316855,0.606499276714108,47079.71203653707,112.33748965778042,2.240410527296469E-18,0.20014678584017567,0.8186105838163025,1.8340239751866755E-7
34800000000000.0,0.9949744724152495,0.3343540240256878,0.6064982688186027,47077.772705316325,112.34045690332697,2.240469704764114E-18,0.20014656179912294,0.8186107672187,1.8340728294064283E-7
34900000000000.0,0.9950023587599842,0.334375410452096,0.6064972268690273,47075.844073354994,112.34340574877668,2.24052851526815E-18,0.20014633775215246,0.8186109506259829,1.8341213832583375E-7
35000000000000.0,0.995030073127559,0.3343967348125552,0.6064961511406105,47073.926072755734,112.34633632063424,2.240586961331532E-18,0.20014611369930094,0.8186111340381212,1.8341696388074545E-7
35100000000000.0,0.9950576166871116,0.33441799759224844,0.6064950419063347,47072.01863610483,112.34924874437198,2.2406450454566254E-18,0.2001458896406048,0.8186113174550851,1.834217598101978E-7
35200000000000.0,0.9950849905983403,0.3344391992714429,0.6064938994369553,47070.12169646817,112.35214314444048,2.2407027701254196E-18,0.20014566557610028,0.8186115008768449,1.8342652631734287E-7
35300000000000.0,0.9951121960116033,0.3344603403255519,0.6064927240010191,47068.23518738699,112.35501964427934,2.240760137799741E-18,0.20014544150582328,0.8186116843033712,1.8343126360368242E-7
35400000000000.0,0.9951392340680131,0.3344814212251964,0.6064915158648816,47066.359042873984,112.35787836632747,2.2408171509214578E-18,0.2001452174298095,0.8186118677346348,1.8343597186908458E-7
35500000000000.0,0.9951661058995327,0.3345024424362654,0.6064902752927266,47064.49319740921,112.36071943203353,2.2408738119126907E-18,0.2001449933480944,0.8186120511706066,1.8344065131180118E-7
35600000000000.0,0.9951928126290688,0.33452340441997497,0.606489002546583,47062.637585936216,112.36354296186595,2.240930123176009E-18,0.20014476926071323,0.818612234611258,1.8344530212848383E-7
35700000000000.0,0.9952193553705646,0.33454430763292714,0.6064876978863436,47060.79214385805,112.36634907532306,2.240986087094637E-18,0.20014454516770092,0.81861241805656,1.8344992451420065E-7
35800000000000.0,0.9952457352290912,0.33456515252716745,0.6064863615697826,47058.95680703344,112.36913789094301,2.2410417060326486E-18,0.20014432106909222,0.8186126015064846,1.8345451866245234E-7
35900000000000.0,0.9952719533009378,0.3345859395502419,0.6064849938525726,47057.131511772954,112.37190952631349,2.2410969823351613E-18,0.2001440969649216,0.8186127849610033,1.8345908476518798E-7
36000000000000.0,0.9952980106736998,0.3346066691452529,0.6064835949883025,47055.31619483518,112.37466409808141,2.2411519183285314E-18,0.20014387285522336,0.818612968420088,1.8346362301282116E-7
36100000000000.0,0.9953239084263673,0.3346273417509142,0.606482165228495,47053.510793423025,112.37740172196234,2.2412065163205402E-18,0.20014364874003154,0.8186131518837111,1.83468133594245E-7
36200000000000.0,0.9953496476294109,0.33464795780160594,0.6064807048226232,47051.71524517997,112.38012251274996,2.2412607786005836E-18,0.20014342461937992,0.8186133353518447,1.834726166968478E-7
36300000000000.0,0.9953752293448676,0.3346685177274275,0.6064792140181279,47049.92948818642,112.38282658432533,2.241314707439856E-18,0.20014320049330206,0.8186135188244613,1.8347707250652813E-7
36400000000000.0,0.9954006546264245,0.33468902195425054,0.6064776930604344,47048.15346095604,112.38551404966594,2.241368305091532E-18,0.20014297636183132,0.8186137023015339,1.8348150120770957E-7
36500000000000.0,0.9954259245195027,0.33470947090377146,0.6064761421929691,47046.3871024322,112.38818502085486,2.2414215737909483E-18,0.2001427522250008,0.8186138857830351,1.8348590298335572E-7
36600000000000.0,0.9954510400613394,0.3347298649935616,0.6064745616571758,47044.63035198438,112.39083960908962,2.2414745157557803E-18,0.2001425280828434,0.8186140692689381,1.834902780149845E-7
36700000000000.0,0.9954760022810677,0.3347502046371192,0.6064729516925328,47042.883149404675,112.39347792469091,2.241527133186217E-18,0.20014230393539184,0.8186142527592161,1.8349462648268271E-7
36800000000000.0,0.9955008121997979,0.3347704902439182,0.6064713125365684,47041.1454349043,112.39610007711134,2.2415794282651328E-18,0.20014207978267853,0.8186144362538426,1.8349894856511986E-7
36900000000000.0,0.9955254708306955,0.33479072221945705,0.6064696444248778,47039.41714911014,112.39870617494402,2.2416314031582633E-18,0.20014185562473572,0.818614619752791,1.8350324443956273E-7
37000000000000.0,0.9955499791790601,0.33481090096530824,0.6064679475911383,47037.698233061325,112.40129632593096,2.241683060014368E-18,0.2001416314615954,0.8186148032560355,1.835075142818885E-7
37100000000000.0,0.9955743382424012,0.3348310268791649,0.606466222267126,47035.988628205894,112.40387063697148,2.241734400965401E-18,0.2001414072932894,0.8186149867635498,1.835117582665989E-7
37200000000000.0,0.9955985490105147,0.3348511003548882,0.6064644686827304,47034.28827639739,112.40642921413037,2.2417854281266734E-18,0.2001411831198493,0.8186151702753081,1.8351597656683345E-7
37300000000000.0,0.9956226124655583,0.33487112178255374,0.6064626870659713,47032.597119891594,112.40897216264615,2.2418361435970162E-18,0.20014095894130648,0.8186153537912847,1.8352016935438273E-7
37400000000000.0,0.995646529582125,0.3348910915484971,0.6064608776430134,47030.91510134324,112.41149958693904,2.2418865494589418E-18,0.20014073475769212,0.818615537311454,1.8352433679970164E-7
37500000000000.0,0.9956703013273157,0.3349110100353586,0.6064590406381817,47029.24216380275,112.41401159061887,2.2419366477787997E-18,0.20014051056903717,0.8186157208357908,1.8352847907192222E-7
37600000000000.0,0.9956939286608124,0.3349308776221281,0.6064571762739769,47027.578250713064,112.41650827649292,2.2419864406069337E-18,0.2001402863753724,0.8186159043642699,1.8353259633886638E-7
37700000000000.0,0.9957174125349489,0.3349506946841881,0.6064552847710906,47025.923305906406,112.41898974657376,2.2420359299778393E-18,0.20014006217672833,0.8186160878968662,1.835366887670589E-7
37800000000000.0,0.9957407538947812,0.33497046159335747,0.60645336634842,47024.27727360121,112.42145610208676,2.2420851179103117E-18,0.20013983797313534,0.818616271433555,1.8354075652173934E-7
37900000000000.0,0.9957639536781573,0.33499017871793363,0.6064514212230823,47022.64009839892,112.42390744347776,2.242134006407599E-18,0.20013961376462355,0.8186164549743115,1.8354479976687497E-7
38000000000000.0,0.9957870128157859,0.33500984642273435,0.6064494496104303,47021.011725281,112.42634387042042,2.2421825974575502E-18,0.2001393895512229,0.8186166385191113,1.8354881866517254E-7
38100000000000.0,0.9958099322313029,0.33502946506913917,0.6064474517240668,47019.39209960577,112.42876548182366,2.2422308930327614E-18,0.20013916533296316,0.81861682206793,1.8355281337809021E-7
38200000000000.0,0.9958327128413405,0.33504903501513017,0.6064454277758581,47017.78116710551,112.43117237583887,2.2422788950907227E-18,0.20013894110987387,0.8186170056207432,1.8355678406585E-7
38300000000000.0,0.9958553555555915,0.33506855661533175,0.6064433779759494,47016.17887388336,112.43356464986717,2.2423266055739592E-18,0.20013871688198437,0.8186171891775273,1.835607308874488E-7
38400000000000.0,0.9958778612768752,0.33508803022105055,0.6064413025327785,47014.58516641041,112.43594240056636,2.2423740264101734E-18,0.20013849264932382,0.8186173727382582,1.8356465400067043E-7
38500000000000.0,0.9959002309012026,0.3351074561803145,0.6064392016530898,47012.99999152278,112.43830572385815,2.2424211595123857E-18,0.20013826841192117,0.8186175563029122,1.8356855356209687E-7
38600000000000.0,0.9959224653178393,0.33512683483791117,0.6064370755419488,47011.42329641866,112.44065471493494,2.242468006779073E-18,0.2001380441698052,0.8186177398714658,1.835724297271198E-7
38700000000000.0,0.995944565409369,0.3351461665354253,0.606434924402755,47009.855028655475,112.44298946826666,2.2425145700943024E-18,0.20013781992300453,0.8186179234438955,1.8357628264995145E-7
38800000000000.0,0.995966532051755,0.335165451611277,0.6064327484372567,47008.29513614702,112.44531007760756,2.242560851327869E-18,0.2001375956715475,0.8186181070201782,1.8358011248363582E-7
38900000000000.0,0.9959883661144027,0.3351846904007579,0.6064305478455639,47006.743567160665,112.44761663600292,2.2426068523354267E-18,0.20013737141546237,0.8186182906002907,1.8358391938005956E-7
39000000000000.0,0.9960100684602192,0.3352038832360678,0.6064283228261619,47005.20027031451,112.44990923579557,2.242652574958622E-18,0.20013714715477712,0.8186184741842101,1.8358770348996274E-7
39100000000000.0,0.9960316399456741,0.33522303044635077,0.6064260735759248,47003.6651945747,112.45218796863247,2.2426980210252222E-18,0.20013692288951962,0.8186186577719136,1.835914649629494E-7
39200000000000.0,0.9960530814208585,0.33524213235773004,0.6064238002901288,47002.138289252594,112.45445292547114,2.242743192349245E-18,0.20013669861971753,0.8186188413633785,1.8359520394749833E-7
39300000000000.0,0.9960743937295432,0.33526118929334325,0.6064215031624653,47000.61950400213,112.45670419658599,2.242788090731084E-18,0.2001364743453983,0.8186190249585825,1.8359892059097293E-7
39400000000000.0,0.9960955777092381,0.3352802015733766,0.6064191823850541,46999.10878881706,112.45894187157472,2.242832717957638E-18,0.20013625006658922,0.818619208557503,1.8360261503963237E-7
39500000000000.0,0.9961166341912475,0.33529916951509925,0.6064168381484557,46997.606094028386,112.46116603936444,2.2428770758024297E-18,0.20013602578331743,0.8186193921601181,1.8360628743864072E-7
39600000000000.0,0.9961375640007272,0.3353180934328959,0.6064144706416851,46996.11137030163,112.46337678821773,2.242921166025731E-18,0.20013580149560986,0.8186195757664055,1.8360993793207757E-7
39700000000000.0,0.9961583679567411,0.33533697363830073,0.6064120800522235,46994.62456863432,112.46557420573892,2.2429649903746845E-18,0.20013557720349326,0.8186197593763435,1.83613566662948E-7
39800000000000.0,0.9961790468723155,0.33535581044002916,0.6064096665660319,46993.14564035327,112.46775837887992,2.243008550583422E-18,0.20013535290699422,0.8186199429899101,1.83617173773192E-7
39900000000000.0,0.9961996015544944,0.33537460414401055,0.6064072303675632,46991.674537112194,112.46992939394627,2.243051848373184E-18,0.20013512860613916,0.8186201266070839,1.8362075940369437E-7
40000000000000.0,0.9962200328043929,0.3353933550534195,0.6064047716397741,46990.21121088902,112.47208733660293,2.243094885452435E-18,0.20013490430095432,0.8186203102278433,1.836243236942944E-7
40100000000000.0,0.9962403414172506,0.3354120634687072,0.6064022905641381,46988.755613983456,112.47423229188003,2.24313766351698E-18,0.20013467999146578,0.818620493852167,1.8362786678379503E-7
40200000000000.0,0.9962605281824849,0.33543072968763243,0.6063997873206575,46987.30769901448,112.47636434417876,2.2431801842500796E-18,0.20013445567769944,0.8186206774800338,1.8363138880997257E-7
40300000000000.0,0.996280593883742,0.3354493540052914,0.6063972620878751,46985.86741891787,112.47848357727685,2.2432224493225608E-18,0.200134231359681,0.8186208611114226,1.8363488990958552E-7
40400000000000.0,0.9963005392989491,0.33546793671414826,0.6063947150428866,46984.434726943786,112.48059007433426,2.2432644603929304E-18,0.20013400703743606,0.8186210447463125,1.8363837021838406E-7
40500000000000.0,0.9963203652003656,0.3354864781040646,0.6063921463613525,46983.00957665432,112.48268391789875,2.243306219107485E-18,0.20013378271099003,0.8186212283846828,1.8364182987111892E-7
40600000000000.0,0.9963400723546323,0.33550497846232846,0.6063895562175099,46981.591921921136,112.48476518991123,2.2433477271004187E-18,0.20013355838036812,0.8186214120265126,1.8364526900155033E-7
40700000000000.0,0.9963596615228227,0.3355234380736832,0.6063869447841841,46980.18171692304,112.4868339717113,2.243388985993934E-18,0.2001333340455954,0.8186215956717816,1.836486877424568E-7
40800000000000.0,0.9963791334604909,0.33554185722035584,0.6063843122327995,46978.77891614368,112.48889034404252,2.243429997398345E-18,0.20013310970669682,0.8186217793204693,1.836520862256441E-7
40900000000000.0,0.9963984889177204,0.33556023618208497,0.6063816587333924,46977.383474369235,112.49093438705766,2.243470762912185E-18,0.20013288536369708,0.8186219629725555,1.8365546458195346E-7
41000000000000.0,0.9964177286391729,0.3355785752361488,0.6063789844546218,46975.995346686024,112.49296618032405,2.2435112841223097E-18,0.2001326610166208,0.8186221466280201,1.8365882294127042E-7
41100000000000.0,0.9964368533641352,0.3355968746573919,0.6063762895637802,46974.614488478306,112.49498580282864,2.2435515626040014E-18,0.20013243666549238,0.8186223302868431,1.8366216143253327E-7
41200000000000.0,0.9964558638265666,0.33561513471825266,0.6063735742268057,46973.24085542595,112.49699333298314,2.243591599921069E-18,0.20013221231033612,0.8186225139490045,1.836654801837411E-7
41300000000000.0,0.9964747607551446,0.3356333556887892,0.6063708386082923,46971.87440350224,112.49898884862907,2.2436313976259506E-18,0.20013198795117612,0.8186226976144847,1.8366877932196243E-7
41400000000000.0,0.9964935448733124,0.3356515378367064,0.6063680828715015,46970.51508897162,112.50097242704283,2.243670957259813E-18,0.20013176358803636,0.818622881283264,1.8367205897334314E-7
41500000000000.0,0.9965122168993231,0.3356696814273808,0.6063653071783729,46969.16286838747,112.50294414494057,2.2437102803526508E-18,0.20013153922094062,0.818623064955323,1.8367531926311475E-7
41600000000000.0,0.9965307775462846,0.33568778672388677,0.6063625116895355,46967.81769859001,112.50490407848301,2.2437493684233797E-18,0.2001313148499126,0.8186232486306423,1.836785603156018E-7
41700000000000.0,0.9965492275222052,0.3357058539870215,0.6063596965643174,46966.47953670404,112.50685230328047,2.2437882229799404E-18,0.20013109047497574,0.8186234323092025,1.8368178225423074E-7
41800000000000.0,0.996567567530036,0.33572388347532983,0.6063568619607579,46965.14834013685,112.50878889439741,2.2438268455193852E-18,0.20013086609615344,0.8186236159909849,1.8368498520153669E-7
41900000000000.0,0.9965857982677157,0.3357418754451286,0.606354008035617,46963.82406657607,112.51071392635738,2.2438652375279805E-18,0.2001306417134689,0.81862379967597,1.8368816927917195E-7
42000000000000.0,0.9966039204282131,0.33575983015053146,0.6063511349443861,46962.506673987555,112.51262747314753,2.2439034004812936E-18,0.20013041732694514,0.8186239833641393,1.8369133460791316E-7
42100000000000.0,0.9966219346995695,0.3357777478434719,0.6063482428412986,46961.19612061339,112.51452960822333,2.243941335844289E-18,0.20013019293660508,0.8186241670554739,1.8369448130766905E-7
42200000000000.0,0.9966398417649414,0.33579562877372743,0.6063453318793403,46959.89236496969,112.51642040451313,2.2439790450714184E-18,0.2001299685424715,0.8186243507499552,1.83697609497488E-7
42300000000000.0,0.9966576423026416,0.33581347318894234,0.6063424022102591,46958.59536584463,112.51829993442269,2.2440165296067107E-18,0.200129744144567,0.8186245344475648,1.8370071929556513E-7
42400000000000.0,0.9966753369861803,0.335831281334651,0.6063394539845757,46957.30508229642,112.52016826983959,2.2440537908838613E-18,0.20012951974291404,0.8186247181482841,1.837038108192498E-7
42500000000000.0,0.9966929264843063,0.3358490534543008,0.6063364873515928,46956.021473651235,112.52202548213776,2.244090830326321E-18,0.20012929533753496,0.8186249018520948,1.8370688418505303E-7
42600000000000.0,0.9967104114610467,0.3358667897892739,0.6063335024594064,46954.74449950129,112.52387164218179,2.2441276493473826E-18,0.20012907092845192,0.8186250855589791,1.8370993950865412E-7
42700000000000.0,0.9967277925757475,0.33588449057890934,0.6063304994549148,46953.474119702856,112.52570682033128,2.244164249350268E-18,0.200128846515687,0.8186252692689185,1.8371297690490834E-7
42800000000000.0,0.9967450704831126,0.33590215606052537,0.6063274784838283,46952.21029437421,112.52753108644517,2.244200631728213E-18,0.20012862209926205,0.8186254529818955,1.8371599648785343E-7
42900000000000.0,0.9967622458332427,0.3359197864694406,0.6063244396906793,46950.95298389382,112.5293445098859,2.244236797864553E-18,0.20012839767919888,0.8186256366978919,1.8371899837071686E-7
43000000000000.0,0.9967793192716741,0.3359373820389949,0.6063213832188317,46949.70214889837,112.53114715952367,2.2442727491328056E-18,0.2001281732555191,0.8186258204168902,1.8372198266592248E-7
43100000000000.0,0.9967962914394174,0.3359549430005711,0.6063183092104906,46948.45775028077,112.53293910374063,2.2443084868967544E-18,0.2001279488282442,0.818626004138873,1.8372494948509742E-7
43200000000000.0,0.9968131629729946,0.3359724695836151,0.6063152178067114,46947.21974918847,112.53472041043487,2.2443440125105302E-18,0.2001277243973955,0.8186261878638225,1.8372789893907876E-7
43300000000000.0,0.9968299345044764,0.33598996201565645,0.6063121091474103,46945.988107021345,112.5364911470246,2.2443793273186927E-18,0.20012749996299425,0.8186263715917214,1.837308311379202E-7
43400000000000.0,0.9968466066615198,0.3360074205223286,0.6063089833713718,46944.76278543002,112.53825138045208,2.244414432656309E-18,0.20012727552506152,0.8186265553225526,1.8373374619089833E-7
43500000000000.0,0.9968631800674044,0.33602484532738874,0.60630584061626,46943.54374631396,112.54000117718768,2.244449329849036E-18,0.20012705108361825,0.8186267390562987,1.8373664420651974E-7
43600000000000.0,0.9968796553410687,0.3360422366527375,0.6063026810186259,46942.33095181965,112.54174060323378,2.2444840202131967E-18,0.20012682663868528,0.8186269227929429,1.837395252925269E-7
43700000000000.0,0.9968960330971464,0.3360595947184381,0.606299504713918,46941.12436433874,112.54346972412871,2.2445185050558597E-18,0.20012660219028325,0.8186271065324682,1.8374238955590488E-7
43800000000000.0,0.9969123139460007,0.33607691974273585,0.6062963118364901,46939.92394650637,112.54518860495051,2.2445527856749124E-18,0.20012637773843275,0.8186272902748578,1.8374523710288713E-7
43900000000000.0,0.9969284984937609,0.33609421194207695,0.6062931025196111,46938.72966119927,112.54689731032087,2.2445868633591433E-18,0.2001261532831542,0.8186274740200948,1.8374806803896253E-7
44000000000000.0,0.9969445873423562,0.33611147153112675,0.6062898768954732,46937.5414715341,112.54859590440883,2.2446207393883108E-18,0.20012592882446786,0.8186276577681629,1.837508824688808E-7
44100000000000.0,0.9969605810895504,0.33612869872278905,0.6062866350952014,46936.359340865616,112.55028445093454,2.244654415033223E-18,0.20012570436239394,0.8186278415190453,1.8375368049665898E-7
44200000000000.0,0.9969764803289755,0.33614589372822357,0.6062833772488616,46935.18323278501,112.55196301317291,2.244687891555807E-18,0.20012547989695242,0.8186280252727258,1.8375646222558738E-7
44300000000000.0,0.9969922856501668,0.33616305675686425,0.6062801034854698,46934.01311111815,112.55363165395745,2.2447211702091874E-18,0.20012525542816326,0.8186282090291881,1.837592277582357E-7
44400000000000.0,0.9970079976385945,0.3361801880164365,0.6062768139329999,46932.84893992387,112.55529043568367,2.2447542522377536E-18,0.20012503095604622,0.8186283927884158,1.8376197719645865E-7
44500000000000.0,0.9970236168756978,0.3361972877129758,0.6062735087183929,46931.69068349234,112.55693942031282,2.2447871388772336E-18,0.200124806480621,0.818628576550393,1.837647106414021E-7
44600000000000.0,0.9970391439389173,0.336214356050844,0.6062701879675649,46930.53830634336,112.55857866937532,2.2448198313547646E-18,0.2001245820019071,0.8186287603151037,1.8376742819350867E-7
44700000000000.0,0.9970545794017277,0.3362313932327466,0.6062668518054163,46929.391773224685,112.56020824397447,2.2448523308889634E-18,0.20012435751992397,0.8186289440825318,1.837701299525237E-7
44800000000000.0,0.997069923833669,0.33624839945975016,0.6062635003558382,46928.251049110404,112.56182820478973,2.2448846386899957E-18,0.20012413303469087,0.8186291278526618,1.8377281601750074E-7
44900000000000.0,0.9970851778003789,0.3362653749312985,0.6062601337417232,46927.11609919931,112.56343861208026,2.2449167559596436E-18,0.200123908546227,0.8186293116254779,1.8377548648680707E-7
45000000000000.0,0.997100341863624,0.33628231984522916,0.6062567520849712,46925.98688891328,112.56503952568832,2.244948683891376E-18,0.20012368405455142,0.8186294954009643,1.8377814145812968E-7
45100000000000.0,0.9971154165813308,0.3362992343977897,0.6062533555064992,46924.863383895674,112.56663100504262,2.244980423670414E-18,0.20012345955968303,0.8186296791791058,1.837807810284804E-7
45200000000000.0,0.9971304025076172,0.33631611878365414,0.6062499441262478,46923.74555000975,112.56821310916176,2.2450119764737973E-18,0.20012323506164065,0.8186298629598868,1.8378340529420145E-7
45300000000000.0,0.9971453001928219,0.3363329731959383,0.6062465180631909,46922.63335333705,112.56978589665745,2.2450433434704543E-18,0.200123010560443,0.8186300467432921,1.8378601435097112E-7
45400000000000.0,0.9971601101835345,0.33634979782621566,0.6062430774353419,46921.52676017594,112.57134942573771,2.24507452582126E-18,0.20012278605610864,0.8186302305293065,1.8378860829380853E-7
45500000000000.0,0.9971748330226264,0.33636659286453274,0.6062396223597628,46920.42573703995,112.57290375421033,2.2451055246791083E-18,0.20012256154865607,0.8186304143179148,1.8379118721707948E-7
45600000000000.0,0.9971894692492801,0.3363833584994248,0.6062361529525709,46919.33025065629,112.5744489394859,2.245136341188971E-18,0.20012233703810361,0.818630598109102,1.8379375121450155E-7
45700000000000.0,0.9972040193990174,0.3364000949179305,0.6062326693289475,46918.240267964335,112.57598503858108,2.2451669764879646E-18,0.2001221125244695,0.8186307819028532,1.8379630037914917E-7
45800000000000.0,0.9972184840037298,0.33641680230560683,0.6062291716031445,46917.155756114094,112.57751210812171,2.2451974317054093E-18,0.20012188800777184,0.8186309656991536,1.8379883480345868E-7
45900000000000.0,0.9972328635917064,0.3364334808465441,0.6062256598884934,46916.07668246472,112.57903020434595,2.2452277079628956E-18,0.20012166348802868,0.8186311494979884,1.8380135457923385E-7
46000000000000.0,0.9972471586876623,0.33645013072338037,0.6062221342974108,46915.00301458305,112.58053938310732,2.2452578063743416E-18,0.2001214389652579,0.818631333299343,1.838038597976503E-7
46100000000000.0,0.9972613698127668,0.33646675211731564,0.6062185949414078,46913.93472024209,112.58203969987777,2.2452877280460562E-18,0.20012121443947725,0.8186315171032028,1.8380635054926103E-7
46200000000000.0,0.997275497484672,0.3364833452081264,0.6062150419310961,46912.87176741957,112.58353120975084,2.2453174740768018E-18,0.20012098991070446,0.8186317009095533,1.8380882692400117E-7
46300000000000.0,0.9972895422175395,0.3364999101741793,0.6062114753761958,46911.81412429654,112.5850139674445,2.2453470455578486E-18,0.20012076537895704,0.8186318847183802,1.838112890111928E-7
46400000000000.0,0.9973035045220684,0.33651644719244533,0.6062078953855426,46910.76175925585,112.58648802730414,2.245376443573039E-18,0.2001205408442525,0.8186320685296692,1.838137368995499E-7
46500000000000.0,0.9973173849055212,0.3365329564385134,0.6062043020670952,46909.71464088082,112.58795344330557,2.245405669198843E-18,0.20012031630660812,0.8186322523434062,1.83816170677183E-7
46600000000000.0,0.9973311838717523,0.3365494380866036,0.606200695527942,46908.672737953726,112.58941026905788,2.2454347235044167E-18,0.2001200917660412,0.8186324361595768,1.8381859043160416E-7
46700000000000.0,0.9973449019212335,0.336565892309581,0.6061970758743086,46907.63601945452,112.59085855780638,2.245463607551662E-18,0.20011986722256886,0.8186326199781673,1.8382099624973152E-7
46800000000000.0,0.9973585395510798,0.3365823192789689,0.6061934432115645,46906.60445455935,112.5922983624354,2.2454923223952814E-18,0.2001196426762081,0.8186328037991635,1.83823388217894E-7
46900000000000.0,0.9973720972550771,0.33659871916496115,0.60618979764423,46905.57801263918,112.5937297354711,2.245520869082834E-18,0.20011941812697587,0.8186329876225518,1.8382576642183587E-7
47000000000000.0,0.9973855755237062,0.3366150921364359,0.6061861392759835,46904.55666325851,112.59515272908436,2.2455492486547926E-18,0.20011919357488897,0.8186331714483182,1.8382813094672138E-7
47100000000000.0,0.99739897484417,0.33663143836096765,0.6061824682096684,46903.540376173936,112.59656739509353,2.245577462144601E-18,0.2001189690199641,0.8186333552764491,1.8383048187713935E-7
47200000000000.0,0.9974122957004172,0.3366477580048404,0.6061787845472992,46902.529121332824,112.59797378496707,2.2456055105787236E-18,0.2001187444622179,0.8186335391069309,1.8383281929710756E-7
47300000000000.0,0.9974255385731686,0.3366640512330599,0.6061750883900691,46901.52286887203,112.5993719498264,2.245633394976704E-18,0.20011851990166682,0.8186337229397502,1.8383514329007707E-7
47400000000000.0,0.9974387039399414,0.3366803182093659,0.6061713798383558,46900.52158911649,112.60076194044859,2.245661116351218E-18,0.2001182953383273,0.8186339067748936,1.8383745393893698E-7
47500000000000.0,0.9974517922750743,0.336696559096244,0.6061676589917285,46899.52525257798,112.60214380726896,2.2456886757081264E-18,0.2001180707722157,0.8186340906123475,1.8383975132601852E-7
47600000000000.0,0.9974648040497506,0.33671277405493827,0.606163925948955,46898.533829953805,112.6035176003837,2.245716074046526E-18,0.20011784620334813,0.8186342744520988,1.838420355330993E-7
47700000000000.0,0.9974777397320244,0.33672896324546253,0.6061601808080076,46897.54729212549,112.60488336955271,2.2457433123588067E-18,0.20011762163174074,0.8186344582941343,1.8384430664140798E-7
47800000000000.0,0.997490599786842,0.3367451268266125,0.6061564236660696,46896.565610157486,112.60624116420185,2.2457703916306963E-18,0.2001173970574095,0.818634642138441,1.8384656473162796E-7
47900000000000.0,0.9975033846760681,0.336761264955977,0.606152654619542,46895.58875529595,112.60759103342582,2.2457973128413186E-18,0.20011717248037034,0.8186348259850057,1.8384880988390198E-7
48000000000000.0,0.9975160948585075,0.3367773777899499,0.6061488737640494,46894.61669896743,112.60893302599055,2.2458240769632404E-18,0.20011694790063905,0.8186350098338155,1.838510421778363E-7
48100000000000.0,0.9975287307899288,0.33679346548374106,0.6061450811944467,46893.64941277768,112.61026719033575,2.245850684962522E-18,0.20011672331823135,0.8186351936848577,1.8385326169250438E-7
48200000000000.0,0.997541292923088,0.3368095281913877,0.6061412770048253,46892.68686851037,112.61159357457743,2.2458771377987685E-18,0.20011649873316287,0.8186353775381194,1.838554685064515E-7
48300000000000.0,0.9975537817077512,0.3368255660657649,0.6061374612885194,46891.72903812586,112.61291222651039,2.2459034364251796E-18,0.20011627414544908,0.818635561393588,1.838576626976986E-7
48400000000000.0,0.9975661975907161,0.33684157925859753,0.6061336341381117,46890.77589376001,112.61422319361063,2.245929581788595E-18,0.20011604955510542,0.8186357452512507,1.8385984434374603E-7
48500000000000.0,0.9975785410158355,0.3368575679204702,0.6061297956454399,46889.827407722965,112.61552652303776,2.245955574829547E-18,0.20011582496214725,0.8186359291110951,1.838620135215779E-7
48600000000000.0,0.9975908124240398,0.33687353220083804,0.6061259459016024,46888.88355249792,112.61682226163754,2.245981416482306E-18,0.20011560036658976,0.8186361129731086,1.8386417030766584E-7
48700000000000.0,0.9976030122533577,0.3368894722480379,0.6061220849969648,46887.94430073998,112.6181104559441,2.2460071076749297E-18,0.20011537576844812,0.8186362968372788,1.838663147779729E-7
48800000000000.0,0.9976151409389391,0.33690538820929816,0.6061182130211653,46887.009625274964,112.61939115218243,2.2460326493293084E-18,0.20011515116773734,0.8186364807035936,1.8386844700795734E-7
48900000000000.0,0.9976271989130767,0.3369212802307492,0.606114330063121,46886.07949909819,112.6206643962707,2.2460580423612147E-18,0.2001149265644724,0.8186366645720407,1.838705670725767E-7
49000000000000.0,0.9976391866052267,0.3369371484574335,0.6061104362110337,46885.15389537336,112.62193023382252,2.2460832876803475E-18,0.20011470195866818,0.8186368484426076,1.8387267504629142E-7
49100000000000.0,0.9976511044420301,0.33695299303331594,0.6061065315523957,46884.23278743143,112.6231887101493,2.2461083861903766E-18,0.2001144773503394,0.8186370323152827,1.838747710030684E-7
49200000000000.0,0.9976629528473345,0.3369688141012934,0.6061026161739952,46883.31614876941,112.62443987026252,2.246133338788993E-18,0.2001142527395008,0.8186372161900538,1.8387685501638517E-7
49300000000000.0,0.997674732242214,0.3369846118032051,0.6060986901619224,46882.40395304924,112.62568375887592,2.2461581463679476E-18,0.2001140281261669,0.8186374000669088,1.8387892715923312E-7
49400000000000.0,0.9976864430449908,0.33700038627984197,0.606094753601575,46881.49617409671,112.62692042040791,2.2461828098131024E-18,0.20011380351035227,0.818637583945836,1.838809875041216E-7
49500000000000.0,0.9976980856712542,0.3370161376709564,0.6060908065776643,46880.5927859003,112.6281498989836,2.2462073300044688E-18,0.2001135788920713,0.8186377678268234,1.8388303612308112E-7
49600000000000.0,0.9977096605338828,0.3370318661152715,0.6060868491742198,46879.69376261006,112.62937223843709,2.2462317078162562E-18,0.20011335427133828,0.8186379517098595,1.8388507308766728E-7
49700000000000.0,0.9977211680430627,0.3370475717504911,0.6060828814745951,46878.79907853657,112.63058748231362,2.2462559441169113E-18,0.2001131296481675,0.8186381355949327,1.8388709846896397E-7
49800000000000.0,0.9977326086063091,0.33706325471330845,0.606078903561474,46877.908708149786,112.63179567387184,2.2462800397691667E-18,0.2001129050225731,0.8186383194820311,1.8388911233758739E-7
49900000000000.0,0.9977439826284845,0.3370789151394157,0.606074915516875,46877.022626078004,112.63299685608573,2.2463039956300766E-18,0.20011268039456911,0.8186385033711434,1.8389111476368907E-7
50000000000000.0,0.9977552905118195,0.3370945531635129,0.6060709174221577,46876.14080710676,112.63419107164692,2.2463278125510646E-18,0.20011245576416956,0.8186386872622582,1.838931058169595E-7
50100000000000.0,0.9977665326559315,0.33711016891931705,0.6060669093580273,46875.26322617779,112.63537836296675,2.2463514913779637E-18,0.2001122311313883,0.818638871155364,1.8389508556663167E-7
50200000000000.0,0.9977777094578436,0.33712576253957105,0.6060628914045401,46874.38985838793,112.63655877217816,2.246375032951056E-18,0.20011200649623914,0.8186390550504496,1.8389705408148428E-7
50300000000000.0,0.9977888213120051,0.3371413341560522,0.6060588636411086,46873.52067898811,112.63773234113813,2.2463984381051185E-18,0.20011178185873585,0.8186392389475037,1.8389901142984536E-7
50400000000000.0,0.9977998686103086,0.3371568838995813,0.6060548261465079,46872.65566338231,112.63889911142941,2.2464217076694596E-18,0.20011155721889204,0.8186394228465151,1.8390095767959534E-7
50500000000000.0,0.9978108517421094,0.33717241190003105,0.6060507789988787,46871.794787126484,112.6400591243626,2.2464448424679603E-18,0.20011133257672128,0.8186396067474728,1.8390289289817043E-7
50600000000000.0,0.997821771094245,0.3371879182863343,0.6060467222757346,46870.93802592759,112.64121242097826,2.246467843319116E-18,0.20011110793223705,0.8186397906503656,1.839048171525661E-7
50700000000000.0,0.997832627051052,0.33720340318649294,0.6060426560539657,46870.085355642565,112.64235904204892,2.2464907110360763E-18,0.2001108832854527,0.8186399745551829,1.839067305093401E-7
50800000000000.0,0.997843419994385,0.33721886672758583,0.6060385804098444,46869.236752277255,112.64349902808088,2.2465134464266817E-18,0.2001106586363816,0.8186401584619133,1.8390863303461586E-7
50900000000000.0,0.9978541503036344,0.33723430903577717,0.6060344954190302,46868.3921919855,112.6446324193163,2.2465360502935035E-18,0.20011043398503697,0.8186403423705464,1.839105247940853E-7
51000000000000.0,0.9978648183557457,0.3372497302363249,0.6060304011565745,46867.551651068075,112.6457592557352,2.2465585234338877E-18,0.20011020933143195,0.8186405262810712,1.839124058530128E-7
51100000000000.0,0.9978754245252348,0.33726513045358797,0.6060262976969257,46866.71510597177,112.64687957705723,2.2465808666399845E-18,0.2001099846755796,0.8186407101934771,1.839142762762373E-7
51200000000000.0,0.9978859691842074,0.3372805098110351,0.6060221851139342,46865.882533288335,112.64799342274364,2.2466030806987925E-18,0.20010976001749295,0.8186408941077533,1.839161361281764E-7
51300000000000.0,0.9978964527023754,0.33729586843125203,0.6060180634808567,46865.053909753566,112.64910083199916,2.2466251663921945E-18,0.20010953535718487,0.8186410780238894,1.8391798547282855E-7
51400000000000.0,0.9979068754470757,0.33731120643595003,0.6060139328703619,46864.229212246304,112.65020184377396,2.246647124496995E-18,0.20010931069466822,0.8186412619418749,1.839198243737769E-7
51500000000000.0,0.9979172377832858,0.33732652394597284,0.6060097933545342,46863.40841778754,112.65129649676541,2.2466689557849582E-18,0.20010908602995578,0.8186414458616993,1.8392165289419186E-7
51600000000000.0,0.9979275400736414,0.3373418210813046,0.6060056450048795,46862.59150353936,112.65238482941997,2.2466906610228436E-18,0.2001088613630602,0.8186416297833522,1.8392347109683422E-7
51700000000000.0,0.997937782678453,0.3373570979610776,0.6060014878923291,46861.77844680414,112.65346687993491,2.246712240972441E-18,0.2001086366939941,0.8186418137068233,1.8392527904405806E-7
51800000000000.0,0.9979479659557232,0.33737235470357907,0.6059973220872444,46860.9692250235,112.65454268626029,2.2467336963906105E-18,0.20010841202277,0.8186419976321023,1.8392707679781394E-7
51900000000000.0,0.9979580902611628,0.3373875914262593,0.605993147659422,46860.163815777414,112.65561228610063,2.246755028029315E-18,0.20010818734940036,0.8186421815591791,1.8392886441965156E-7
52000000000000.0,0.9979681559482074,0.3374028082457387,0.605988964678098,46859.36219678331,112.65667571691681,2.2467762366356565E-18,0.20010796267389755,0.8186423654880436,1.8393064197072284E-7
52100000000000.0,0.9979781633680335,0.3374180052778145,0.6059847732119523,46858.56434589514,112.65773301592762,2.2467973229519125E-18,0.20010773799627388,0.8186425494186855,1.8393240951178465E-7
52200000000000.0,0.9979881128695749,0.3374331826374685,0.6059805733291133,46857.770241102444,112.65878422011176,2.2468182877155695E-18,0.20010751331654159,0.818642733351095,1.8393416710320184E-7
52300000000000.0,0.9979980047995385,0.337448340438874,0.6059763650971625,46856.97986052951,112.6598293662094,2.2468391316593575E-18,0.2001072886347128,0.8186429172852622,1.8393591480494993E-7
52400000000000.0,0.9980078395024202,0.3374634787954023,0.6059721485831386,46856.19318243446,112.66086849072396,2.246859855511285E-18,0.20010706395079964,0.8186431012211769,1.83937652676618E-7
52500000000000.0,0.9980176173205207,0.3374785978196303,0.6059679238535423,46855.41018520833,112.6619016299238,2.246880459994673E-18,0.2001068392648141,0.8186432851588296,1.8393938077741138E-7
52600000000000.0,0.9980273385939609,0.3374936976233471,0.6059636909743401,46854.63084737426,112.66292881984391,2.2469009458281873E-18,0.2001066145767681,0.8186434690982104,1.8394109916615444E-7
52700000000000.0,0.9980370036606981,0.3375087783175603,0.6059594500109693,46853.85514758652,112.66395009628766,2.2469213137258753E-18,0.2001063898866735,0.8186436530393095,1.839428079012935E-7
52800000000000.0,0.9980466128565404,0.3375238400125033,0.6059552010283418,46853.083064629725,112.6649654948283,2.246941564397194E-18,0.20010616519454213,0.8186438369821174,1.8394450704089918E-7
52900000000000.0,0.9980561665151624,0.3375388828176415,0.605950944090848,46852.31457741799,112.66597505081073,2.2469616985470477E-18,0.2001059405003857,0.8186440209266245,1.8394619664266946E-7
53000000000000.0,0.9980656649681204,0.3375539068416793,0.6059466792623625,46851.549664993974,112.66697879935319,2.2469817168758185E-18,0.20010571580421582,0.8186442048728212,1.8394787676393213E-7
53100000000000.0,0.9980751085448669,0.33756891219256563,0.6059424066062459,46850.788306528164,112.66797677534868,2.2470016200793983E-18,0.20010549110604414,0.8186443888206979,1.839495474616475E-7
53200000000000.0,0.9980844975727664,0.33758389897750174,0.6059381261853513,46850.03048131792,112.66896901346674,2.247021408849221E-18,0.20010526640588214,0.8186445727702454,1.8395120879241099E-7
53300000000000.0,0.9980938323771087,0.33759886730294614,0.6059338380620269,46849.2761687867,112.66995554815497,2.2470410838722947E-18,0.20010504170374124,0.8186447567214542,1.8395286081245574E-7
53400000000000.0,0.9981031132811243,0.33761381727462203,0.6059295422981206,46848.525348483265,112.6709364136406,2.2470606458312326E-18,0.20010481699963287,0.8186449406743149,1.8395450357765525E-7
53500000000000.0,0.9981123406059997,0.3376287489975226,0.6059252389549843,46847.778000080754,112.67191164393215,2.247080095404286E-18,0.20010459229356828,0.8186451246288186,1.8395613714352582E-7
53600000000000.0,0.9981215146708902,0.3376436625759178,0.6059209280934774,46847.03410337594,112.67288127282087,2.2470994332653727E-18,0.20010436758555875,0.8186453085849557,1.839577615652293E-7
53700000000000.0,0.9981306357929349,0.3376585581133604,0.605916609773971,46846.29363828845,112.67384533388231,2.2471186600841097E-18,0.20010414287561543,0.8186454925427172,1.8395937689757535E-7
53800000000000.0,0.9981397042872708,0.33767343571269104,0.6059122840563518,46845.55658485988,112.67480386047787,2.247137776525842E-18,0.20010391816374942,0.8186456765020942,1.839609831950239E-7
53900000000000.0,0.9981487204670468,0.3376882954760457,0.6059079510000258,46844.82292325304,112.67575688575629,2.2471567832516733E-18,0.20010369344997178,0.8186458604630773,1.8396258051168795E-7
54000000000000.0,0.9981576846434377,0.3377031375048602,0.6059036106639231,46844.092633751185,112.67670444265522,2.2471756809184993E-18,0.20010346873429347,0.8186460444256578,1.839641689013359E-7
54100000000000.0,0.9981665971256576,0.3377179618998772,0.6058992631065003,46843.365696757166,112.67764656390264,2.247194470179031E-18,0.20010324401672538,0.8186462283898267,1.8396574841739373E-7
54200000000000.0,0.9981754582209735,0.33773276876115077,0.6058949083857454,46842.64209279273,112.67858328201828,2.2472131516818294E-18,0.20010301929727836,0.8186464123555751,1.8396731911294762E-7
54300000000000.0,0.9981842682347202,0.33774755818805324,0.6058905465591812,46841.92180249765,112.67951462931528,2.2472317260713333E-18,0.2001027945759632,0.8186465963228943,1.8396888104074648E-7
54400000000000.0,0.9981930274703115,0.3377623302792802,0.6058861776838691,46841.20480662904,112.6804406379014,2.2472501939878855E-18,0.2001025698527906,0.8186467802917753,1.8397043425320391E-7
54500000000000.0,0.998201736229255,0.33777708513285626,0.6058818018164132,46840.49108606055,112.68136133968066,2.247268556067767E-18,0.2001023451277712,0.8186469642622095,1.8397197880240104E-7
54600000000000.0,0.9982103948111658,0.3377918228461404,0.6058774190129631,46839.78062178164,112.68227676635473,2.2472868129432215E-18,0.2001021204009156,0.8186471482341884,1.8397351474008854E-7
54700000000000.0,0.9982190035137781,0.3378065435158316,0.6058730293292182,46839.073394896746,112.68318694942423,2.247304965242484E-18,0.2001018956722343,0.8186473322077031,1.8397504211768895E-7
54800000000000.0,0.9982275626329594,0.3378212472379743,0.6058686328204315,46838.36938662467,112.6840919201903,2.247323013589811E-18,0.20010167094173778,0.8186475161827452,1.8397656098629927E-7
54900000000000.0,0.9982360724627226,0.33783593410796386,0.6058642295414126,46837.668578297686,112.6849917097558,2.247340958605505E-18,0.20010144620943643,0.8186477001593062,1.8397807139669271E-7
55000000000000.0,0.9982445332952392,0.33785060422055146,0.6058598195465317,46836.97095136094,112.68588634902693,2.247358800905945E-18,0.20010122147534057,0.8186478841373775,1.839795733993215E-7
55100000000000.0,0.9982529454208527,0.3378652576698497,0.6058554028897232,46836.276487371615,112.68677586871443,2.2473765411036136E-18,0.20010099673946047,0.818648068116951,1.8398106704431882E-7
55200000000000.0,0.9982613091280896,0.33787989454933814,0.6058509796244888,46835.58516799827,112.68766029933498,2.2473941798071218E-18,0.20010077200180637,0.8186482520980181,1.83982552381501E-7
55300000000000.0,0.9982696247036732,0.3378945149518674,0.6058465498039014,46834.896975020114,112.68853967121258,2.247411717621239E-18,0.20010054726238838,0.8186484360805704,1.8398402946036996E-7
55400000000000.0,0.9982778924325358,0.3379091189696652,0.6058421134806085,46834.21189032623,112.68941401447991,2.2474291551469176E-18,0.20010032252121662,0.8186486200645998,1.8398549833011523E-7
55500000000000.0,0.99828611259783,0.33792370669434124,0.6058376707068351,46833.529895914944,112.6902833590795,2.247446492981319E-18,0.2001000977783011,0.8186488040500982,1.8398695903961592E-7
55600000000000.0,0.998294285480942,0.3379382782168918,0.6058332215343882,46832.85097389311,112.69114773476525,2.2474637317178425E-18,0.2000998730336518,0.8186489880370572,1.8398841163744335E-7
55700000000000.0,0.9983024113615041,0.3379528336277052,0.6058287660146587,46832.17510647532,112.6920071711037,2.2474808719461496E-18,0.2000996482872786,0.8186491720254689,1.8398985617186278E-7
55800000000000.0,0.9983104905174052,0.337967373016566,0.6058243041986264,46831.502275983345,112.69286169747522,2.2474979142521905E-18,0.2000994235391914,0.8186493560153251,1.8399129269083575E-7
55900000000000.0,0.9983185232248042,0.33798189647266075,0.6058198361368619,46830.832464845334,112.6937113430754,2.247514859218229E-18,0.2000991987894,0.8186495400066177,1.839927212420221E-7
56000000000000.0,0.9983265097581402,0.3379964040845822,0.6058153618795307,46830.16565559521,112.69455613691626,2.2475317074228686E-18,0.20009897403791407,0.818649723999339,1.8399414187278207E-7
56100000000000.0,0.9983344503901457,0.33801089594033407,0.6058108814763958,46829.501830871915,112.6953961078275,2.2475484594410767E-18,0.20009874928474333,0.8186499079934809,1.839955546301782E-7
56200000000000.0,0.9983423453918581,0.33802537212733597,0.6058063949768222,46828.84097341882,112.69623128445794,2.247565115844212E-18,0.20009852452989738,0.8186500919890355,1.8399695956097776E-7
56300000000000.0,0.9983501950326296,0.338039832732428,0.6058019024297785,46828.183066082966,112.69706169527643,2.2475816772000464E-18,0.20009829977338578,0.818650275985995,1.8399835671165434E-7
56400000000000.0,0.9983579995801414,0.3380542778418752,0.6057974038838415,46827.528091814456,112.69788736857348,2.2475981440727922E-18,0.20009807501521806,0.8186504599843518,1.839997461283903E-7
56500000000000.0,0.9983657593004123,0.3380687075413721,0.6057928993871984,46826.87603366581,112.6987083324621,2.2476145170231247E-18,0.20009785025540366,0.8186506439840979,1.8400112785707835E-7
56600000000000.0,0.9983734744578114,0.3380831219160476,0.6057883889876502,46826.22687479125,112.69952461487934,2.2476307966082067E-18,0.20009762549395196,0.8186508279852258,1.8400250194332384E-7
56700000000000.0,0.9983811453150698,0.3380975210504693,0.6057838727326148,46825.58059844608,112.70033624358729,2.247646983381715E-18,0.20009740073087232,0.8186510119877277,1.8400386843244662E-7
56800000000000.0,0.99838877213329,0.3381119050286476,0.6057793506691306,46824.93718798604,112.70114324617434,2.2476630778938595E-18,0.200097175966174,0.8186511959915961,1.84005227369483E-7
56900000000000.0,0.9983963551719588,0.3381262739340405,0.6057748228438589,46824.29662686669,112.70194565005647,2.247679080691413E-18,0.2000969511998662,0.8186513799968235,1.8400657879918783E-7
57000000000000.0,0.9984038946889567,0.3381406278495577,0.605770289303087,46823.65889864273,112.70274348247825,2.2476949923177294E-18,0.20009672643195814,0.8186515640034023,1.8400792276603597E-7
57100000000000.0,0.9984113909405702,0.3381549668575649,0.6057657500927315,46823.02398696735,112.70353677051415,2.2477108133127708E-18,0.2000965016624589,0.818651748011325,1.84009259314225E-7
57200000000000.0,0.9984188441815003,0.33816929103988846,0.6057612052583413,46822.39187559169,112.70432554106958,2.2477265442131263E-18,0.20009627689137757,0.8186519320205844,1.8401058848767616E-7
57300000000000.0,0.9984262546648754,0.33818360047781887,0.6057566548451001,46821.76254836413,112.70510982088211,2.247742185552039E-18,0.20009605211872314,0.8186521160311728,1.8401191033003692E-7
57400000000000.0,0.9984336226422613,0.3381978952521158,0.6057520988978299,46821.135989229726,112.70588963652267,2.247757737859428E-18,0.2000958273445046,0.8186523000430832,1.8401322488468257E-7
57500000000000.0,0.9984409483636711,0.33821217544301163,0.6057475374609937,46820.51218222953,112.7066650143966,2.24777320166191E-18,0.2000956025687308,0.8186524840563081,1.8401453219471823E-7
57600000000000.0,0.9984482320775763,0.3382264411302156,0.6057429705786984,46819.891111500074,112.7074359807448,2.247788577482822E-18,0.20009537779141062,0.8186526680708403,1.8401583230298064E-7
57700000000000.0,0.9984554740309165,0.3382406923929182,0.6057383982946971,46819.27276127265,112.70820256164484,2.2478038658422443E-18,0.20009515301255287,0.8186528520866726,1.8401712525203966E-7
57800000000000.0,0.9984626744691101,0.338254929309795,0.6057338206523931,46818.65711587282,112.70896478301204,2.24781906725702E-18,0.2000949282321663,0.8186530361037978,1.840184110842005E-7
57900000000000.0,0.9984698336360648,0.33826915195901053,0.6057292376948417,46818.044159719735,112.70972267060064,2.247834182240782E-18,0.20009470345025956,0.8186532201222089,1.8401968984150554E-7
58000000000000.0,0.9984769517741866,0.3382833604182222,0.6057246494647537,46817.433877325595,112.71047625000482,2.2478492113039686E-18,0.20009447866684135,0.8186534041418988,1.8402096156573547E-7
58100000000000.0,0.9984840291243908,0.3382975547645847,0.6057200560044976,46816.826253295025,112.71122554665979,2.2478641549538488E-18,0.20009425388192023,0.8186535881628603,1.8402222629841196E-7
58200000000000.0,0.9984910659261121,0.338311735074753,0.6057154573561028,46816.221272324525,112.71197058584296,2.2478790136945445E-18,0.20009402909550472,0.8186537721850866,1.840234840807987E-7
58300000000000.0,0.9984980624173138,0.338325901424887,0.6057108535612618,46815.61891920181,112.71271139267488,2.247893788027049E-18,0.20009380430760335,0.8186539562085707,1.8402473495390354E-7
58400000000000.0,0.9985050188344978,0.3383400538906551,0.6057062446613335,46815.01917880534,112.71344799212035,2.2479084784492494E-18,0.20009357951822454,0.8186541402333056,1.8402597895848E-7
58500000000000.0,0.9985119354127145,0.3383541925472375,0.6057016306973458,46814.42203610367,112.71418040898948,2.2479230854559484E-18,0.2000933547273767,0.8186543242592846,1.8402721613502918E-7
58600000000000.0,0.9985188123855724,0.33836831746933055,0.605697011709998,46813.82747615493,112.71490866793866,2.247937609538882E-18,0.20009312993506814,0.8186545082865008,1.8402844652380106E-7
58700000000000.0,0.9985256499852473,0.33838242873115015,0.6056923877396633,46813.23548410622,112.71563279347168,2.2479520511867434E-18,0.20009290514130718,0.8186546923149473,1.8402967016479675E-7
58800000000000.0,0.9985324484424926,0.3383965264064354,0.6056877588263919,46812.646045193054,112.71635280994079,2.247966410885203E-18,0.20009268034610206,0.8186548763446174,1.8403088709776979E-7
58900000000000.0,0.9985392079866484,0.33841061056845223,0.6056831250099133,46812.059144738836,112.71706874154756,2.247980689116927E-18,0.20009245554946098,0.8186550603755045,1.8403209736222792E-7
59000000000000.0,0.9985459288456505,0.3384246812899969,0.6056784863296388,46811.47476815426,112.71778061234403,2.247994886361599E-18,0.20009223075139207,0.818655244407602,1.8403330099743463E-7
59100000000000.0,0.9985526112460399,0.3384387386433998,0.6056738428246647,46810.89290093679,112.71848844623364,2.2480090030959383E-18,0.20009200595190343,0.8186554284409029,1.8403449804241089E-7
59200000000000.0,0.998559255412972,0.33845278270052886,0.6056691945337737,46810.31352867013,112.71919226697223,2.248023039793722E-18,0.20009178115100312,0.818655612475401,1.8403568853593683E-7
59300000000000.0,0.9985658615702264,0.338466813532793,0.6056645414954382,46809.736637023634,112.71989209816911,2.248036996925803E-18,0.20009155634869916,0.8186557965110894,1.8403687251655318E-7
59400000000000.0,0.9985724299402148,0.33848083121114547,0.605659883747823,46809.162211751805,112.72058796328784,2.248050874960129E-18,0.20009133154499947,0.818655980547962,1.8403805002256302E-7
59500000000000.0,0.9985789607439907,0.33849483580608747,0.6056552213287871,46808.59023869377,112.72127988564746,2.2480646743617653E-18,0.20009110673991198,0.818656164586012,1.8403922109203328E-7
59600000000000.0,0.998585454201259,0.3385088273876714,0.6056505542758867,46808.02070377267,112.72196788842328,2.2480783955929092E-18,0.20009088193344454,0.8186563486252331,1.8404038576279633E-7
59700000000000.0,0.9985919105303839,0.33852280602550455,0.605645882626377,46807.45359299523,112.72265199464793,2.2480920391129147E-18,0.20009065712560498,0.8186565326656189,1.840415440724517E-7
59800000000000.0,0.9985983299483973,0.3385367717887518,0.6056412064172157,46806.88889245122,112.72333222721214,2.248105605378304E-18,0.20009043231640106,0.818656716707163,1.8404269605836715E-7
59900000000000.0,0.9986047126710089,0.33855072474613945,0.6056365256850639,46806.326588312855,112.72400860886592,2.2481190948427933E-18,0.20009020750584053,0.818656900749859,1.840438417576809E-7
60000000000000.0,0.9986110589126147,0.3385646649659582,0.6056318404662898,46805.76666683437,112.72468116221934,2.2481325079573092E-18,0.20008998269393105,0.8186570847937007,1.8404498120730267E-7
60100000000000.0,0.998617368886304,0.33857859251606665,0.6056271507969708,46805.20911435147,112.72534990974347,2.248145845170004E-18,0.20008975788068026,0.818657268838682,1.8404611444391517E-7
60200000000000.0,0.9986236428038703,0.33859250746389435,0.6056224567128953,46804.65391728081,112.72601487377142,2.2481591069262798E-18,0.20008953306609575,0.8186574528847964,1.84047241503976E-7
60300000000000.0,0.9986298808758178,0.33860640987644497,0.6056177582495651,46804.10106211951,112.72667607649906,2.248172293668802E-18,0.20008930825018506,0.8186576369320379,1.8404836242371878E-7
60400000000000.0,0.9986360833113715,0.33862029982029923,0.6056130554421982,46803.55053544462,112.72733353998613,2.24818540583752E-18,0.2000890834329557,0.8186578209804003,1.8404947723915474E-7
60500000000000.0,0.9986422503184835,0.33863417736161866,0.605608348325731,46803.002323912704,112.72798728615692,2.2481984438696824E-18,0.2000888586144151,0.8186580050298775,1.840505859860742E-7
60600000000000.0,0.9986483821038443,0.3386480425661479,0.6056036369348197,46802.456414259206,112.72863733680147,2.2482114081998608E-18,0.20008863379457073,0.8186581890804635,1.8405168870004824E-7
60700000000000.0,0.9986544788728878,0.33866189549921843,0.605598921303844,46801.912793298085,112.72928371357611,2.248224299259959E-18,0.20008840897342992,0.8186583731321523,1.8405278541642956E-7
60800000000000.0,0.9986605408298018,0.3386757362257512,0.605594201466908,46801.37144792128,112.7299264380046,2.248237117479239E-18,0.200088184151,0.8186585571849376,1.840538761703547E-7
60900000000000.0,0.9986665681775347,0.3386895648102598,0.6055894774578432,46800.83236509821,112.73056553147883,2.24824986328433E-18,0.20008795932728823,0.8186587412388138,1.8405496099674475E-7
61000000000000.0,0.9986725611178051,0.3387033813168534,0.6055847493102102,46800.29553187531,112.73120101525988,2.248262537099254E-18,0.2000877345023019,0.8186589252937748,1.840560399303073E-7
61100000000000.0,0.9986785198511079,0.3387171858092397,0.6055800170573016,46799.76093537552,112.73183291047869,2.248275139345438E-18,0.20008750967604821,0.8186591093498148,1.8405711300553748E-7
61200000000000.0,0.9986844445767239,0.33873097835072796,0.6055752807321432,46799.22856279788,112.73246123813702,2.2482876704417322E-18,0.20008728484853427,0.8186592934069278,1.8405818025671974E-7
61300000000000.0,0.9986903354927271,0.3387447590042317,0.6055705403674968,46798.69840141696,112.73308601910828,2.248300130804426E-18,0.20008706001976723,0.818659477465108,1.8405924171792866E-7
61400000000000.0,0.9986961927959921,0.33875852783227184,0.6055657959958621,46798.170438582485,112.73370727413837,2.2483125208472675E-18,0.20008683518975415,0.8186596615243498,1.8406029742303093E-7
61500000000000.0,0.9987020166822023,0.3387722848969792,0.6055610476494788,46797.64466171883,112.73432502384651,2.248324840981477E-18,0.20008661035850206,0.8186598455846471,1.8406134740568644E-7
61600000000000.0,0.9987078073458581,0.3387860302600977,0.6055562953603292,46797.121058324505,112.73493928872608,2.248337091615766E-18,0.20008638552601796,0.8186600296459946,1.8406239169934956E-7
61700000000000.0,0.9987135649802832,0.33879976398298683,0.6055515391601387,46796.59961597181,112.73555008914542,2.2483492731563517E-18,0.2000861606923088,0.8186602137083863,1.840634303372706E-7
61800000000000.0,0.9987192897776339,0.33881348612662476,0.60554677908038,46796.080322306254,112.73615744534868,2.2483613860069748E-18,0.2000859358573815,0.8186603977718165,1.8406446335249711E-7
61900000000000.0,0.9987249819289054,0.3388271967516109,0.6055420151522738,46795.56316504618,112.73676137745665,2.2483734305689156E-18,0.2000857110212429,0.81866058183628,1.840654907778753E-7
62000000000000.0,0.9987306416239397,0.3388408959181683,0.6055372474067906,46795.04813198231,112.73736190546748,2.248385407241009E-18,0.20008548618389985,0.8186607659017707,1.8406651264605117E-7
62100000000000.0,0.9987362690514332,0.33885458368614707,0.6055324758746541,46794.53521097727,112.7379590492576,2.2483973164196613E-18,0.20008526134535912,0.8186609499682833,1.84067528989472E-7
62200000000000.0,0.9987418643989437,0.33886826011502663,0.6055277005863415,46794.02438996516,112.73855282858236,2.248409158498865E-18,0.20008503650562748,0.8186611340358123,1.840685398403875E-7
62300000000000.0,0.9987474278528984,0.33888192526391847,0.6055229215720868,46793.515656951095,112.73914326307701,2.248420933870217E-18,0.20008481166471162,0.8186613181043522,1.840695452308512E-7
62400000000000.0,0.9987529595986002,0.3388955791915685,0.6055181388618819,46793.00900001081,112.73973037225728,2.2484326429229313E-18,0.20008458682261823,0.8186615021738974,1.8407054519272165E-7
62500000000000.0,0.9987584598202365,0.33890922195635986,0.6055133524854789,46792.504407290144,112.74031417552038,2.2484442860438562E-18,0.20008436197935395,0.8186616862444426,1.8407153975766385E-7
62600000000000.0,0.9987639287008843,0.3389228536163158,0.6055085624723925,46792.00186700471,112.74089469214556,2.24845586361749E-18,0.20008413713492534,0.8186618703159824,1.8407252895715024E-7
62700000000000.0,0.9987693664225186,0.33893647422910167,0.6055037688519006,46791.5013674394,112.74147194129496,2.2484673760259933E-18,0.20008391228933897,0.8186620543885114,1.8407351282246215E-7
62800000000000.0,0.9987747731660199,0.33895008385202824,0.6054989716530474,46791.00289694796,112.74204594201441,2.2484788236492085E-18,0.20008368744260138,0.8186622384620241,1.8407449138469102E-7
62900000000000.0,0.9987801491111804,0.33896368254205334,0.6054941709046452,46790.50644395259,112.7426167132342,2.2484902068646726E-18,0.200083462594719,0.8186624225365156,1.840754646747396E-7
63000000000000.0,0.9987854944367112,0.33897727035578484,0.6054893666352754,46790.011996943475,112.7431842737697,2.248501526047632E-18,0.20008323774569833,0.8186626066119802,1.840764327233232E-7
63100000000000.0,0.9987908093202489,0.3389908473494832,0.6054845588732911,46789.51954447846,112.74374864232223,2.248512781571057E-18,0.20008301289554573,0.818662790688413,1.840773955609708E-7
63200000000000.0,0.9987960939383631,0.3390044135790637,0.6054797476468187,46789.029075182516,112.74430983747972,2.2485239738056578E-18,0.20008278804426757,0.8186629747658085,1.840783532180264E-7
63300000000000.0,0.998801348466563,0.3390179691000988,0.60547493298376,46788.54057774744,112.74486787771754,2.248535103119899E-18,0.2000825631918702,0.8186631588441617,1.840793057246502E-7
63400000000000.0,0.9988065730793039,0.3390315139678209,0.6054701149117931,46788.054040931354,112.74542278139907,2.2485461698800118E-18,0.2000823383383599,0.8186633429234674,1.8408025311081953E-7
63500000000000.0,0.9988117679499945,0.33904504823712434,0.6054652934583755,46787.569453558346,112.74597456677661,2.248557174450013E-18,0.2000821134837429,0.8186635270037205,1.8408119540633058E-7
63600000000000.0,0.9988169332510031,0.3390585719625682,0.6054604686507449,46787.08680451804,112.74652325199199,2.2485681171917142E-18,0.20008188862802548,0.8186637110849159,1.8408213264079903E-7
63700000000000.0,0.9988220691536642,0.3390720851983783,0.6054556405159212,46786.60608276524,112.74706885507726,2.2485789984647395E-18,0.20008166377121375,0.8186638951670485,1.8408306484366137E-7
63800000000000.0,0.9988271758282854,0.33908558799844957,0.6054508090807087,46786.12727731948,112.74761139395542,2.2485898186265378E-18,0.2000814389133139,0.8186640792501134,1.8408399204417615E-7
63900000000000.0,0.998832253444154,0.3390990804163486,0.6054459743716968,46785.65037726463,112.74815088644127,2.2486005780323992E-18,0.20008121405433205,0.8186642633341055,1.8408491427142523E-7
64000000000000.0,0.998837302169543,0.3391125625053158,0.6054411364152632,46785.17537174855,112.7486873502418,2.2486112770354646E-18,0.20008098919427425,0.8186644474190197,1.8408583155431455E-7
64100000000000.0,0.9988423221717176,0.33912603431826727,0.6054362952375738,46784.70224998266,112.74922080295711,2.2486219159867432E-18,0.20008076433314656,0.8186646315048512,1.8408674392157555E-7
64200000000000.0,0.9988473136169428,0.3391394959077978,0.6054314508645862,46784.231001241526,112.74975126208113,2.2486324952351257E-18,0.20008053947095497,0.8186648155915952,1.8408765140176623E-7
64300000000000.0,0.9988522766704884,0.33915294732618256,0.6054266033220502,46783.76161486253,112.75027874500219,2.2486430151273977E-18,0.20008031460770545,0.8186649996792466,1.840885540232724E-7
64400000000000.0,0.9988572114966354,0.3391663886253797,0.6054217526355097,46783.29408024546,112.75080326900365,2.2486534760082514E-18,0.20008008974340394,0.8186651837678006,1.840894518143084E-7
64500000000000.0,0.9988621182586829,0.33917981985703205,0.6054168988303045,46782.828386852125,112.75132485126471,2.2486638782203008E-18,0.20007986487805635,0.8186653678572524,1.8409034480291847E-7
64600000000000.0,0.998866997118954,0.3391932410724699,0.605412041931572,46782.36452420599,112.751843508861,2.248674222104095E-18,0.20007964001166853,0.8186655519475972,1.84091233016978E-7
64700000000000.0,0.9988718482388023,0.33920665232271235,0.6054071819642489,46781.90248189176,112.75235925876528,2.248684507998132E-18,0.20007941514424632,0.8186657360388302,1.8409211648419432E-7
64800000000000.0,0.9988766717786172,0.33922005365847047,0.6054023189530723,46781.44224955508,112.75287211784803,2.2486947362388693E-18,0.20007919027579552,0.8186659201309467,1.8409299523210774E-7
64900000000000.0,0.9988814678978316,0.3392334451301485,0.6053974529225815,46780.98381690208,112.75338210287825,2.24870490716074E-18,0.2000789654063219,0.8186661042239419,1.8409386928809301E-7
65000000000000.0,0.9988862367549258,0.3392468267878466,0.6053925838971201,46780.52717369908,112.7538892305239,2.248715021096163E-18,0.20007874053583116,0.8186662883178112,1.8409473867935985E-7
65100000000000.0,0.9988909785074354,0.3392601986813627,0.6053877119008372,46780.07230977217,112.75439351735275,2.248725078375559E-18,0.20007851566432905,0.8186664724125499,1.8409560343295462E-7
65200000000000.0,0.9988956933119559,0.3392735608601944,0.6053828369576881,46779.61921500687,112.75489497983283,2.2487350793273593E-18,0.2000782907918212,0.8186666565081534,1.840964635757606E-7
65300000000000.0,0.9989003813241498,0.33928691337354105,0.6053779590914378,46779.16787934776,112.75539363433325,2.248745024278022E-18,0.20007806591831329,0.8186668406046169,1.8409731913449984E-7
65400000000000.0,0.9989050426987517,0.3393002562703064,0.6053730783256609,46778.718292798134,112.75588949712468,2.248754913552043E-18,0.20007784104381085,0.8186670247019361,1.840981701357335E-7
65500000000000.0,0.9989096775895746,0.33931358959909985,0.6053681946837433,46778.27044541963,112.75638258438013,2.2487647474719687E-18,0.20007761616831948,0.8186672088001062,1.8409901660586336E-7
65600000000000.0,0.9989142861495152,0.3393269134082389,0.6053633081888847,46777.82432733186,112.7568729121754,2.248774526358409E-18,0.20007739129184474,0.8186673928991228,1.840998585711327E-7
65700000000000.0,0.9989188685305603,0.3393402277457505,0.6053584188640992,46777.3799287121,112.75736049648981,2.248784250530048E-18,0.2000771664143921,0.8186675769989814,1.8410069605762698E-7
65800000000000.0,0.9989234248837916,0.3393535326593741,0.6053535267322169,46776.93723979491,112.75784535320676,2.248793920303658E-18,0.20007694153596706,0.8186677610996774,1.841015290912754E-7
65900000000000.0,0.9989279553593926,0.3393668281965629,0.6053486318158857,46776.4962508718,112.75832749811443,2.248803535994111E-18,0.20007671665657503,0.8186679452012066,1.841023576978515E-7
66000000000000.0,0.9989324601066534,0.33938011440448557,0.6053437341375724,46776.056952290855,112.75880694690628,2.248813097914391E-18,0.20007649177622144,0.8186681293035643,1.841031819029743E-7
66100000000000.0,0.9989369392739768,0.33939339133002894,0.6053388337195643,46775.61933445642,112.75928371518168,2.248822606375605E-18,0.20007626689491165,0.8186683134067461,1.8410400173210923E-7
66200000000000.0,0.9989413930088826,0.3394066590197991,0.6053339305839709,46775.18338782877,112.75975781844652,2.2488320616869958E-18,0.200076042012651,0.8186684975107479,1.8410481721056902E-7
66300000000000.0,0.9989458214580155,0.33941991752012396,0.6053290247527249,46774.74910292375,112.76022927211382,2.248841464155954E-18,0.20007581712944483,0.818668681615565,1.8410562836351498E-7
66400000000000.0,0.9989502247671481,0.33943316687705455,0.6053241162475835,46774.31647031241,112.76069809150425,2.2488508140880285E-18,0.20007559224529842,0.8186688657211935,1.8410643521595744E-7
66500000000000.0,0.9989546030811886,0.33944640713636737,0.6053192050901308,46773.885480620746,112.76116429184688,2.248860111786941E-18,0.200075367360217,0.8186690498276287,1.841072377927574E-7
66600000000000.0,0.9989589565441839,0.33945963834356596,0.605314291301778,46773.45612452929,112.76162788827949,2.248869357554594E-18,0.20007514247420582,0.8186692339348665,1.8410803611862675E-7
66700000000000.0,0.9989632852993274,0.3394728605438829,0.6053093749037656,46773.02839277283,112.76208889584949,2.248878551691085E-18,0.20007491758727006,0.8186694180429026,1.8410883021812982E-7
66800000000000.0,0.9989675894889621,0.3394860737822814,0.6053044559171638,46772.602276140075,112.76254732951408,2.2488876944947146E-18,0.20007469269941489,0.8186696021517328,1.8410962011568376E-7
66900000000000.0,0.9989718692545877,0.33949927810345726,0.605299534362875,46772.17776547331,112.76300320414119,2.248896786262003E-18,0.20007446781064545,0.8186697862613529,1.8411040583555995E-7
67000000000000.0,0.9989761247368646,0.33951247355184055,0.6052946102616348,46771.75485166807,112.76345653450988,2.248905827287697E-18,0.20007424292096682,0.8186699703717587,1.8411118740188478E-7
67100000000000.0,0.9989803560756202,0.3395256601715979,0.6052896836340129,46771.333525672846,112.7639073353109,2.2489148178647817E-18,0.20007401803038408,0.8186701544829461,1.8411196483864026E-7
67200000000000.0,0.9989845634098526,0.3395388380066332,0.6052847545004146,46770.91377848875,112.7643556211472,2.2489237582844936E-18,0.20007379313890228,0.818670338594911,1.8411273816966536E-7
67300000000000.0,0.998988746877738,0.3395520071005904,0.6052798228810827,46770.49560116919,112.76480140653467,2.2489326488363302E-18,0.20007356824652645,0.8186705227076492,1.8411350741865677E-7
67400000000000.0,0.9989929066166332,0.33956516749685467,0.6052748887960978,46770.07898481958,112.76524470590243,2.2489414898080598E-18,0.20007334335326157,0.8186707068211566,1.8411427260916948E-7
67500000000000.0,0.9989970427630833,0.33957831923855414,0.6052699522653805,46769.66392059698,112.76568553359364,2.248950281485737E-18,0.2000731184591126,0.8186708909354292,1.8411503376461833E-7
67600000000000.0,0.9990011554528245,0.3395914623685619,0.6052650133086922,46769.25039970984,112.7661239038658,2.2489590241537065E-18,0.20007289356408445,0.818671075050463,1.841157909082782E-7
67700000000000.0,0.9990052448207913,0.33960459692949746,0.6052600719456364,46768.83841341762,112.76655983089152,2.248967718094621E-18,0.20007266866818202,0.8186712591662538,1.8411654406328543E-7
67800000000000.0,0.999009311001119,0.3396177229637285,0.6052551281956602,46768.427953030594,112.76699332875882,2.2489763635894455E-18,0.2000724437714102,0.818671443282798,1.8411729325263823E-7
67900000000000.0,0.9990133541271508,0.3396308405133725,0.6052501820780553,46768.019009909425,112.76742441147178,2.248984960917472E-18,0.20007221887377385,0.8186716274000911,1.8411803849919795E-7
68000000000000.0,0.9990173743314417,0.3396439496202983,0.6052452336119593,46767.611575464936,112.76785309295116,2.2489935103563295E-18,0.20007199397527775,0.8186718115181297,1.8411877982568965E-7
68100000000000.0,0.9990213717457633,0.33965705032612803,0.6052402828163572,46767.205641157765,112.76827938703474,2.2490020121819933E-18,0.20007176907592672,0.8186719956369095,1.8411951725470324E-7
68200000000000.0,0.9990253465011095,0.33967014267223833,0.6052353297100824,46766.80119849812,112.76870330747789,2.2490104666687944E-18,0.2000715441757255,0.8186721797564268,1.8412025080869382E-7
68300000000000.0,0.9990292987277005,0.3396832266997626,0.6052303743118177,46766.3982390454,112.76912486795425,2.2490188740894338E-18,0.20007131927467883,0.8186723638766775,1.841209805099833E-7
68400000000000.0,0.9990332285549877,0.33969630244959176,0.6052254166400965,46765.99675440798,112.76954408205599,2.249027234714988E-18,0.2000710943727914,0.8186725479976581,1.8412170638076043E-7
68500000000000.0,0.9990371361116593,0.3397093699623764,0.6052204567133048,46765.59673624289,112.76996096329452,2.249035548814923E-18,0.20007086947006794,0.8186727321193644,1.841224284430823E-7
68600000000000.0,0.9990410215256438,0.33972242927852814,0.6052154945496817,46765.19817625547,112.77037552510087,2.249043816657101E-18,0.20007064456651305,0.818672916241793,1.8412314671887457E-7
68700000000000.0,0.999044884924115,0.33973548043822144,0.6052105301673204,46764.8010661992,112.77078778082625,2.2490520385077927E-18,0.20007041966213138,0.8186731003649397,1.8412386122993272E-7
68800000000000.0,0.9990487264334973,0.3397485234813947,0.6052055635841697,46764.40539787528,112.77119774374253,2.2490602146316875E-18,0.20007019475692753,0.8186732844888008,1.8412457199792278E-7
68900000000000.0,0.9990525461794701,0.3397615584477525,0.605200594818035,46764.0111631324,112.77160542704274,2.2490683452919005E-18,0.20006996985090605,0.8186734686133729,1.8412527904438198E-7
69000000000000.0,0.9990563442869722,0.3397745853767664,0.60519562388658,46763.618353866485,112.77201084384161,2.2490764307499866E-18,0.20006974494407154,0.8186736527386519,1.8412598239071973E-7
69100000000000.0,0.9990601208802063,0.33978760430767685,0.605190650807327,46763.22696202037,112.77241400717598,2.249084471265947E-18,0.20006952003642847,0.8186738368646344,1.841266820582183E-7
69200000000000.0,0.999063876082644,0.3398006152794945,0.6051856755976585,46762.83697958354,112.77281493000532,2.2490924670982395E-18,0.20006929512798136,0.8186740209913164,1.8412737806803373E-7
69300000000000.0,0.999067610017029,0.3398136183310019,0.6051806982748184,46762.44839859184,112.77321362521221,2.249100418503789E-18,0.20006907021873466,0.8186742051186944,1.8412807044119647E-7
69400000000000.0,0.9990713228053841,0.3398266135007548,0.6051757188559126,46762.06121112718,112.77361010560284,2.249108325737997E-18,0.20006884530869282,0.8186743892467648,1.8412875919861236E-7
69500000000000.0,0.999075014569013,0.3398396008270838,0.6051707373579105,46761.6754093173,112.77400438390741,2.2491161890547485E-18,0.20006862039786025,0.8186745733755241,1.84129444361063E-7
69600000000000.0,0.9990786854285059,0.33985258034809573,0.6051657537976464,46761.2909853355,112.77439647278072,2.2491240087064256E-18,0.20006839548624133,0.8186747575049684,1.8413012594920712E-7
69700000000000.0,0.9990823355037443,0.3398655521016751,0.6051607681918199,46760.90793140031,112.77478638480254,2.2491317849439136E-18,0.20006817057384046,0.8186749416350944,1.8413080398358082E-7
69800000000000.0,0.9990859649139049,0.3398785161254851,0.6051557805569975,46760.52623977526,112.77517413247817,2.2491395180166134E-18,0.20006794566066197,0.8186751257658983,1.8413147848459876E-7
69900000000000.0,0.9990895737774631,0.3398914724569698,0.6051507909096132,46760.14590276861,112.77555972823873,2.2491472081724454E-18,0.20006772074671017,0.8186753098973768,1.841321494725544E-7
70000000000000.0,0.9990931622121988,0.3399044211333553,0.6051457992659701,46759.76691273307,112.77594318444184,2.2491548556578646E-18,0.20006749583198935,0.8186754940295263,1.841328169676212E-7
70100000000000.0,0.9990967303352004,0.3399173621916506,0.6051408056422409,46759.389262065524,112.77632451337193,2.2491624607178667E-18,0.20006727091650378,0.8186756781623432,1.8413348098985328E-7
70200000000000.0,0.9991002782628682,0.33993029566864985,0.6051358100544696,46759.01294320684,112.77670372724081,2.2491700235959987E-18,0.2000670460002577,0.8186758622958242,1.8413414155918617E-7
70300000000000.0,0.9991038061109185,0.33994322160093315,0.6051308125185718,46758.637948641524,112.77708083818789,2.2491775445343637E-18,0.20006682108325535,0.8186760464299658,1.8413479869543706E-7
70400000000000.0,0.9991073139943897,0.33995614002486796,0.6051258130503361,46758.26427089745,112.77745585828096,2.2491850237736364E-18,0.2000665961655009,0.8186762305647645,1.841354524183064E-7
70500000000000.0,0.9991108020276438,0.3399690509766107,0.6051208116654251,46757.89190254569,112.7778287995163,2.249192461553066E-18,0.20006637124699853,0.8186764147002169,1.8413610274737788E-7
70600000000000.0,0.9991142703243727,0.3399819544921079,0.6051158083793765,46757.520836200165,112.77819967381942,2.2491998581104886E-18,0.20006614632775238,0.8186765988363197,1.8413674970211953E-7
70700000000000.0,0.9991177189976012,0.33999485060709794,0.605110803207604,46757.151064517486,112.77856849304526,2.2492072136823352E-18,0.20006592140776658,0.8186767829730693,1.841373933018844E-7
70800000000000.0,0.9991211481596912,0.3400077393571115,0.6051057961653982,46756.782580196596,112.77893526897876,2.2492145285036393E-18,0.2000656964870452,0.8186769671104627,1.8413803356591112E-7
70900000000000.0,0.9991245579223463,0.3400206207774737,0.6051007872679277,46756.41537597857,112.77930001333527,2.2492218028080466E-18,0.20006547156559235,0.8186771512484963,1.8413867051332468E-7
71000000000000.0,0.9991279483966156,0.34003349490330537,0.6050957765302402,46756.04944464636,112.77966273776099,2.2492290368278235E-18,0.20006524664341208,0.8186773353871667,1.8413930416313732E-7
71100000000000.0,0.9991313196928966,0.34004636176952385,0.605090763967263,46755.684779024596,112.78002345383328,2.2492362307938643E-18,0.20006502172050838,0.8186775195264709,1.841399345342488E-7
71200000000000.0,0.9991346719209409,0.3400592214108446,0.6050857495938046,46755.32137197923,112.78038217306126,2.249243384935702E-18,0.2000647967968853,0.8186777036664055,1.8414056164544758E-7
71300000000000.0,0.9991380051898571,0.34007207386178256,0.605080733424555,46754.959216417374,112.78073890688611,2.249250499481515E-18,0.2000645718725468,0.818677887806967,1.8414118551541115E-7
71400000000000.0,0.9991413196081153,0.3400849191566532,0.6050757154740873,46754.59830528701,112.7810936666816,2.2492575746581358E-18,0.20006434694749686,0.8186780719481526,1.841418061627069E-7
71500000000000.0,0.9991446152835501,0.34009775732957404,0.6050706957568583,46754.23863157677,112.78144646375434,2.249264610691059E-18,0.2000641220217394,0.8186782560899588,1.841424236057927E-7
71600000000000.0,0.9991478923233659,0.3401105884144657,0.6050656742872091,46753.880188315736,112.78179730934433,2.2492716078044507E-18,0.20006389709527833,0.8186784402323823,1.8414303786301764E-7
71700000000000.0,0.9991511508341392,0.34012341244505295,0.6050606510793665,46753.52296857311,112.78214621462534,2.2492785662211553E-18,0.20006367216811755,0.8186786243754203,1.8414364895262265E-7
71800000000000.0,0.9991543909218236,0.34013622945486666,0.6050556261474439,46753.16696545801,112.78249319070531,2.249285486162705E-18,0.20006344724026093,0.8186788085190692,1.8414425689274132E-7
71900000000000.0,0.9991576126917526,0.3401490394772443,0.6050505995054422,46752.812172119295,112.78283824862673,2.249292367849327E-18,0.2000632223117123,0.8186789926633261,1.8414486170140028E-7
72000000000000.0,0.9991608162486444,0.34016184254533127,0.6050455711672501,46752.458581745246,112.78318139936704,2.2492992114999494E-18,0.20006299738247552,0.8186791768081878,1.8414546339651997E-7
72100000000000.0,0.9991640016966046,0.34017463869208253,0.6050405411466463,46752.106187563375,112.78352265383907,2.2493060173322138E-18,0.20006277245255435,0.8186793609536512,1.8414606199591537E-7
72200000000000.0,0.9991671691391313,0.3401874279502635,0.6050355094572987,46751.75498284016,112.78386202289148,2.2493127855624813E-18,0.20006254752195263,0.8186795450997132,1.8414665751729685E-7
72300000000000.0,0.9991703186791171,0.3402002103524512,0.6050304761127667,46751.40496088087,112.78419951730898,2.249319516405837E-18,0.20006232259067408,0.8186797292463707,1.841472499782702E-7
72400000000000.0,0.9991734504188541,0.3402129859310354,0.6050254411265011,46751.056115029285,112.78453514781293,2.2493262100761035E-18,0.20006209765872243,0.8186799133936207,1.8414783939633785E-7
72500000000000.0,0.9991765644600369,0.3402257547182201,0.6050204045118458,46750.70843866749,112.78486892506156,2.2493328667858437E-18,0.20006187272610143,0.8186800975414601,1.841484257888992E-7
72600000000000.0,0.9991796609037669,0.3402385167460246,0.6050153662820381,46750.36192521562,112.78520085965052,2.249339486746373E-18,0.20006164779281474,0.8186802816898858,1.8414900917325153E-7
72700000000000.0,0.9991827398505547,0.3402512720462843,0.6050103264502096,46750.01656813169,112.78553096211311,2.2493460701677627E-18,0.20006142285886608,0.8186804658388951,1.8414958956659017E-7
72800000000000.0,0.9991858014003251,0.34026402065065225,0.6050052850293872,46749.67236091131,112.78585924292075,2.24935261725885E-18,0.20006119792425905,0.8186806499884846,1.8415016698600968E-7
72900000000000.0,0.9991888456524194,0.34027676259059997,0.6050002420324937,46749.32929708752,112.78618571248332,2.249359128227246E-18,0.20006097298899733,0.8186808341386516,1.8415074144850398E-7
73000000000000.0,0.9991918727055997,0.340289497897419,0.6049951974723492,46748.98737023051,112.78651038114955,2.2493656032793407E-18,0.20006074805308452,0.818681018289393,1.8415131297096722E-7
73100000000000.0,0.9991948826580526,0.3403022266022216,0.6049901513616712,46748.64657394746,112.78683325920744,2.2493720426203135E-18,0.2000605231165242,0.818681202440706,1.8415188157019445E-7
73200000000000.0,0.9991978756073916,0.3403149487359423,0.6049851037130759,46748.30690188227,112.78715435688454,2.249378446454138E-18,0.20006029817931995,0.8186813865925876,1.8415244726288194E-7
73300000000000.0,0.9992008516506612,0.3403276643293385,0.6049800545390789,46747.96834771538,112.78747368434834,2.249384814983591E-18,0.2000600732414753,0.8186815707450348,1.8415301006562806E-7
73400000000000.0,0.9992038108843414,0.3403403734129917,0.6049750038520957,46747.6309051635,112.78779125170676,2.24939114841026E-18,0.20005984830299378,0.818681754898045,1.841535699949338E-7
73500000000000.0,0.9992067534043486,0.3403530760173093,0.604969951664443,46747.29456797951,112.78810706900828,2.2493974469345478E-18,0.20005962336387895,0.8186819390516149,1.8415412706720315E-7
73600000000000.0,0.9992096793060424,0.34036577217252445,0.6049648979883392,46746.95932995208,112.78842114624263,2.2494037107556848E-18,0.20005939842413425,0.818682123205742,1.8415468129874424E-7
73700000000000.0,0.9992125886842255,0.34037846190869825,0.6049598428359051,46746.62518490561,112.78873349334076,2.2494099400717303E-18,0.20005917348376318,0.8186823073604232,1.841552327057693E-7
73800000000000.0,0.9992154816331492,0.34039114525572006,0.6049547862191651,46746.29212669995,112.78904412017555,2.249416135079584E-18,0.20005894854276918,0.818682491515656,1.8415578130439563E-7
73900000000000.0,0.9992183582465166,0.3404038222433089,0.6049497281500473,46745.96014923019,112.78935303656192,2.2494222959749916E-18,0.20005872360115567,0.8186826756714373,1.8415632711064597E-7
74000000000000.0,0.9992212186174846,0.34041649290101456,0.6049446686403854,46745.62924642646,112.78966025225728,2.249428422952549E-18,0.20005849865892608,0.8186828598277643,1.841568701404492E-7
74100000000000.0,0.9992240628386687,0.34042915725821843,0.6049396077019177,46745.29941225373,112.78996577696192,2.2494345162057162E-18,0.20005827371608378,0.8186830439846345,1.8415741040964091E-7
74200000000000.0,0.9992268910021456,0.3404418153441346,0.6049345453462897,46744.97064071161,112.79026962031928,2.2494405759268167E-18,0.20005804877263217,0.8186832281420449,1.8415794793396396E-7
74300000000000.0,0.9992297031994566,0.34045446718781136,0.6049294815850532,46744.64292583412,112.79057179191638,2.249446602307051E-18,0.20005782382857457,0.8186834122999929,1.84158482729069E-7
74400000000000.0,0.9992324995216103,0.34046711281813113,0.604924416429669,46744.31626168953,112.79087230128403,2.249452595536496E-18,0.20005759888391433,0.8186835964584755,1.84159014810515E-7
74500000000000.0,0.9992352800590865,0.3404797522638125,0.6049193498915054,46743.990642380086,112.79117115789728,2.249458555804119E-18,0.20005737393865478,0.8186837806174904,1.8415954419376997E-7
74600000000000.0,0.9992380449018391,0.34049238555341094,0.6049142819818406,46743.666062041884,112.79146837117578,2.249464483297782E-18,0.2000571489927992,0.8186839647770346,1.8416007089421132E-7
74700000000000.0,0.9992407941392993,0.34050501271531963,0.6049092127118629,46743.34251484468,112.79176395048401,2.2494703782042446E-18,0.20005692404635086,0.8186841489371055,1.8416059492712644E-7
74800000000000.0,0.999243527860379,0.3405176337777706,0.6049041420926711,46743.019994991555,112.79205790513174,2.249476240709178E-18,0.20005669909931303,0.8186843330977004,1.8416111630771354E-7
74900000000000.0,0.9992462461534729,0.3405302487688358,0.6048990701352754,46742.69849671892,112.79235024437419,2.249482070997164E-18,0.20005647415168895,0.8186845172588167,1.8416163505108168E-7
75000000000000.0,0.9992489491064632,0.3405428577164278,0.6048939968505989,46742.37801429617,112.7926409774126,2.2494878692517083E-18,0.20005624920348186,0.8186847014204518,1.841621511722518E-7
75100000000000.0,0.9992516368067211,0.340555460648301,0.6048889222494765,46742.058542025545,112.79293011339432,2.2494936356552414E-18,0.20005602425469493,0.818684885582603,1.8416266468615683E-7
75200000000000.0,0.9992543093411114,0.3405680575920525,0.6048838463426576,46741.74007424194,112.79321766141328,2.2494993703891288E-18,0.20005579930533138,0.8186850697452677,1.8416317560764257E-7
75300000000000.0,0.999256966795994,0.3405806485751232,0.6048787691408053,46741.4226053127,112.79350363051029,2.2495050736336768E-18,0.20005557435539434,0.8186852539084433,1.841636839514681E-7
75400000000000.0,0.999259609257228,0.3405932336247987,0.604873690654498,46741.106129637425,112.79378802967331,2.249510745568137E-18,0.20005534940488698,0.8186854380721272,1.8416418973230618E-7
75500000000000.0,0.9992622368101746,0.3406058127682101,0.6048686108942297,46740.7906416478,112.79407086783782,2.249516386370715E-18,0.20005512445381243,0.8186856222363169,1.8416469296474395E-7
75600000000000.0,0.9992648495396997,0.34061838603233496,0.6048635298704109,46740.47613580739,112.79435215388717,2.249521996218577E-18,0.20005489950217378,0.8186858064010099,1.8416519366328344E-7
75700000000000.0,0.999267447530177,0.34063095344399824,0.6048584475933686,46740.16260661144,112.7946318966528,2.2495275752878528E-18,0.20005467454997417,0.8186859905662035,1.8416569184234192E-7
75800000000000.0,0.9992700308654912,0.3406435150298737,0.6048533640733479,46739.85004858675,112.79491010491465,2.2495331237536457E-18,0.20005444959721663,0.8186861747318954,1.8416618751625255E-7
75900000000000.0,0.9992725996290402,0.3406560708164841,0.6048482793205119,46739.53845629142,112.79518678740135,2.249538641790036E-18,0.20005422464390427,0.8186863588980829,1.8416668069926478E-7
76000000000000.0,0.999275153903739,0.3406686208302025,0.6048431933449426,46739.227824314694,112.79546195279063,2.2495441295700885E-18,0.2000539996900401,0.8186865430647636,1.8416717140554502E-7
76100000000000.0,0.9992776937720221,0.3406811650972531,0.6048381061566422,46738.918147276796,112.79573560970967,2.24954958726586E-18,0.20005377473562713,0.818686727231935,1.8416765964917705E-7
76200000000000.0,0.9992802193158464,0.3406937036437122,0.6048330177655324,46738.609419828696,112.79600776673529,2.2495550150484027E-18,0.20005354978066842,0.8186869113995947,1.8416814544416254E-7
76300000000000.0,0.999282730616694,0.3407062364955091,0.6048279281814565,46738.30163665202,112.7962784323943,2.249560413087772E-18,0.2000533248251669,0.8186870955677401,1.8416862880442143E-7
76400000000000.0,0.9992852277555752,0.3407187636784268,0.6048228374141784,46737.99479245874,112.79654761516382,2.249565781553032E-18,0.2000530998691256,0.8186872797363689,1.841691097437926E-7
76500000000000.0,0.9992877108130309,0.34073128521810314,0.6048177454733852,46737.68888199113,112.79681532347155,2.2495711206122605E-18,0.20005287491254745,0.8186874639054786,1.841695882760343E-7
76600000000000.0,0.9992901798691364,0.3407438011400315,0.6048126523686862,46737.38390002151,112.79708156569609,2.2495764304325572E-18,0.2000526499554354,0.8186876480750669,1.841700644148245E-7
76700000000000.0,0.9992926350035026,0.34075631146956176,0.6048075581096138,46737.07984135209,112.79734635016722,2.2495817111800478E-18,0.20005242499779236,0.8186878322451313,1.8417053817376156E-7
76800000000000.0,0.9992950762952808,0.34076881623190103,0.6048024627056252,46736.77670081478,112.79760968516624,2.2495869630198903E-18,0.20005220003962124,0.8186880164156695,1.8417100956636476E-7
76900000000000.0,0.9992975038231631,0.34078131545211476,0.6047973661661016,46736.47447327106,112.79787157892615,2.2495921861162808E-18,0.20005197508092493,0.8186882005866791,1.8417147860607434E-7
77000000000000.0,0.9992999176653876,0.3407938091551276,0.6047922685003495,46736.17315361174,112.79813203963212,2.2495973806324602E-18,0.2000517501217063,0.8186883847581576,1.8417194530625263E-7
77100000000000.0,0.9993023178997392,0.3408062973657235,0.6047871697176013,46735.872736756864,112.7983910754216,2.249602546730719E-18,0.20005152516196825,0.818688568930103,1.8417240968018407E-7
77200000000000.0,0.999304704603553,0.3408187801085479,0.6047820698270157,46735.57321765549,112.79864869438472,2.2496076845724027E-18,0.20005130020171358,0.8186887531025127,1.841728717410757E-7
77300000000000.0,0.9993070778537171,0.34083125740810744,0.6047769688376785,46735.27459128551,112.79890490456447,2.249612794317917E-18,0.20005107524094512,0.8186889372753844,1.8417333150205768E-7
77400000000000.0,0.9993094377266751,0.3408437292887712,0.6047718667586032,46734.97685265352,112.79915971395714,2.2496178761267375E-18,0.20005085027966568,0.8186891214487159,1.8417378897618413E-7
77500000000000.0,0.9993117842984293,0.34085619577477144,0.6047667635987308,46734.67999679464,112.79941313051246,2.2496229301574096E-18,0.20005062531787807,0.8186893056225049,1.841742441764328E-7
77600000000000.0,0.9993141176445415,0.34086865689020485,0.6047616593669319,46734.38401877234,112.79966516213392,2.2496279565675566E-18,0.20005040035558505,0.818689489796749,1.8417469711570622E-7
77700000000000.0,0.999316437840138,0.3408811126590325,0.6047565540720059,46734.088913678264,112.79991581667907,2.2496329555138868E-18,0.20005017539278938,0.8186896739714462,1.8417514780683183E-7
77800000000000.0,0.9993187449599116,0.34089356310508145,0.6047514477226819,46733.79467663212,112.80016510195985,2.2496379271521978E-18,0.20004995042949383,0.818689858146594,1.841755962625626E-7
77900000000000.0,0.9993210390781223,0.34090600825204515,0.60474634032762,46733.50130278141,112.8004130257427,2.2496428716373806E-18,0.20004972546570113,0.8186900423221902,1.8417604249557737E-7
78000000000000.0,0.9993233202686019,0.34091844812348443,0.6047412318954106,46733.20878730141,112.80065959574893,2.249647789123425E-18,0.20004950050141396,0.8186902264982328,1.8417648651848103E-7
78100000000000.0,0.9993255886047567,0.34093088274282823,0.6047361224345761,46732.917125394844,112.8009048196551,2.2496526797634296E-18,0.20004927553663504,0.8186904106747193,1.8417692834380572E-7
78200000000000.0,0.9993278441595681,0.34094331213337403,0.6047310119535706,46732.62631229189,112.80114870509308,2.249657543709601E-18,0.20004905057136707,0.8186905948516476,1.8417736798401043E-7
78300000000000.0,0.9993300870055969,0.34095573631828935,0.6047259004607813,46732.33634324989,112.80139125965046,2.2496623811132623E-18,0.2000488256056127,0.8186907790290155,1.841778054514819E-7
78400000000000.0,0.9993323172149852,0.3409681553206119,0.6047207879645281,46732.04721355325,112.80163249087076,2.249667192124859E-18,0.2000486006393746,0.818690963206821,1.8417824075853504E-7
78500000000000.0,0.9993345348594587,0.34098056916325087,0.6047156744730646,46731.758918513326,112.80187240625372,2.2496719768939623E-18,0.20004837567265538,0.8186911473850618,1.8417867391741313E-7
78600000000000.0,0.9993367400103292,0.34099297786898713,0.6047105599945792,46731.47145346814,112.80211101325554,2.2496767355692753E-18,0.2000481507054577,0.8186913315637357,1.841791049402884E-7
78700000000000.0,0.9993389327384979,0.3410053814604744,0.6047054445371942,46731.18481378234,112.80234831928915,2.2496814682986383E-18,0.20004792573778415,0.8186915157428406,1.8417953383926258E-7
78800000000000.0,0.9993411131144561,0.3410177799602399,0.6047003281089676,46730.89899484699,112.80258433172446,2.2496861752290342E-18,0.20004770076963732,0.8186916999223744,1.8417996062636706E-7
78900000000000.0,0.9993432812082893,0.3410301733906851,0.6046952107178933,46730.61399207947,112.80281905788866,2.2496908565065925E-18,0.2000474758010198,0.8186918841023351,1.8418038531356352E-7
79000000000000.0,0.9993454370896795,0.3410425617740862,0.6046900923719011,46730.32980092322,112.80305250506643,2.249695512276596E-18,0.20004725083193417,0.8186920682827205,1.8418080791274414E-7
79100000000000.0,0.9993475808279059,0.3410549451325957,0.6046849730788579,46730.04641684771,112.80328468050017,2.2497001426834845E-18,0.20004702586238293,0.8186922524635283,1.841812284357323E-7
79200000000000.0,0.9993497124918491,0.3410673234882421,0.604679852846568,46729.763835348196,112.80351559139035,2.2497047478708606E-18,0.20004680089236868,0.8186924366447568,1.8418164689428276E-7
79300000000000.0,0.9993518321499926,0.34107969686293105,0.604674731682773,46729.48205194563,112.80374524489562,2.2497093279814933E-18,0.2000465759218939,0.8186926208264036,1.8418206330008214E-7
79400000000000.0,0.9993539398704261,0.34109206527844665,0.604669609595153,46729.20106218649,112.80397364813325,2.2497138831573268E-18,0.2000463509509611,0.818692805008467,1.841824776647493E-7
79500000000000.0,0.9993560357208462,0.3411044287564512,0.6046644865913274,46728.92086164257,112.80420080817919,2.24971841353948E-18,0.20004612597957278,0.8186929891909446,1.8418288999983586E-7
79600000000000.0,0.9993581197685597,0.3411167873184864,0.6046593626788543,46728.64144591096,112.80442673206839,2.2497229192682558E-18,0.20004590100773142,0.8186931733738346,1.8418330031682635E-7
79700000000000.0,0.9993601920804868,0.3411291409859742,0.6046542378652318,46728.36281061378,112.80465142679512,2.2497274004831443E-18,0.2000456760354395,0.8186933575571349,1.841837086271391E-7
79800000000000.0,0.999362252723161,0.3411414897802172,0.6046491121578981,46728.08495139812,112.80487489931302,2.249731857322826E-18,0.20004545106269944,0.8186935417408435,1.841841149421258E-7
79900000000000.0,0.9993643017627343,0.3411538337223996,0.6046439855642322,46727.80786393584,112.80509715653561,2.2497362899251815E-18,0.20004522608951372,0.8186937259249585,1.8418451927307303E-7
80000000000000.0,0.9993663392649764,0.34116617283358774,0.6046388580915544,46727.53154392344,112.80531820533623,2.2497406984272894E-18,0.20004500111588472,0.8186939101094778,1.8418492163120142E-7
80100000000000.0,0.9993683652952798,0.3411785071347307,0.6046337297471265,46727.255987081924,112.80553805254854,2.2497450829654374E-18,0.20004477614181487,0.8186940942943994,1.841853220276671E-7
80200000000000.0,0.9993703799186605,0.3411908366466615,0.6046286005381527,46726.98118915667,112.80575670496667,2.2497494436751247E-18,0.20004455116730657,0.8186942784797214,1.8418572047356143E-7
80300000000000.0,0.9993723831997602,0.34120316139009704,0.6046234704717794,46726.70714591725,112.80597416934536,2.249753780691065E-18,0.2000443261923622,0.8186944626654419,1.8418611697991164E-7
80400000000000.0,0.9993743752028487,0.34121548138563945,0.6046183395550964,46726.43385315734,112.80619045240027,2.2497580941471924E-18,0.20004410121698413,0.8186946468515589,1.8418651155768118E-7
80500000000000.0,0.9993763559918262,0.34122779665377634,0.6046132077951367,46726.161306694514,112.80640556080823,2.2497623841766666E-18,0.2000438762411747,0.8186948310380705,1.8418690421776992E-7
80600000000000.0,0.9993783256302263,0.34124010721488174,0.6046080751988775,46725.889502370184,112.80661950120752,2.2497666509118787E-18,0.20004365126493628,0.8186950152249747,1.84187294971015E-7
80700000000000.0,0.999380284181216,0.34125241308921644,0.60460294177324,46725.61843604942,112.80683228019788,2.2497708944844514E-18,0.20004342628827118,0.8186951994122696,1.8418768382819056E-7
80800000000000.0,0.9993822317076004,0.34126471429692906,0.604597807525091,46725.34810362079,112.80704390434106,2.2497751150252492E-18,0.20004320131118172,0.8186953835999535,1.8418807080000872E-7
80900000000000.0,0.999384168271823,0.3412770108580564,0.604592672461242,46725.07850099625,112.80725438016078,2.249779312664378E-18,0.2000429763336702,0.8186955677880243,1.8418845589711953E-7
81000000000000.0,0.9993860939359684,0.34128930279252395,0.6045875365884505,46724.80962411102,112.80746371414308,2.2497834875311934E-18,0.20004275135573896,0.8186957519764801,1.8418883913011152E-7
81100000000000.0,0.9993880087617653,0.3413015901201473,0.6045823999134197,46724.54146892346,112.80767191273652,2.249787639754302E-18,0.2000425263773902,0.8186959361653193,1.8418922050951204E-7
81200000000000.0,0.9993899128105863,0.3413138728606321,0.6045772624427997,46724.27403141487,112.80787898235235,2.249791769461567E-18,0.20004230139862622,0.8186961203545399,1.8418960004578757E-7
81300000000000.0,0.9993918061434526,0.34132615103357455,0.6045721241831883,46724.007307589425,112.80808492936485,2.2497958767801148E-18,0.20004207641944927,0.8186963045441399,1.8418997774934414E-7
81400000000000.0,0.9993936888210349,0.3413384246584629,0.6045669851411293,46723.741293474,112.80828976011146,2.249799961836336E-18,0.20004185143986158,0.8186964887341176,1.8419035363052775E-7
81500000000000.0,0.9993955609036548,0.3413506937546773,0.6045618453231155,46723.47598511807,112.808493480893,2.249804024755892E-18,0.2000416264598654,0.8186966729244712,1.8419072769962462E-7
81600000000000.0,0.9993974224512886,0.3413629583414904,0.6045567047355876,46723.211378593565,112.80869609797398,2.249808065663719E-18,0.20004140147946292,0.818696857115199,1.8419109996686156E-7
81700000000000.0,0.9993992735235676,0.3413752184380686,0.6045515633849351,46722.94746999471,112.80889761758266,2.249812084684031E-18,0.20004117649865635,0.818697041306299,1.8419147044240628E-7
81800000000000.0,0.9994011141797807,0.3413874740634724,0.6045464212774961,46722.684255437984,112.80909804591133,2.2498160819403243E-18,0.20004095151744788,0.8186972254977694,1.8419183913636792E-7
81900000000000.0,0.9994029444788772,0.3413997252366568,0.6045412784195587,46722.42173106188,112.80929738911665,2.249820057555385E-18,0.20004072653583968,0.8186974096896086,1.8419220605879718E-7
82000000000000.0,0.9994047644794672,0.341411971976472,0.6045361348173608,46722.159893026845,112.80949565331963,2.2498240116512876E-18,0.20004050155383393,0.8186975938818146,1.8419257121968678E-7
82100000000000.0,0.9994065742398259,0.34142421430166414,0.6045309904770905,46721.898737515134,112.80969284460612,2.2498279443494053E-18,0.20004027657143278,0.8186977780743858,1.841929346289719E-7
82200000000000.0,0.9994083738178925,0.3414364522308758,0.6045258454048867,46721.63826073072,112.80988896902664,2.249831855770408E-18,0.20004005158863836,0.8186979622673204,1.8419329629653017E-7
82300000000000.0,0.9994101632712754,0.3414486857826469,0.6045206996068399,46721.37845889908,112.81008403259705,2.249835746034272E-18,0.20003982660545278,0.8186981464606167,1.8419365623218254E-7
82400000000000.0,0.9994119426572518,0.3414609149754147,0.6045155530889909,46721.11932826719,112.81027804129836,2.2498396152602813E-18,0.20003960162187817,0.818698330654273,1.8419401444569313E-7
82500000000000.0,0.9994137120327703,0.3414731398275149,0.6045104058573331,46720.86086510332,112.81047100107713,2.2498434635670312E-18,0.20003937663791665,0.8186985148482874,1.8419437094676984E-7
82600000000000.0,0.9994154714544534,0.341485360357182,0.6045052579178124,46720.60306569689,112.81066291784563,2.249847291072433E-18,0.2000391516535703,0.8186986990426584,1.8419472574506445E-7
82700000000000.0,0.9994172209785992,0.3414975765825501,0.6045001092763269,46720.345926358415,112.81085379748211,2.2498510978937205E-18,0.2000389266688412,0.818698883237384,1.8419507885017338E-7
82800000000000.0,0.9994189606611826,0.3415097885216531,0.6044949599387278,46720.08944341937,112.81104364583086,2.2498548841474498E-18,0.20003870168373142,0.8186990674324629,1.8419543027163752E-7
82900000000000.0,0.9994206905578582,0.34152199619242574,0.6044898099108198,46719.83361323203,112.81123246870257,2.2498586499495063E-18,0.200038476698243,0.8186992516278931,1.8419578001894295E-7
83000000000000.0,0.9994224107239612,0.3415341996127041,0.6044846591983613,46719.57843216937,112.81142027187435,2.249862395415106E-18,0.20003825171237802,0.8186994358236732,1.8419612810152087E-7
83100000000000.0,0.9994241212145101,0.3415463988002254,0.6044795078070644,46719.323896624985,112.81160706109016,2.249866120658805E-18,0.20003802672613846,0.8186996200198013,1.841964745287484E-7
83200000000000.0,0.9994258220842079,0.34155859377263,0.6044743557425964,46719.070003012894,112.81179284206073,2.249869825794495E-18,0.2000378017395264,0.8186998042162759,1.8419681930994846E-7
83300000000000.0,0.9994275133874447,0.34157078454746037,0.6044692030105795,46718.81674776749,112.81197762046402,2.2498735109354145E-18,0.20003757675254383,0.8186999884130951,1.8419716245439042E-7
83400000000000.0,0.9994291951782988,0.3415829711421631,0.6044640496165904,46718.564127343394,112.81216140194523,2.2498771761941496E-18,0.20003735176519274,0.8187001726102576,1.8419750397129016E-7
83500000000000.0,0.9994308675105387,0.3415951535740885,0.6044588955661618,46718.3121382153,112.8123441921171,2.2498808216826376E-18,0.20003712677747512,0.8187003568077615,1.8419784386981057E-7
83600000000000.0,0.9994325304376255,0.34160733186049136,0.6044537408647823,46718.06077687796,112.81252599656001,2.249884447512172E-18,0.20003690178939296,0.8187005410056054,1.8419818215906177E-7
83700000000000.0,0.9994341840127138,0.34161950601853175,0.6044485855178969,46717.81003984598,112.81270682082227,2.2498880537934054E-18,0.2000366768009482,0.8187007252037876,1.841985188481015E-7
83800000000000.0,0.999435828288654,0.34163167606527567,0.604443429530907,46717.55992365372,112.81288667042024,2.2498916406363536E-18,0.2000364518121428,0.8187009094023064,1.8419885394593528E-7
83900000000000.0,0.9994374633179941,0.3416438420176949,0.6044382729091712,46717.31042485522,112.81306555083853,2.2498952081504E-18,0.20003622682297872,0.8187010936011604,1.8419918746151698E-7
84000000000000.0,0.9994390891529814,0.34165600389266815,0.6044331156580051,46717.06154002403,112.81324346753017,2.2498987564442965E-18,0.2000360018334579,0.8187012778003478,1.8419951940374863E-7
84100000000000.0,0.9994407058455643,0.34166816170698155,0.6044279577826822,46716.81326575315,112.8134204259169,2.249902285626173E-18,0.20003577684358226,0.8187014619998673,1.8419984978148147E-7
84200000000000.0,0.9994423134473936,0.3416803154773289,0.6044227992884339,46716.56559865489,112.8135964313892,2.2499057958035342E-18,0.2000355518533537,0.8187016461997171,1.8420017860351548E-7
84300000000000.0,0.9994439120098253,0.34169246522031227,0.6044176401804502,46716.318535360755,112.81377148930659,2.249909287083268E-18,0.20003532686277412,0.8187018303998956,1.8420050587860028E-7
84400000000000.0,0.9994455015839213,0.3417046109524431,0.6044124804638797,46716.07207252133,112.81394560499781,2.249912759571649E-18,0.2000351018718454,0.8187020146004016,1.842008316154351E-7
84500000000000.0,0.9994470822204514,0.34171675269014146,0.6044073201438296,46715.826206806254,112.81411878376088,2.249916213374338E-18,0.20003487688056945,0.8187021988012332,1.8420115582266905E-7
84600000000000.0,0.9994486539698951,0.3417288904497383,0.6044021592253664,46715.58093490393,112.81429103086343,2.2499196485963913E-18,0.20003465188894812,0.818702383002389,1.8420147850890182E-7
84700000000000.0,0.9994502168824433,0.34174102424747427,0.604396997713517,46715.33625352162,112.81446235154274,2.249923065342258E-18,0.20003442689698325,0.8187025672038675,1.8420179968268326E-7
84800000000000.0,0.9994517710079999,0.34175315409950136,0.6043918356132675,46715.09215938521,112.81463275100609,2.24992646371579E-18,0.20003420190467672,0.8187027514056672,1.842021193525144E-7
84900000000000.0,0.9994533163961838,0.34176528002188294,0.6043866729295648,46714.84864923911,112.8148022344308,2.2499298438202424E-18,0.20003397691203034,0.8187029356077865,1.8420243752684742E-7
85000000000000.0,0.9994548530963301,0.34177740203059426,0.6043815096673159,46714.6057198462,112.8149708069644,2.249933205758274E-18,0.20003375191904596,0.818703119810224,1.8420275421408568E-7
85100000000000.0,0.9994563811574916,0.3417895201415234,0.6043763458313893,46714.363367987724,112.81513847372487,2.2499365496319567E-18,0.20003352692572537,0.8187033040129783,1.8420306942258448E-7
85200000000000.0,0.9994579006284413,0.34180163437047106,0.6043711814266145,46714.1215904631,112.81530523980084,2.2499398755427754E-18,0.20003330193207042,0.8187034882160477,1.8420338316065114E-7
85300000000000.0,0.9994594115576737,0.34181374473315174,0.6043660164577822,46713.880384089905,112.81547111025172,2.249943183591633E-18,0.20003307693808287,0.8187036724194309,1.8420369543654522E-7
85400000000000.0,0.9994609139934056,0.3418258512451937,0.6043608509296453,46713.63974570371,112.81563609010777,2.2499464738788505E-18,0.2000328519437645,0.8187038566231263,1.8420400625847885E-7
85500000000000.0,0.9994624079835791,0.3418379539221398,0.6043556848469187,46713.39967215806,112.81580018437052,2.2499497465041766E-18,0.2000326269491171,0.8187040408271326,1.842043156346171E-7
85600000000000.0,0.999463893575862,0.34185005277944774,0.60435051821428,46713.160160324274,112.81596339801266,2.2499530015667846E-18,0.20003240195414246,0.8187042250314482,1.8420462357307804E-7
85700000000000.0,0.9994653708176495,0.341862147832491,0.6043453510363693,46712.92120709139,112.81612573597836,2.2499562391652787E-18,0.2000321769588423,0.8187044092360718,1.8420493008193314E-7
85800000000000.0,0.9994668397560674,0.34187423909655884,0.60434018331779,46712.68280936606,112.81628720318349,2.2499594593976987E-18,0.20003195196321838,0.8187045934410019,1.8420523516920773E-7
85900000000000.0,0.9994683004379711,0.3418863265868567,0.6043350150631085,46712.44496407245,112.81644780451562,2.2499626623615205E-18,0.20003172696727245,0.8187047776462371,1.8420553884288086E-7
86000000000000.0,0.9994697529099497,0.3418984103185072,0.6043298462768548,46712.20766815212,112.81660754483437,2.249965848153662E-18,0.20003150197100622,0.8187049618517759,1.8420584111088604E-7
86100000000000.0,0.999471197218325,0.34191049030655035,0.6043246769635233,46711.97091856396,112.81676642897136,2.2499690168704835E-18,0.2000312769744214,0.818705146057617,1.8420614198111102E-7
86200000000000.0,0.9994726334091558,0.3419225665659439,0.6043195071275724,46711.73471228405,112.81692446173062,2.2499721686077936E-18,0.20003105197751972,0.8187053302637589,1.8420644146139853E-7
86300000000000.0,0.9994740615282371,0.34193463911156385,0.6043143367734249,46711.49904630561,112.81708164788856,2.2499753034608517E-18,0.20003082698030286,0.8187055144702005,1.8420673955954616E-7
86400000000000.0,0.9994754816211033,0.3419467079582052,0.6043091659054683,46711.26391763884,112.81723799219422,2.2499784215243707E-18,0.2000306019827725,0.81870569867694,1.8420703628330693E-7
86500000000000.0,0.9994768937330285,0.34195877312058215,0.6043039945280555,46711.02932331088,112.8173934993694,2.2499815228925194E-18,0.20003037698493034,0.8187058828839763,1.8420733164038921E-7
86600000000000.0,0.9994782979090285,0.34197083461332833,0.6042988226455045,46710.79526036566,112.81754817410886,2.2499846076589287E-18,0.20003015198677807,0.8187060670913079,1.8420762563845746E-7
86700000000000.0,0.9994796941938626,0.3419828924509979,0.6042936502620987,46710.561725863874,112.8177020210804,2.2499876759166905E-18,0.20002992698831729,0.8187062512989336,1.8420791828513188E-7
86800000000000.0,0.9994810826320345,0.3419949466480655,0.6042884773820881,46710.328716882796,112.81785504492507,2.249990727758365E-18,0.2000297019895497,0.8187064355068518,1.8420820958798925E-7
86900000000000.0,0.9994824632677946,0.34200699721892674,0.604283304009688,46710.09623051626,112.81800725025737,2.249993763275981E-18,0.20002947699047693,0.8187066197150614,1.8420849955456283E-7
87000000000000.0,0.9994838361451405,0.3420190441778991,0.6042781301490807,46709.86426387453,112.81815864166535,2.249996782561041E-18,0.2000292519911006,0.818706803923561,1.8420878819234276E-7
87100000000000.0,0.999485201307819,0.34203108753922146,0.604272955804415,46709.6328140842,112.81830922371073,2.2499997857045214E-18,0.20002902699142236,0.8187069881323491,1.842090755087762E-7
87200000000000.0,0.9994865587993278,0.34204312731705566,0.6042677809798068,46709.401878288125,112.81845900092912,2.2500027727968793E-18,0.2000288019914438,0.8187071723414246,1.8420936151126775E-7
87300000000000.0,0.9994879086629165,0.34205516352548604,0.6042626056793393,46709.1714536453,112.81860797783021,2.250005743928053E-18,0.20002857699116652,0.8187073565507862,1.8420964620717946E-7
87400000000000.0,0.9994892509415877,0.3420671961785204,0.6042574299070629,46708.94153733079,112.81875615889773,2.250008699187465E-18,0.20002835199059213,0.8187075407604324,1.8420992960383127E-7
87500000000000.0,0.9994905856780993,0.3420792252900904,0.6042522536669958,46708.71212653563,112.81890354858982,2.250011638664026E-18,0.20002812698972222,0.8187077249703619,1.8421021170850132E-7
87600000000000.0,0.9994919129149658,0.3420912508740514,0.6042470769631244,46708.48321846676,112.81905015133907,2.2500145624461378E-18,0.20002790198855835,0.8187079091805737,1.8421049252842584E-7
87700000000000.0,0.9994932326944592,0.34210327294418386,0.6042418997994032,46708.254810346836,112.81919597155274,2.250017470621697E-18,0.2000276769871021,0.8187080933910662,1.8421077207079989E-7
87800000000000.0,0.9994945450586111,0.34211529151419284,0.6042367221797555,46708.02689941425,112.81934101361286,2.2500203632780965E-18,0.20002745198535504,0.8187082776018383,1.8421105034277724E-7
87900000000000.0,0.9994958500492127,0.34212730659770935,0.6042315441080731,46707.79948292303,112.81948528187628,2.2500232405022285E-18,0.2000272269833187,0.8187084618128886,1.8421132735147069E-7
88000000000000.0,0.9994971477078182,0.34213931820828974,0.6042263655882169,46707.57255814267,112.81962878067502,2.2500261023804876E-18,0.20002700198099466,0.818708646024216,1.8421160310395228E-7
88100000000000.0,0.999498438075744,0.34215132635941703,0.6042211866240168,46707.34612235813,112.81977151431624,2.2500289489987747E-18,0.20002677697838442,0.8187088302358191,1.8421187760725373E-7
88200000000000.0,0.999499721194072,0.34216333106450075,0.6042160072192727,46707.120172869705,112.81991348708249,2.250031780442499E-18,0.20002655197548952,0.8187090144476967,1.8421215086836637E-7
88300000000000.0,0.9995009971036498,0.34217533233687764,0.6042108273777539,46706.894706992935,112.82005470323178,2.2500345967965804E-18,0.20002632697231149,0.8187091986598476,1.8421242289424162E-7
88400000000000.0,0.9995022658450933,0.34218733018981173,0.6042056471031997,46706.66972205849,112.82019516699788,2.250037398145455E-18,0.20002610196885182,0.8187093828722705,1.842126936917912E-7
88500000000000.0,0.9995035274587858,0.34219932463649544,0.6042004663993199,46706.445215412175,112.8203348825902,2.2500401845730748E-18,0.200025876965112,0.8187095670849641,1.842129632678872E-7
88600000000000.0,0.9995047819848819,0.34221131569004926,0.6041952852697945,46706.22118441475,112.82047385419418,2.2500429561629107E-18,0.20002565196109356,0.8187097512979273,1.8421323162936242E-7
88700000000000.0,0.9995060294633067,0.34222330336352247,0.6041901037182743,46705.997626441895,112.82061208597125,2.2500457129979577E-18,0.20002542695679795,0.818709935511159,1.8421349878301064E-7
88800000000000.0,0.9995072699337585,0.34223528766989336,0.6041849217483811,46705.7745388841,112.8207495820591,2.2500484551607353E-18,0.20002520195222664,0.8187101197246578,1.8421376473558673E-7
88900000000000.0,0.9995085034357097,0.34224726862207017,0.6041797393637076,46705.551919146616,112.82088634657171,2.2500511827332913E-18,0.20002497694738114,0.8187103039384225,1.8421402949380696E-7
89000000000000.0,0.9995097300084083,0.3422592462328908,0.6041745565678186,46705.3297646493,112.82102238359961,2.2500538957972058E-18,0.20002475194226288,0.818710488152452,1.842142930643493E-7
89100000000000.0,0.9995109496908784,0.34227122051512354,0.6041693733642497,46705.10807282662,112.82115769720991,2.2500565944335908E-18,0.2000245269368733,0.8187106723667451,1.8421455545385337E-7
89200000000000.0,0.9995121625219224,0.34228319148146746,0.6041641897565088,46704.886841127496,112.82129229144647,2.2500592787230957E-18,0.20002430193121387,0.8187108565813005,1.8421481666892098E-7
89300000000000.0,0.9995133685401223,0.34229515914455283,0.6041590057480756,46704.666067015285,112.82142617033007,2.250061948745909E-18,0.200024076925286,0.8187110407961171,1.8421507671611622E-7
89400000000000.0,0.9995145677838404,0.34230712351694126,0.6041538213424026,46704.44574796763,112.82155933785853,2.250064604581762E-18,0.20002385191909114,0.8187112250111939,1.8421533560196576E-7
89500000000000.0,0.9995157602912207,0.34231908461112664,0.6041486365429141,46704.2258814764,112.8216917980068,2.250067246309929E-18,0.20002362691263068,0.8187114092265295,1.8421559333295872E-7
89600000000000.0,0.9995169461001903,0.3423310424395349,0.6041434513530078,46704.006465047656,112.8218235547271,2.2500698740092315E-18,0.20002340190590603,0.8187115934421229,1.8421584991554737E-7
89700000000000.0,0.9995181252484604,0.3423429970145244,0.6041382657760541,46703.78749620153,112.82195461194908,2.2500724877580405E-18,0.20002317689891863,0.8187117776579728,1.84216105356147E-7
89800000000000.0,0.9995192977735284,0.3423549483483871,0.6041330798153964,46703.56897247211,112.82208497358003,2.2500750876342813E-18,0.20002295189166985,0.8187119618740781,1.8421635966113637E-7
89900000000000.0,0.9995204637126781,0.3423668964533481,0.6041278934743519,46703.35089140745,112.82221464350485,2.250077673715433E-18,0.2000227268841611,0.8187121460904377,1.842166128368578E-7
90000000000000.0,0.9995216231029811,0.34237884134156615,0.604122706756211,46703.1332505694,112.82234362558621,2.2500802460785313E-18,0.20002250187639373,0.8187123303070506,1.8421686488961726E-7
90100000000000.0,0.9995227759812985,0.34239078302513454,0.6041175196642384,46702.9160475336,112.8224719236648,2.2500828048001726E-18,0.20002227686836913,0.8187125145239155,1.8421711582568481E-7
90200000000000.0,0.9995239223842824,0.3424027215160809,0.6041123322016722,46702.69927988932,112.82259954155947,2.2500853499565183E-18,0.20002205186008865,0.8187126987410313,1.842173656512949E-7
90300000000000.0,0.9995250623483759,0.34241465682636785,0.6041071443717251,46702.48294523946,112.82272648306707,2.2500878816232916E-18,0.20002182685155365,0.818712882958397,1.8421761437264602E-7
90400000000000.0,0.9995261959098155,0.34242658896789313,0.6041019561775841,46702.26704120044,112.82285275196297,2.250090399875787E-18,0.2000216018427655,0.8187130671760113,1.8421786199590168E-7
90500000000000.0,0.9995273231046314,0.3424385179524905,0.6040967676224108,46702.05156540213,112.82297835200085,2.250092904788866E-18,0.2000213768337255,0.8187132513938733,1.8421810852718993E-7
90600000000000.0,0.9995284439686493,0.34245044379192935,0.604091578709342,46701.83651548773,112.82310328691302,2.250095396436964E-18,0.20002115182443503,0.8187134356119818,1.8421835397260386E-7
90700000000000.0,0.9995295585374915,0.34246236649791567,0.6040863894414893,46701.621889113776,112.82322756041057,2.2500978748940936E-18,0.2000209268148954,0.8187136198303359,1.84218598338202E-7
90800000000000.0,0.9995306668465775,0.34247428608209207,0.6040811998219392,46701.40768394998,112.82335117618331,2.250100340233843E-18,0.2000207018051079,0.8187138040489341,1.8421884163000817E-7
90900000000000.0,0.9995317689311264,0.34248620255603834,0.6040760098537542,46701.193897679244,112.82347413790008,2.2501027925293814E-18,0.20002047679507387,0.8187139882677757,1.8421908385401192E-7
91000000000000.0,0.9995328648261566,0.3424981159312718,0.6040708195399721,46700.98052799748,112.82359644920875,2.250105231853461E-18,0.20002025178479463,0.8187141724868596,1.8421932501616854E-7
91100000000000.0,0.9995339545664879,0.34251002621924714,0.6040656288836066,46700.76757261362,112.82371811373642,2.250107658278419E-18,0.20002002677427144,0.8187143567061846,1.8421956512239947E-7
91200000000000.0,0.9995350381867417,0.3425219334313576,0.6040604378876474,46700.55502924952,112.8238391350894,2.2501100718761776E-18,0.20001980176350562,0.8187145409257498,1.8421980417859213E-7
91300000000000.0,0.999536115721344,0.34253383757893474,0.6040552465550605,46700.34289563984,112.82395951685356,2.250112472718252E-18,0.20001957675249843,0.818714725145554,1.8422004219060058E-7
91400000000000.0,0.9995371872045247,0.342545738673249,0.6040500548887882,46700.13116953206,112.82407926259432,2.2501148608757497E-18,0.20001935174125116,0.8187149093655961,1.8422027916424564E-7
91500000000000.0,0.9995382526703193,0.34255763672551004,0.6040448628917493,46699.9198486863,112.82419837585671,2.250117236419371E-18,0.20001912672976507,0.8187150935858752,1.8422051510531468E-7
91600000000000.0,0.9995393121525703,0.34256953174686694,0.6040396705668396,46699.70893087537,112.82431686016557,2.250119599419414E-18,0.20001890171804143,0.8187152778063904,1.8422075001956216E-7
91700000000000.0,0.9995403656849285,0.34258142374840866,0.6040344779169319,46699.49841388455,112.82443471902572,2.2501219499457773E-18,0.20001867670608148,0.8187154620271404,1.842209839127099E-7
91800000000000.0,0.9995414133008529,0.3425933127411643,0.6040292849448758,46699.288295511666,112.82455195592189,2.2501242880679584E-18,0.2000184516938865,0.8187156462481243,1.8422121679044687E-7
91900000000000.0,0.9995424550336132,0.3426051987361037,0.6040240916534985,46699.07857356693,112.82466857431906,2.250126613855062E-18,0.2000182266814577,0.8187158304693412,1.8422144865842981E-7
92000000000000.0,0.9995434909162897,0.3426170817441372,0.6040188980456045,46698.8692458729,112.82478457766234,2.250128927375796E-18,0.2000180016687963,0.8187160146907898,1.8422167952228302E-7
92100000000000.0,0.9995445209817759,0.3426289617761166,0.6040137041239761,46698.66031026437,112.82489996937737,2.250131228698479E-18,0.20001777665590356,0.8187161989124693,1.8422190938759905E-7
92200000000000.0,0.9995455452627782,0.34264083884283525,0.6040085098913738,46698.45176458838,112.82501475287016,2.2501335178910394E-18,0.2000175516427807,0.8187163831343787,1.842221382599384E-7
92300000000000.0,0.9995465637918172,0.3426527129550281,0.6040033153505353,46698.243606704076,112.82512893152733,2.250135795021019E-18,0.20001732662942892,0.818716567356517,1.8422236614482985E-7
92400000000000.0,0.9995475766012294,0.3426645841233725,0.6039981205041773,46698.03583448265,112.82524250871627,2.250138060155575E-18,0.20001710161584943,0.8187167515788831,1.8422259304777083E-7
92500000000000.0,0.9995485837231678,0.34267645235848804,0.6039929253549947,46697.8284458073,112.82535548778515,2.250140313361482E-18,0.20001687660204343,0.8187169358014761,1.8422281897422738E-7
92600000000000.0,0.9995495851896031,0.34268831767093727,0.6039877299056607,46697.621438573166,112.82546787206306,2.2501425547051342E-18,0.2000166515880121,0.8187171200242951,1.8422304392963448E-7
92700000000000.0,0.9995505810323244,0.34270018007122627,0.6039825341588274,46697.41481068719,112.82557966486016,2.2501447842525475E-18,0.20001642657375662,0.818717304247339,1.8422326791939612E-7
92800000000000.0,0.999551571282941,0.34271203956980384,0.603977338117126,46697.208560068146,112.82569086946776,2.250147002069363E-18,0.20001620155927818,0.818717488470607,1.8422349094888545E-7
92900000000000.0,0.9995525559728827,0.3427238961770632,0.6039721417831662,46697.00268464651,112.82580148915845,2.250149208220847E-18,0.20001597654457798,0.8187176726940979,1.8422371302344525E-7
93000000000000.0,0.9995535351334013,0.3427357499033411,0.6039669451595375,46696.79718236441,112.82591152718618,2.2501514027718958E-18,0.20001575152965714,0.818717856917811,1.8422393414838767E-7
93100000000000.0,0.9995545087955712,0.342747600758919,0.6039617482488089,46696.592051175554,112.82602098678638,2.2501535857870347E-18,0.20001552651451687,0.8187180411417451,1.842241543289948E-7
93200000000000.0,0.9995554769902906,0.34275944875402303,0.6039565510535283,46696.3872890452,112.82612987117602,2.250155757330422E-18,0.2000153014991583,0.8187182253658994,1.842243735705184E-7
93300000000000.0,0.9995564397482826,0.3427712938988244,0.6039513535762238,46696.182893950034,112.82623818355383,2.2501579174658518E-18,0.20001507648358258,0.818718409590273,1.8422459187818073E-7
93400000000000.0,0.999557397100097,0.3427831362034393,0.6039461558194033,46695.97886387812,112.82634592710033,2.2501600662567545E-18,0.20001485146779083,0.8187185938148649,1.84224809257174E-7
93500000000000.0,0.9995583490761086,0.3427949756779301,0.6039409577855548,46695.775196828894,112.8264531049779,2.2501622037662E-18,0.2000146264517842,0.8187187780396741,1.8422502571266105E-7
93600000000000.0,0.9995592957065221,0.34280681233230453,0.6039357594771463,46695.57189081301,112.82655972033098,2.2501643300568987E-18,0.20001440143556382,0.8187189622646999,1.842252412497753E-7
93700000000000.0,0.9995602370213695,0.3428186461765171,0.6039305608966263,46695.36894385235,112.82666577628605,2.2501664451912046E-18,0.2000141764191308,0.818719146489941,1.8422545587362095E-7
93800000000000.0,0.9995611730505141,0.34283047722046833,0.603925362046424,46695.166353979876,112.82677127595193,2.2501685492311187E-18,0.2000139514024863,0.8187193307153969,1.8422566958927332E-7
93900000000000.0,0.9995621038236487,0.34284230547400574,0.6039201629289491,46694.96411923968,112.82687622241967,2.250170642238287E-18,0.20001372638563136,0.8187195149410665,1.8422588240177872E-7
94000000000000.0,0.9995630293702983,0.3428541309469242,0.603914963546592,46694.762237686846,112.82698061876273,2.2501727242740056E-18,0.20001350136856713,0.818719699166949,1.8422609431615462E-7
94100000000000.0,0.9995639497198212,0.34286595364896566,0.6039097639017244,46694.56070738737,112.82708446803716,2.250174795399223E-18,0.2000132763512947,0.8187198833930432,1.8422630533739037E-7
94200000000000.0,0.9995648649014084,0.3428777735898201,0.6039045639966987,46694.35952641815,112.82718777328154,2.250176855674539E-18,0.20001305133381517,0.8187200676193486,1.8422651547044648E-7
94300000000000.0,0.9995657749440867,0.34288959077912523,0.603899363833849,46694.15869286693,112.82729053751731,2.2501789051602127E-18,0.2000128263161296,0.818720251845864,1.8422672472025573E-7
94400000000000.0,0.9995666798767178,0.34290140522646706,0.6038941634154907,46693.95820483215,112.8273927637486,2.2501809439161564E-18,0.20001260129823908,0.8187204360725888,1.8422693309172244E-7
94500000000000.0,0.9995675797279998,0.34291321694138044,0.6038889627439209,46693.75806042302,112.82749445496252,2.250182972001944E-18,0.2000123762801447,0.8187206202995219,1.842271405897233E-7
94600000000000.0,0.999568474526469,0.34292502593334884,0.6038837618214181,46693.55825775932,112.82759561412924,2.2501849894768114E-18,0.20001215126184752,0.8187208045266624,1.8422734721910727E-7
94700000000000.0,0.9995693643004997,0.34293683221180493,0.6038785606502428,46693.35879497147,112.82769624420197,2.250186996399656E-18,0.20001192624334857,0.8187209887540097,1.842275529846956E-7
94800000000000.0,0.9995702490783057,0.342948635786131,0.6038733592326377,46693.15967020033,112.82779634811725,2.250188992829043E-18,0.20001170122464892,0.8187211729815627,1.842277578912824E-7
94900000000000.0,0.9995711288879409,0.3429604366656587,0.6038681575708277,46692.96088159728,112.82789592879479,2.250190978823202E-18,0.20001147620574963,0.8187213572093206,1.8422796194363427E-7
95000000000000.0,0.9995720037573005,0.3429722348596698,0.6038629556670198,46692.76242732407,112.82799498913784,2.2501929544400338E-18,0.20001125118665175,0.8187215414372825,1.8422816514649092E-7
95100000000000.0,0.9995728737141215,0.3429840303773966,0.6038577535234032,46692.564305552805,112.82809353203304,2.2501949197371083E-18,0.2000110261673563,0.8187217256654477,1.842283675045649E-7
95200000000000.0,0.9995737387859843,0.34299582322802163,0.6038525511421504,46692.36651446584,112.82819156035072,2.2501968747716706E-18,0.20001080114786432,0.8187219098938151,1.8422856902254235E-7
95300000000000.0,0.9995745990003136,0.34300761342067826,0.6038473485254162,46692.16905225576,112.82828907694491,2.25019881960064E-18,0.20001057612817685,0.8187220941223842,1.8422876970508252E-7
95400000000000.0,0.9995754543843782,0.34301940096445127,0.603842145675338,46691.97191712534,112.82838608465337,2.250200754280611E-18,0.2000103511082949,0.8187222783511539,1.842289695568182E-7
95500000000000.0,0.9995763049652929,0.3430311858683763,0.6038369425940366,46691.77510728741,112.82848258629782,2.2502026788678598E-18,0.20001012608821947,0.8187224625801234,1.8422916858235614E-7
95600000000000.0,0.9995771507700193,0.34304296814144114,0.6038317392836159,46691.57862096488,112.82857858468392,2.2502045934183404E-18,0.20000990106795158,0.818722646809292,1.8422936678627666E-7
95700000000000.0,0.9995779918253656,0.3430547477925849,0.6038265357461627,46691.38245639065,112.82867408260132,2.2502064979876887E-18,0.20000967604749223,0.8187228310386588,1.84229564173134E-7
95800000000000.0,0.9995788281579892,0.3430665248306995,0.6038213319837479,46691.18661180755,112.82876908282392,2.2502083926312262E-18,0.20000945102684242,0.818723015268223,1.8422976074745682E-7
95900000000000.0,0.9995796597943963,0.34307829926462896,0.6038161279984254,46690.99108546827,112.82886358810993,2.2502102774039614E-18,0.20000922600600315,0.8187231994979838,1.8422995651374798E-7
96000000000000.0,0.9995804867609437,0.3430900711031697,0.6038109237922329,46690.79587563534,112.82895760120174,2.2502121523605876E-18,0.20000900098497543,0.8187233837279403,1.8423015147648467E-7
96100000000000.0,0.9995813090838385,0.34310184035507174,0.6038057193671916,46690.60098058106,112.82905112482632,2.25021401755549E-18,0.20000877596376018,0.8187235679580918,1.8423034564011882E-7
96200000000000.0,0.9995821267891397,0.3431136070290378,0.6038005147253074,46690.40639858742,112.82914416169508,2.250215873042744E-18,0.20000855094235842,0.8187237521884374,1.8423053900907694E-7
96300000000000.0,0.9995829399027593,0.34312537113372443,0.6037953098685694,46690.21212794607,112.82923671450409,2.2502177188761185E-18,0.2000083259207711,0.8187239364189763,1.8423073158776056E-7
96400000000000.0,0.9995837484504627,0.34313713267774176,0.6037901047989512,46690.01816695827,112.82932878593411,2.2502195551090778E-18,0.20000810089899923,0.818724120649708,1.8423092338054622E-7
96500000000000.0,0.9995845524578691,0.34314889166965373,0.603784899518411,46689.82451393481,112.82942037865065,2.2502213817947817E-18,0.20000787587704372,0.8187243048806313,1.842311143917855E-7
96600000000000.0,0.9995853519504533,0.3431606481179788,0.6037796940288911,46689.631167195985,112.82951149530415,2.2502231989860893E-18,0.20000765085490554,0.8187244891117458,1.842313046258054E-7
96700000000000.0,0.9995861469535458,0.3431724020311899,0.6037744883323183,46689.43812507154,112.82960213852994,2.250225006735558E-18,0.20000742583258566,0.8187246733430503,1.8423149408690828E-7
96800000000000.0,0.9995869374923346,0.3431841534177147,0.6037692824306043,46689.24538590054,112.82969231094853,2.2502268050954514E-18,0.200007200810085,0.8187248575745444,1.8423168277937232E-7
96900000000000.0,0.999587723591864,0.3431959022859357,0.6037640763256457,46689.052948031465,112.82978201516538,2.2502285941177305E-18,0.20000697578740448,0.8187250418062272,1.8423187070745109E-7
97000000000000.0,0.999588505277038,0.34320764864419073,0.6037588700193235,46688.86080982202,112.82987125377136,2.250230373854067E-18,0.20000675076454508,0.8187252260380979,1.8423205787537427E-7
97100000000000.0,0.9995892825726195,0.3432193925007733,0.6037536635135041,46688.66896963915,112.82996002934253,2.2502321443558364E-18,0.20000652574150768,0.8187254102701558,1.842322442873476E-7
97200000000000.0,0.999590055503231,0.34323113386393256,0.6037484568100394,46688.47742585896,112.8300483444404,2.2502339056741244E-18,0.20000630071829326,0.8187255945024001,1.8423242994755276E-7
97300000000000.0,0.9995908240933568,0.34324287274187343,0.6037432499107658,46688.286176866706,112.83013620161194,2.250235657859727E-18,0.2000060756949027,0.81872577873483,1.842326148601479E-7
97400000000000.0,0.9995915883673415,0.34325460914275735,0.6037380428175059,46688.09522105667,112.83022360338963,2.250237400963151E-18,0.20000585067133692,0.8187259629674448,1.8423279902926755E-7
97500000000000.0,0.9995923483493931,0.3432663430747021,0.6037328355320671,46687.90455683219,112.83031055229165,2.2502391350346175E-18,0.20000562564759683,0.8187261472002438,1.8423298245902274E-7
97600000000000.0,0.9995931040635827,0.34327807454578213,0.6037276280562429,46687.71418260555,112.8303970508219,2.2502408601240632E-18,0.20000540062368333,0.8187263314332264,1.8423316515350124E-7
97700000000000.0,0.9995938555338453,0.3432898035640291,0.6037224203918125,46687.524096797955,112.83048310147005,2.250242576281141E-18,0.20000517559959732,0.8187265156663915,1.842333471167676E-7
97800000000000.0,0.9995946027839809,0.34330153013743164,0.6037172125405406,46687.334297839465,112.83056870671176,2.250244283555225E-18,0.2000049505753397,0.8187266998997386,1.842335283528635E-7
97900000000000.0,0.9995953458376544,0.3433132542739358,0.6037120045041782,46687.14478416898,112.83065386900847,2.250245981995404E-18,0.20000472555091134,0.818726884133267,1.842337088658074E-7
98000000000000.0,0.999596084718398,0.34332497598144546,0.6037067962844622,46686.955554234126,112.83073859080787,2.2502476716504947E-18,0.20000450052631313,0.8187270683669758,1.8423388865959543E-7
98100000000000.0,0.99959681944961,0.34333669526782234,0.6037015878831162,46686.76660649128,112.83082287454366,2.250249352569033E-18,0.20000427550154598,0.8187272526008644,1.8423406773820066E-7
98200000000000.0,0.9995975500545573,0.3433484121408859,0.6036963793018493,46686.57793940547,112.83090672263579,2.2502510247992823E-18,0.2000040504766107,0.8187274368349322,1.8423424610557384E-7
98300000000000.0,0.9995982765563749,0.34336012660841453,0.6036911705423575,46686.389551450346,112.83099013749047,2.25025268838923E-18,0.20000382545150824,0.8187276210691783,1.8423442376564333E-7
98400000000000.0,0.999598998978067,0.3433718386781449,0.6036859616063233,46686.20144110811,112.83107312150028,2.2502543433865934E-18,0.2000036004262394,0.8187278053036021,1.8423460072231511E-7
98500000000000.0,0.9995997173425093,0.34338354835777257,0.6036807524954155,46686.01360686951,112.83115567704434,2.25025598983882E-18,0.20000337540080507,0.8187279895382028,1.8423477697947331E-7
98600000000000.0,0.9996004316724467,0.3433952556549524,0.6036755432112902,46685.826047233706,112.8312378064882,2.250257627793088E-18,0.20000315037520608,0.8187281737729798,1.8423495254097985E-7
98700000000000.0,0.999601141990496,0.34340696057729797,0.6036703337555901,46685.63876070838,112.83131951218397,2.2502592572963064E-18,0.2000029253494433,0.8187283580079323,1.842351274106747E-7
98800000000000.0,0.9996018483191473,0.34341866313238273,0.6036651241299444,46685.45174580951,112.83140079647059,2.250260878395122E-18,0.20000270032351758,0.8187285422430598,1.8423530159237637E-7
98900000000000.0,0.9996025506807625,0.3434303633277398,0.6036599143359699,46685.265001061416,112.83148166167359,2.2502624911359144E-18,0.20000247529742973,0.8187287264783614,1.842354750898814E-7
99000000000000.0,0.9996032490975783,0.3434420611708623,0.6036547043752702,46685.07852499672,112.83156211010547,2.250264095564803E-18,0.20000225027118063,0.8187289107138365,1.8423564790696516E-7
99100000000000.0,0.9996039435917049,0.34345375666920336,0.6036494942494367,46684.89231615627,112.83164214406553,2.2502656917276442E-18,0.20000202524477106,0.8187290949494843,1.8423582004738143E-7
99200000000000.0,0.9996046341851285,0.3434654498301765,0.6036442839600473,46684.70637308908,112.8317217658401,2.2502672796700356E-18,0.20000180021820188,0.8187292791853044,1.842359915148628E-7
99300000000000.0,0.999605320899711,0.34347714066115614,0.603639073508668,46684.52069435232,112.83180097770258,2.2502688594373165E-18,0.2000015751914739,0.8187294634212959,1.8423616231312075E-7
99400000000000.0,0.9996060037571907,0.3434888291694772,0.6036338628968522,46684.33527851127,112.83187978191347,2.2502704310745696E-18,0.20000135016458798,0.8187296476574583,1.842363324458457E-7
99500000000000.0,0.9996066827791834,0.3435005153624355,0.6036286521261409,46684.15012413925,112.8319581807205,2.2502719946266228E-18,0.20000112513754487,0.8187298318937907,1.8423650191670726E-7
99600000000000.0,0.9996073579871831,0.3435121992472883,0.6036234411980629,46683.96522981755,112.83203617635866,2.2502735501380494E-18,0.2000009001103454,0.8187300161302926,1.842366707293542E-7
99700000000000.0,0.9996080294025622,0.34352388083125474,0.6036182301141348,46683.78059413545,112.83211377105027,2.250275097653171E-18,0.20000067508299038,0.8187302003669633,1.8423683888741464E-7
99800000000000.0,0.9996086970465726,0.34353556012151487,0.6036130188758612,46683.59621569017,112.83219096700512,2.250276637216058E-18,0.20000045005548062,0.8187303846038022,1.8423700639449618E-7
99900000000000.0,0.9996093609403465,0.3435472371252112,0.6036078074847346,46683.41209308676,112.8322677664205,2.250278168870533E-18,0.2000002250278169,0.8187305688408086,1.8423717325418612E-7
100000000000000.0,0.9996100211048966,0.343558911849448,0.603602595942236,46683.228224938066,112.8323441714812,,0.2,0.8187307530779818,
