t_seconds,x_HII,x_HeII,x_HeIII,T_K,ne_m3,q_left_s_inverse,tau,survival,cell_probability
0.0,0.9,0.3,0.6,49999.99999999999,102.45,2.0432186905791888E-18,0.20022336042110622,0.8185479014538698,8.362362284077961E-8
50000000000.0,0.9019405085105088,0.3002908999998007,0.6000336502519886,49979.10134623248,102.64702391523224,2.047148050716754E-18,0.2002232582601717,0.8185479850774927,8.378444989145504E-8
100000000000.0,0.9037946595310841,0.30057737219143466,0.6000671500868805,49958.62301920692,102.83537283373953,2.0509044004546212E-18,0.20022315590276918,0.8185480688619425,8.393819612435985E-8
150000000000.0,0.9055682616237893,0.30085953309828184,0.6001005003305774,49938.54571371001,103.01562859258226,2.0544993437006145E-18,0.20022305335754917,0.8185481528001387,8.40853364545934E-8
200000000000.0,0.9072666130500961,0.3011374942948561,0.6001337017843867,49918.85147330556,103.18832195727774,2.057943465813692E-18,0.200222950632582,0.8185482368854751,8.422630411091331E-8
250000000000.0,0.9088945565816108,0.3014113627161496,0.6001667552271567,49899.52356667532,103.35393810547592,2.061246442968014E-18,0.20022284773540872,0.8185483211117792,8.436149511170044E-8
300000000000.0,0.9104565273996306,0.30168124094115656,0.6001996614171872,49880.546377866136,103.51292141929997,2.064417137729317E-18,0.20022274467308657,0.8185484054732743,8.449127217663236E-8
350000000000.0,0.9119565950785052,0.30194722745325153,0.6002324210939464,49861.90530860342,103.66567968587202,2.0674636828283945E-18,0.20022264145222968,0.8185484899645465,8.461596815529707E-8
400000000000.0,0.9133985004874978,0.30220941687977126,0.6002650349796135,49843.586691109034,103.81258778951347,2.0703935547967474E-18,0.20022253807904553,0.8185485745805147,8.4735889040894E-8
450000000000.0,0.9147856883140101,0.302467900212865,0.600297503780468,49825.5777100935,103.95399096592355,2.0732136388665215E-18,0.20022243455936778,0.8185486593164037,8.485131662640631E-8
500000000000.0,0.9161213358021614,0.30272276501343814,0.6003298281881437,49807.866332784506,104.09020767775087,2.0759302863196673E-18,0.20022233089868582,0.8185487441677204,8.496251085174115E-8
550000000000.0,0.9174083782104354,0.3029740955997985,0.6003620088807622,49790.44124601611,104.22153216194252,2.078549365291176E-18,0.2002222271021715,0.8185488291302312,8.506971188296369E-8
600000000000.0,0.9186495314169685,0.3032219732224376,0.6003940465239566,49773.2917995381,104.34823669174075,2.0810763058813643E-18,0.20022212317470323,0.8185489141999431,8.517314195861608E-8
650000000000.0,0.9198473120382856,0.3034664762262175,0.6004259417718019,49756.40795482005,104.47057358991808,2.083516140306971E-18,0.20022201912088794,0.818548999373085,8.527300703298926E-8
700000000000.0,0.9210040553746759,0.3037076802010943,0.6004576952676576,49739.78023872146,104.5887770245798,2.0858735387158677E-18,0.20022191494508093,0.8185490846460921,8.536949824191827E-8
750000000000.0,0.9221219314511323,0.303945658122392,0.6004893076449334,49723.3997014819,104.70306461443498,2.088152841201894E-18,0.200221810651404,0.8185491700155904,8.546279321305963E-8
800000000000.0,0.9232029593854394,0.30418048048153007,0.6005207795277856,49707.25787855525,104.81363886670188,2.090358086481821E-18,0.20022170624376193,0.8185492554783835,8.555305723955869E-8
850000000000.0,0.924249020283371,0.3044122154080175,0.6005521115317526,49691.34675587271,104.92068846765073,2.092493037633385E-18,0.2002216017258576,0.8185493410314407,8.564044433343502E-8
900000000000.0,0.9252618688341184,0.30464092878344323,0.6005833042643325,49675.65873817031,105.02438944310234,2.094561205239769E-18,0.2002214971012057,0.8185494266718851,8.572509817282081E-8
950000000000.0,0.9262431437562081,0.304866684348119,0.6006143583255112,49660.18662006123,105.12490620391368,2.0965658682403175E-18,0.20022139237314546,0.8185495123969833,8.580715295532212E-8
1000000000000.0,0.9271943772246493,0.3050895438009675,0.6006452743082449,49644.92355957194,105.22239248952982,2.0985100927483316E-18,0.20022128754485205,0.8185495982041362,8.588673416817795E-8
1050000000000.0,0.928117003393335,0.305309566893192,0.600676052798901,49629.86305389359,105.31699222100875,2.100396749063427E-18,0.2002211826193474,0.8185496840908704,8.59639592845284E-8
1100000000000.0,0.929012366112375,0.3055268115162119,0.600706694377662,49614.99891712946,105.40884027349125,2.1022285270773415E-18,0.20022107759950994,0.8185497700548297,8.603893839393074E-8
1150000000000.0,0.9298817259276816,0.3057413337843034,0.6007371996188945,49600.32525984387,105.49806317685153,2.1040079502474095E-18,0.2002209724880836,0.8185498560937681,8.611177477425443E-8
1200000000000.0,0.9307262664394812,0.3059531881123454,0.6007675690914888,49585.83647023997,105.58477975219931,2.1057373882906853E-18,0.2002208672876861,0.8185499422055429,8.618256541121575E-8
1250000000000.0,0.9315471000872035,0.30616242728903403,0.6007978033591694,49571.52719681281,105.66910169098155,2.1074190687332985E-18,0.20022076200081668,0.8185500283881083,8.625140147106023E-8
1300000000000.0,0.9323452734202139,0.3063691025458963,0.6008279029807811,49557.392332340656,105.7511340826333,2.1090550874336964E-18,0.20022065662986324,0.8185501146395098,8.631836873124946E-8
1350000000000.0,0.933121771906914,0.3065732636224057,0.6008578685105501,49543.426999092335,105.8309758960325,2.11064741818457E-18,0.20022055117710888,0.8185502009578784,8.638354797344058E-8
1400000000000.0,0.933877524328695,0.3067749588274756,0.600887700498326,49529.626535141026,105.90872041940975,2.112197921486225E-18,0.20022044564473798,0.8185502873414264,8.644701534255572E-8
1450000000000.0,0.9346134067999521,0.3069742350975824,0.6009173994898036,49515.986481686654,105.98445566283587,2.113708352573622E-18,0.2002203400348419,0.8185503737884418,8.650884267530598E-8
1500000000000.0,0.9353302464507657,0.3071711380517521,0.6009469660267265,49502.50257129849,106.05826472694977,2.1151803687701246E-18,0.20022023434942426,0.8185504602972844,8.65690978011596E-8
1550000000000.0,0.9360288248048118,0.3073657120436199,0.6009764006470755,49489.17071699902,106.13022614118466,2.116615536232938E-18,0.20022012859040583,0.8185505468663823,8.66278448184136E-8
1600000000000.0,0.9367098808815272,0.307558000210761,0.6010057038852415,49475.987002117465,106.20041417439704,2.1180153361481604E-18,0.20022002275962902,0.8185506334942271,8.668514434773979E-8
1650000000000.0,0.9373741140484325,0.30774804452146987,0.6010348762721857,49462.94767084888,106.26889912048975,2.1193811704271248E-18,0.20021991685886223,0.8185507201793714,8.674105376531992E-8
1700000000000.0,0.9380221866467803,0.3079358858191548,0.6010639183355854,49450.04911946036,106.33574756134773,2.1207143669502787E-18,0.2002198108898037,0.8185508069204251,8.679562741746273E-8
1750000000000.0,0.9386547264112634,0.3081215638645003,0.601092830599972,49437.28788809182,106.40102260916122,2.122016184399971E-18,0.20021970485408536,0.8185508937160526,8.68489168183963E-8
1800000000000.0,0.9392723287023895,0.30830511737553684,0.6011216135868551,49424.66065310375,106.46478412999771,2.123287816719277E-18,0.20021959875327613,0.8185509805649694,8.690097083275508E-8
1850000000000.0,0.939875558568225,0.30848658406575014,0.6011502678148382,49412.164219928476,106.52708895029454,2.124530397230196E-18,0.2002194925888853,0.8185510674659402,8.695183584412612E-8
1900000000000.0,0.9404649526505308,0.3086660006803486,0.601178793799726,49399.795516385806,106.58799104777543,2.1257450024412104E-18,0.20021938636236544,0.818551154417776,8.700155591088154E-8
1950000000000.0,0.9410410209488249,0.3088434030308017,0.6012071920546237,49387.5515864269,106.6475417281449,2.1269326555712015E-18,0.20021928007511533,0.818551241419332,8.705017291040246E-8
2000000000000.0,0.9416042484545722,0.30901882602775244,0.6012354630900273,49375.42958427422,106.70578978878203,2.1280943298140883E-18,0.20021917372848255,0.8185513284695048,8.70977266726915E-8
2050000000000.0,0.9421550966665236,0.30919230371239914,0.6012636074139089,49363.42676892754,106.76278167053617,2.1292309513661756E-18,0.20021906732376607,0.8185514155672315,8.714425510427336E-8
2100000000000.0,0.9426940049971675,0.3093638692864371,0.6012916255317947,49351.54049900878,106.81856159862197,2.1303434022361033E-18,0.2002189608622185,0.8185515027114867,8.718979430319817E-8
2150000000000.0,0.9432213920793151,0.30953355514064185,0.6013195179468368,49339.76822792114,106.87317171351633,2.131432522855399E-18,0.20021885434504838,0.818551589901281,8.723437866588397E-8
2200000000000.0,0.943737656980998,0.30970139288217224,0.6013472851598807,49328.107499299396,106.92665219267585,2.1324991145059585E-18,0.20021874777342225,0.8185516771356597,8.727804098646662E-8
2250000000000.0,0.9442431803360937,0.30986741336066415,0.6013749276695264,49316.55594273098,106.97904136381702,2.1335439415792586E-18,0.20021864114846652,0.8185517644137006,8.732081254926285E-8
2300000000000.0,0.9447383253974277,0.3100316466931829,0.6014024459721868,49305.11126972822,107.03037581043449,2.1345677336807656E-18,0.20021853447126944,0.8185518517345132,8.736272321489786E-8
2350000000000.0,0.9452234390184802,0.3101941222880965,0.60142984056214,49293.77126993465,107.08069047017074,2.135571187591778E-18,0.20021842774288276,0.8185519390972363,8.740380150059781E-8
2400000000000.0,0.9456988525692837,0.31035486886792807,0.6014571119315776,49282.53380754898,107.13001872659635,2.136554969099855E-18,0.20021832096432338,0.8185520265010379,8.744407465510415E-8
2450000000000.0,0.9461648827916005,0.31051391449124266,0.6014842605706519,49271.39681795186,107.17839249491018,2.1375197147079816E-18,0.20021821413657492,0.8185521139451125,8.748356872862485E-8
2500000000000.0,0.9466218325980303,0.31067128657361853,0.6015112869675167,49260.35830452203,107.22584230202484,2.1384660332317597E-18,0.2002181072605892,0.8185522014286812,8.752230863820284E-8
2550000000000.0,0.9470699918192836,0.31082701190775214,0.6015381916083667,49249.416335628855,107.2723973614616,2.139394507293079E-18,0.20021800033728754,0.8185522889509899,8.756031822884776E-8
2600000000000.0,0.9475096379035103,0.31098111668274053,0.6015649749774743,49238.56904178994,107.31808564344385,2.1403056947180337E-18,0.20021789336756218,0.8185523765113081,8.75976203307487E-8
2650000000000.0,0.9479410365712295,0.31113362650258397,0.601591637557222,49227.814612982795,107.36293394054428,2.1412001298461574E-18,0.20021778635227744,0.8185524641089285,8.763423681285739E-8
2700000000000.0,0.9483644424291179,0.31128456640394786,0.6016181798281339,49217.15129610091,107.40696792921158,2.1420783247574874E-18,0.20021767929227094,0.8185525517431653,8.767018863310849E-8
2750000000000.0,0.9487800995456392,0.31143396087322095,0.6016446022689043,49206.57739254467,107.45021222747546,2.1429407704234098E-18,0.2002175721883547,0.8185526394133539,8.770549588552039E-8
2800000000000.0,0.9491882419912577,0.31158183386290494,0.6016709053564248,49196.09125593892,107.49269044910454,2.1437879377867588E-18,0.20021746504131618,0.8185527271188497,8.774017784440062E-8
2850000000000.0,0.9495890943457483,0.3117282088073686,0.6016970895658084,49185.691289969094,107.53442525446842,2.1446202787761893E-18,0.2002173578519193,0.8185528148590276,8.77742530058611E-8
2900000000000.0,0.9499828721749232,0.3118731086379963,0.601723155370413,49175.3759463286,107.57543839833654,2.145438227259457E-18,0.20021725062090537,0.8185529026332806,8.780773912683334E-8
2950000000000.0,0.9503697824789005,0.3120165557977603,0.601749103241862,49165.14372277066,107.61575077482637,2.146242199939844E-18,0.20021714334899401,0.8185529904410197,8.784065326175646E-8
3000000000000.0,0.9507500241138824,0.312158572255245,0.6017749336500645,49154.99316125838,107.65538245969785,2.147032597199664E-18,0.200217036036884,0.818553078281673,8.787301179709945E-8
3050000000000.0,0.9511237881892463,0.3122991795181481,0.6018006470632331,49144.92284620698,107.69435275017493,2.1478098038944425E-18,0.20021692868525415,0.8185531661546848,8.790483048386476E-8
3100000000000.0,0.9514912584416246,0.31243839864628253,0.6018262439479012,49134.931402812836,107.73268020246178,2.1485741901011268E-18,0.20021682129476395,0.8185532540595153,8.793612446821035E-8
3150000000000.0,0.9518526115875099,0.31257625026410335,0.6018517247689382,49125.017495464235,107.77038266710743,2.1493261118233805E-18,0.20021671386605444,0.8185533419956398,8.796690832031535E-8
3200000000000.0,0.9522080176558129,0.3127127545727808,0.6018770899895648,49115.1798262291,107.80747732236215,2.150065911656831E-18,0.20021660639974884,0.8185534299625481,8.799719606160681E-8
3250000000000.0,0.9525576403016895,0.31284793136183964,0.6019023400713654,49105.41713341509,107.8439807056569,2.150793919416882E-18,0.20021649889645327,0.8185535179597442,8.802700119045414E-8
3300000000000.0,0.9529016371028587,0.31298180002038434,0.6019274754743024,49095.72819019814,107.87990874332849,2.1515104527315373E-18,0.20021639135675728,0.8185536059867453,8.805633670643188E-8
3350000000000.0,0.9532401598395367,0.31311437954792914,0.6019524966567255,49086.1118033156,107.91527677870313,2.152215817601489E-18,0.20021628378123466,0.8185536940430821,8.808521513324229E-8
3400000000000.0,0.9535733547590399,0.3132456885648494,0.6019774040753844,49076.56681182004,107.95009959864362,2.1529103089295616E-18,0.20021617617044377,0.8185537821282972,8.811364854038415E-8
3450000000000.0,0.9539013628260226,0.3133757453224709,0.6020021981854381,49067.09208589079,107.98439145865704,2.153594211021452E-18,0.20021606852492832,0.8185538702419457,8.814164856364648E-8
3500000000000.0,0.9542243199592562,0.31350456771281326,0.6020268794404641,49057.686525699675,108.01816610665368,2.1542677980595627E-18,0.20021596084521776,0.8185539583835943,8.816922642450128E-8
3550000000000.0,0.954542357255783,0.3136321732780021,0.602051448292467,49048.34906032826,108.05143680544067,2.15493133455161E-18,0.20021585313182785,0.8185540465528207,8.819639294846372E-8
3600000000000.0,0.9548556012032258,0.3137585792193624,0.6020759051918873,49039.07864673362,108.08421635402861,2.1555850757555495E-18,0.20021574538526113,0.8185541347492137,8.822315858248312E-8
3650000000000.0,0.9551641738809762,0.3138838024062097,0.602100250587608,49029.874268760206,108.11651710782346,2.156229268082279E-18,0.20021563760600733,0.8185542229723722,8.824953341142443E-8
3700000000000.0,0.955468193150936,0.3140078593843483,0.6021244849269618,49020.73493619522,108.14835099777126,2.156864149477449E-18,0.20021552979454393,0.8185543112219057,8.827552717369465E-8
3750000000000.0,0.9557677728384382,0.3141307663842901,0.602148608655738,49011.65968386536,108.17972954851867,2.157489949783651E-18,0.20021542195133646,0.8185543994974328,8.83011492760661E-8
3800000000000.0,0.9560630229039347,0.3142525393292062,0.6021726222181885,49002.64757077267,108.21066389564781,2.1581068910841405E-18,0.20021531407683896,0.8185544877985821,8.832640880774416E-8
3850000000000.0,0.9563540496059941,0.31437319384262047,0.6021965260570328,48993.69767926748,108.24116480203992,2.1587151880291863E-18,0.2002152061714944,0.8185545761249909,8.835131455372358E-8
3900000000000.0,0.9566409556561187,0.3144927452558561,0.602220320613464,48984.80911425668,108.27124267341898,2.1593150481460682E-18,0.200215098235735,0.8185546644763055,8.837587500747595E-8
3950000000000.0,0.9569238403658574,0.3146112086152459,0.6022440063271532,48975.98100244526,108.30090757312303,2.1599066721336668E-18,0.2002149902699826,0.8185547528521805,8.840009838300643E-8
4000000000000.0,0.9572027997866553,0.31472859868911385,0.6022675836362552,48967.212491609804,108.33016923614701,2.16049025414253E-18,0.20021488227464898,0.8185548412522788,8.842399262631598E-8
4050000000000.0,0.9574779268428594,0.3148449299745387,0.6022910529774113,48958.50274990196,108.35903708249964,2.1610659820412557E-18,0.20021477425013628,0.8185549296762715,8.844756542630366E-8
4100000000000.0,0.9577493114582634,0.31496021670390695,0.6023144147857545,48949.85096518078,108.3875202299123,2.1616340376699533E-18,0.20021466619683717,0.8185550181238369,8.847082422514011E-8
4150000000000.0,0.9580170406765578,0.3150744728512629,0.6023376694949134,48941.25634437213,108.41562750593683,2.162194597081516E-18,0.20021455811513528,0.8185551065946611,8.849377622814207E-8
4200000000000.0,0.9582811987760242,0.3151877121384654,0.6023608175370151,48932.71811285424,108.44336745946613,2.162747830771383E-18,0.20021445000540541,0.8185551950884374,8.851642841317596E-8
4250000000000.0,0.9585418673787921,0.3152999480411565,0.602383859342689,48924.23551386783,108.47074837170945,2.163293903896426E-18,0.20021434186801387,0.8185552836048658,8.853878753961621E-8
4300000000000.0,0.9587991255549577,0.31541119379455057,0.6024067953410703,48915.80780794975,108.49777826665232,2.1638329764835577E-18,0.20021423370331867,0.8185553721436534,8.856086015688304E-8
4350000000000.0,0.9590530499218421,0.3155214623990499,0.6024296259598031,48907.434272389044,108.52446492102906,2.1643652036286196E-18,0.20021412551166984,0.8185554607045136,8.858265261258233E-8
4400000000000.0,0.959303714738655,0.3156307666256928,0.6024523516250425,48899.11420070437,108.55081587383445,2.1648907356860775E-18,0.20021401729340965,0.8185555492871661,8.860417106026935E-8
4450000000000.0,0.9595511919968055,0.3157391190214419,0.6024749727614591,48890.84690214171,108.57683843539874,2.16540971845001E-18,0.20021390904887287,0.8185556378913372,8.862542146685607E-8
4500000000000.0,0.9597955515060984,0.3158465319143165,0.6024974897922398,48882.63170119153,108.60253969604985,2.165922293326865E-18,0.20021380077838696,0.8185557265167587,8.864640961968159E-8
4550000000000.0,0.9600368609770253,0.31595301741837606,0.6025199031390918,48874.467937124384,108.62792653438399,2.1664285975004036E-18,0.2002136924822723,0.8185558151631683,8.866714113326278E-8
4600000000000.0,0.9602751860993621,0.31605858743855947,0.6025422132222441,48866.354963544276,108.6530056251655,2.166928764089252E-18,0.20021358416084242,0.8185559038303094,8.868762145574251E-8
4650000000000.0,0.9605105906172612,0.3161632536753857,0.6025644204604512,48858.29214795871,108.67778344687531,2.1674229222974443E-18,0.2002134758144042,0.8185559925179309,8.870785587505084E-8
4700000000000.0,0.9607431364010192,0.3162670276295204,0.6025865252709941,48850.278871365124,108.70226628892544,2.1679111975583067E-18,0.2002133674432581,0.8185560812257867,8.872784952479387E-8
4750000000000.0,0.9609728835156939,0.31636992060621266,0.6026085280696833,48842.314527852286,108.7264602585577,2.1683937116720392E-18,0.2002132590476982,0.8185561699536363,8.874760738988446E-8
4800000000000.0,0.9611998902867273,0.3164719437196079,0.602630429270861,48834.3985242169,108.75037128744177,2.1688705829373094E-18,0.20021315062801262,0.8185562587012437,8.876713431192805E-8
4850000000000.0,0.9614242133627272,0.3165731078969401,0.6026522292874028,48826.53027959377,108.77400513798821,2.1693419262771516E-18,0.20021304218448346,0.818556347468378,8.878643499437535E-8
4900000000000.0,0.9616459077755511,0.31667342388260716,0.6026739285307208,48818.70922509981,108.79736740939073,2.169807853359475E-18,0.20021293371738716,0.818556436254813,8.880551400745435E-8
4950000000000.0,0.9618650269978241,0.31677290224213445,0.6026955274107644,48810.93480349064,108.82046354341081,2.1702684727124272E-18,0.2002128252269945,0.8185565250603271,8.882437579289184E-8
5000000000000.0,0.9620816229980199,0.31687155336602985,0.6027170263360239,48803.20646882957,108.84329882991804,2.17072388983489E-18,0.20021271671357085,0.8185566138847028,8.884302466843572E-8
5050000000000.0,0.9622957462932249,0.31696938747353376,0.6027384257135312,48795.523686168446,108.86587841219743,2.171174207302325E-18,0.20021260817737635,0.8185567027277275,8.886146483218685E-8
5100000000000.0,0.962507445999695,0.31706641461626767,0.6027597259488628,48787.8859312396,108.88820729203564,2.171619524868212E-18,0.200212499618666,0.8185567915891923,8.887970036675072E-8
5150000000000.0,0.9627167698813164,0.317162644681785,0.6027809274461414,48780.29269015881,108.91029033459641,2.172059939561282E-18,0.20021239103768976,0.8185568804688926,8.889773524321688E-8
5200000000000.0,0.9629237643960675,0.31725808739702666,0.6028020306080376,48772.74345913842,108.9321322730955,2.172495545778752E-18,0.20021228243469277,0.8185569693666279,8.891557332497476E-8
5250000000000.0,0.96312847474058,0.31735275233168564,0.602823035835773,48765.23774421057,108.95373771328482,2.1729264353757558E-18,0.2002121738099155,0.8185570582822013,8.893321837137387E-8
5300000000000.0,0.9633309448928878,0.3174466489014826,0.602843943529121,48757.77506095967,108.9751111377545,2.17335269775114E-18,0.20021206516359372,0.8185571472154196,8.895067404123504E-8
5350000000000.0,0.9635312176534494,0.3175397863713554,0.6028647540864097,48750.35493426428,108.99625691006159,2.1737744199298085E-18,0.20021195649595883,0.8185572361660937,8.89679438962208E-8
5400000000000.0,0.9637293346845246,0.3176321738585655,0.6028854679045238,48742.976898047615,109.01717927869365,2.1741916866417675E-18,0.20021184780723783,0.8185573251340376,8.898503140407014E-8
5450000000000.0,0.963925336547983,0.31772382033572505,0.6029060853789061,48735.640495036416,109.03788238087466,2.174604580398031E-18,0.2002117390976535,0.8185574141190689,8.900193994170533E-8
5500000000000.0,0.964119262741615,0.31781473463374443,0.6029266069035605,48728.34527652789,109.05837024622069,2.1750131815635274E-18,0.20021163036742448,0.8185575031210088,8.901867279821572E-8
5550000000000.0,0.9643111517340147,0.3179049254447056,0.6029470328710534,48721.09080216449,109.07864680025202,2.1754175684271422E-18,0.2002115216167654,0.8185575921396817,8.903523317772432E-8
5600000000000.0,0.9645010409981009,0.31799440132466233,0.602967363672516,48713.87663971599,109.09871586776856,2.175817817269039E-18,0.20021141284588698,0.8185576811749149,8.905162420214312E-8
5650000000000.0,0.9646889670433355,0.31808317069636877,0.6029875996976467,48706.70236486878,109.11858117609434,2.1762140024253622E-18,0.20021130405499613,0.8185577702265391,8.906784891382124E-8
5700000000000.0,0.9648749654467007,0.31817124185194046,0.6030077413347125,48699.56756102203,109.13824635819739,2.1766061963504635E-18,0.200211195244296,0.818557859294388,8.908391027809147E-8
5750000000000.0,0.9650590708824882,0.31825862295544827,0.6030277889705525,48692.47181909034,109.15771495569021,2.1769944696767365E-18,0.2002110864139862,0.8185579483782982,8.909981118571936E-8
5800000000000.0,0.9652413171509541,0.31834532204544796,0.6030477429905788,48685.41473731288,109.17699042171624,2.177378891272188E-18,0.2002109775642627,0.8185580374781094,8.911555445525928E-8
5850000000000.0,0.9654217372058894,0.3184313470374474,0.6030676037787795,48678.39592106854,109.19607612372751,2.177759528295831E-18,0.20021086869531815,0.8185581265936639,8.913114283532162E-8
5900000000000.0,0.9656003631811548,0.3185167057263131,0.6030873717177206,48671.41498269695,109.21497534615804,2.1781364462510045E-18,0.20021075980734174,0.8185582157248067,8.914657900675491E-8
5950000000000.0,0.9657772264162222,0.31860140578861795,0.6031070471885487,48664.47154132509,109.23369129299766,2.1785097090367006E-18,0.20021065090051943,0.8185583048713857,8.916186558474652E-8
6000000000000.0,0.9659523574807688,0.3186854547849317,0.603126630570993,48657.56522269953,109.2522270902703,2.178879378996996E-18,0.20021054197503396,0.8185583940332514,8.917700512084579E-8
6050000000000.0,0.9661257861983632,0.3187688601620568,0.603146122243368,48650.6956590236,109.2705857884213,2.1792455169686585E-18,0.200210433031065,0.8185584832102565,8.919200010491238E-8
6100000000000.0,0.9662975416692824,0.3188516292552092,0.6031655225825754,48643.86248879984,109.28877036461722,2.1796081823270162E-18,0.20021032406878916,0.8185585724022565,8.920685296699356E-8
6150000000000.0,0.9664676522924968,0.31893376929014866,0.6031848319641068,48637.06535667718,109.30678372496209,2.1799674330301573E-18,0.20021021508838005,0.8185586616091095,8.922156607913321E-8
6200000000000.0,0.9666361457868585,0.31901528738525714,0.6032040507620464,48630.30391330278,109.32462870663346,2.1803233256615284E-18,0.2002101060900084,0.8185587508306756,8.92361417571152E-8
6250000000000.0,0.9668030492115262,0.3190961905535682,0.6032231793490733,48623.57781517847,109.34230807994184,2.1806759154710103E-18,0.2002099970738421,0.8185588400668173,8.925058226214455E-8
6300000000000.0,0.9669683889856582,0.31917648570474944,0.6032422180964641,48616.886724521355,109.35982455031655,2.1810252564145198E-18,0.20020988804004633,0.8185589293173996,8.926488980246821E-8
6350000000000.0,0.9671321909074051,0.31925617964703784,0.6032611673740952,48610.23030912879,109.37718076022091,2.1813714011922086E-18,0.2002097789887835,0.8185590185822894,8.927906653493837E-8
6400000000000.0,0.9672944801722303,0.31933527908913006,0.6032800275504456,48603.60824224723,109.3943792910002,2.181714401285315E-18,0.20020966992021344,0.818559107861356,8.929311456652076E-8
6450000000000.0,0.9674552813905848,0.31941379064202935,0.6032987989926003,48597.020202445055,109.41142266466449,2.182054306991722E-18,0.20020956083449337,0.8185591971544706,8.930703595574988E-8
6500000000000.0,0.9676146186049649,0.31949172082084953,0.6033174820662509,48590.465873489105,109.42831334560931,2.1823911674602733E-18,0.200209451731778,0.8185592864615064,8.932083271413359E-8
6550000000000.0,0.9677725153063763,0.31956907604657797,0.6033360771357008,48583.94494422484,109.44505374227685,2.182725030723903E-18,0.20020934261221965,0.8185593757823392,8.933450680750876E-8
6600000000000.0,0.9679289944502283,0.31964586264779765,0.6033545845638667,48577.457108459996,109.46164620875973,2.18305594373162E-18,0.2002092334759681,0.818559465116846,8.934806015735058E-8
6650000000000.0,0.9680840784716829,0.31972208686237114,0.603373004712281,48571.00206485158,109.47809304634983,2.183383952379399E-18,0.20020912432317092,0.8185595544649061,8.936149464203658E-8
6700000000000.0,0.9682377893004773,0.3197977548390859,0.6033913379410953,48564.57951679618,109.49439650503433,2.1837091015400168E-18,0.2002090151539733,0.8185596438264008,8.937481209806796E-8
6750000000000.0,0.9683901483752448,0.3198728726392623,0.6034095846090833,48558.1891723233,109.51055878494115,2.184031435091876E-18,0.20020890596851823,0.8185597332012129,8.938801432124916E-8
6800000000000.0,0.9685411766573493,0.31994744623832677,0.6034277450736434,48551.8307439919,109.52658203773552,2.1843509959468625E-18,0.20020879676694647,0.8185598225892272,8.94011030678279E-8
6850000000000.0,0.9686908946442563,0.320021481527349,0.6034458196908017,48545.50394878969,109.54246836796993,2.184667826077264E-18,0.20020868754939666,0.8185599119903303,8.941408005559708E-8
6900000000000.0,0.9688393223824566,0.3200949843145451,0.6034638088152149,48539.20850803533,109.55821983438895,2.184981966541797E-18,0.20020857831600536,0.8185600014044103,8.94269469649598E-8
6950000000000.0,0.9689864794799603,0.3201679603267485,0.603481712800173,48532.944147283415,109.57383845119091,2.1852934575107644E-18,0.20020846906690704,0.8185600908313573,8.94397054399591E-8
7000000000000.0,0.9691323851183767,0.32024041521084706,0.6034995319976034,48526.710596232006,109.58932618924793,2.1856023382903928E-18,0.20020835980223417,0.8185601802710628,8.945235708927395E-8
7050000000000.0,0.9692770580645999,0.320312354535191,0.6035172667580725,48520.50758863281,109.60468497728607,2.1859086473463632E-18,0.20020825052211724,0.8185602697234199,8.946490348718232E-8
7100000000000.0,0.9694205166821079,0.32038378379096766,0.6035349174307898,48514.334862203716,109.61991670302695,2.1862124223265832E-18,0.20020814122668487,0.8185603591883234,8.947734617449317E-8
7150000000000.0,0.969562778941899,0.3204547083935488,0.6035524843636105,48508.19215854385,109.63502321429229,2.1865137000832136E-18,0.20020803191606376,0.8185604486656696,8.948968665944799E-8
7200000000000.0,0.9697038624330704,0.32052513368380753,0.6035699679030393,48502.07922305083,109.65000632007309,2.1868125166939922E-18,0.20020792259037876,0.8185605381553561,8.950192641859339E-8
7250000000000.0,0.9698437843730587,0.3205950649294072,0.6035873683942324,48495.995804840364,109.66486779156422,2.1871089074828664E-18,0.20020781324975293,0.8185606276572825,8.951406689762567E-8
7300000000000.0,0.9699825616175514,0.3206645073260636,0.6036046861810022,48489.941656667914,109.67960936316611,2.1874029070399723E-18,0.20020770389430756,0.8185607171713495,8.952610951220844E-8
7350000000000.0,0.9701202106700836,0.320733465998779,0.6036219216058194,48483.91653485252,109.69423273345484,2.1876945492409796E-18,0.2002075945241622,0.818560806697459,8.953805564876432E-8
7400000000000.0,0.9702567476913304,0.32080194600305156,0.6036390750098166,48477.92019920259,109.70873956612134,2.1879838672658238E-18,0.20020748513943473,0.8185608962355146,8.954990666524168E-8
7450000000000.0,0.9703921885081066,0.32086995232605814,0.6036561467327919,48471.952412943756,109.72313149088129,2.188270893616853E-18,0.20020737574024136,0.8185609857854214,8.956166389185727E-8
7500000000000.0,0.9705265486220842,0.32093748988781307,0.6036731371132114,48466.012942648485,109.73741010435657,2.1885556601364066E-18,0.2002072663266967,0.8185610753470852,8.957332863181564E-8
7550000000000.0,0.9706598432182382,0.3210045635423021,0.6036900464882133,48460.101558167684,109.75157697092926,2.188838198023847E-18,0.2002071568989137,0.8185611649204139,8.95849021620063E-8
7600000000000.0,0.9707920871730306,0.32107117807859364,0.6037068751936117,48454.218032563935,109.76563362356934,2.1891185378520673E-18,0.2002070474570038,0.818561254505316,8.959638573367921E-8
7650000000000.0,0.9709232950623407,0.3211373382219262,0.6037236235638985,48448.36214204663,109.77958156463677,2.189396709583488E-18,0.2002069380010769,0.8185613441017018,8.960778057309957E-8
7700000000000.0,0.9710534811691536,0.32120304863477384,0.6037402919322482,48442.53366590862,109.79342226665929,2.189672742585569E-18,0.20020682853124142,0.8185614337094823,8.961908788218265E-8
7750000000000.0,0.9711826594910126,0.32126831391788985,0.6037568806305206,48436.732386464566,109.80715717308638,2.189946665645844E-18,0.2002067190476043,0.8185615233285702,8.963030883910907E-8
7800000000000.0,0.9713108437472453,0.3213331386113288,0.6037733899892642,48430.958088990876,109.82078769902036,2.190218506986505E-18,0.200206609550271,0.8185616129588791,8.964144459892175E-8
7850000000000.0,0.9714380473859715,0.32139752719544823,0.6037898203377207,48425.21056166709,109.83431523192554,2.190488294278543E-18,0.20020650003934565,0.8185617026003237,8.965249629410464E-8
7900000000000.0,0.971564283590899,0.3214614840918901,0.6038061720038276,48419.48959551883,109.84774113231613,2.1907560546554673E-18,0.20020639051493094,0.8185617922528199,8.966346503514418E-8
7950000000000.0,0.9716895652879185,0.32152501366454134,0.6038224453142217,48413.79498436216,109.86106673442363,2.191021814726617E-18,0.2002062809771282,0.818561881916285,8.96743519110741E-8
8000000000000.0,0.9718139051514988,0.32158812022047695,0.603838640594243,48408.126524749256,109.87429334684428,2.1912856005900716E-18,0.20020617142603747,0.8185619715906368,8.968515799000389E-8
8050000000000.0,0.9719373156108945,0.32165080801088275,0.6038547581679383,48402.484015915565,109.88742225316756,2.191547437845187E-18,0.20020606186175743,0.8185620612757949,8.969588431963171E-8
8100000000000.0,0.9720598088561697,0.32171308123196085,0.6038707983580647,48396.86725972813,109.90045471258611,2.1918073516047593E-18,0.20020595228438554,0.8185621509716792,8.970653192774238E-8
8150000000000.0,0.9721813968440451,0.32177494402581586,0.6038867614860931,48391.27606063534,109.91339196048794,2.1920653665068352E-18,0.20020584269401795,0.8185622406782112,8.971710182269067E-8
8200000000000.0,0.9723020913035745,0.32183640048132534,0.6039026478722123,48385.71022561771,109.92623520903118,2.1923215067261745E-18,0.20020573309074963,0.8185623303953129,8.972759499387037E-8
8250000000000.0,0.9724219037416544,0.3218974546349913,0.603918457835332,48380.169564140095,109.93898564770237,2.1925757959853843E-18,0.2002056234746743,0.8185624201229079,8.973801241217015E-8
8300000000000.0,0.9725408454483778,0.32195811047177664,0.6039341916930868,48374.6538881048,109.95164444385877,2.192828257565736E-18,0.2002055138458845,0.8185625098609204,8.974835503041601E-8
8350000000000.0,0.9726589275022294,0.32201837192592414,0.6039498497618404,48369.16301180611,109.96421274325465,2.1930789143176584E-18,0.20020540420447164,0.8185625996092754,8.975862378380101E-8
8400000000000.0,0.9727761607751355,0.32207824288175985,0.603965432356688,48363.69675188563,109.97669167055318,2.19332778867095E-18,0.2002052945505259,0.8185626893678991,8.976881959030308E-8
8450000000000.0,0.9728925559373676,0.3221377271744816,0.6039809397914617,48358.25492728893,109.98908232982322,2.193574902644685E-18,0.20020518488413647,0.8185627791367187,8.977894335109037E-8
8500000000000.0,0.9730081234623074,0.32219682859093113,0.6039963723787332,48352.83735922303,110.00138580502244,2.193820277856848E-18,0.20020507520539133,0.8185628689156621,8.978899595091572E-8
8550000000000.0,0.9731228736310782,0.32225555087035274,0.6040117304298173,48347.443871115,110.01360316046672,2.194063935533697E-18,0.20020496551437744,0.818562958704658,8.979897825849987E-8
8600000000000.0,0.9732368165370435,0.3223138977051361,0.6040270142547767,48342.07428857154,110.02573544128627,2.1943058965188594E-18,0.20020485581118067,0.8185630485036363,8.98088911269035E-8
8650000000000.0,0.9733499620901818,0.3223718727415455,0.6040422241624248,48336.72843933941,110.03778367386926,2.194546181282178E-18,0.20020474609588584,0.8185631383125275,8.98187353938896E-8
8700000000000.0,0.9734623200213386,0.3224294795804359,0.6040573604603302,48331.406153266915,110.04974886629296,2.1947848099283125E-18,0.20020463636857677,0.8185632281312628,8.982851188227522E-8
8750000000000.0,0.9735738998863609,0.32248672177795434,0.6040724234548202,48326.10726226616,110.06163200874312,2.195021802205101E-18,0.20020452662933627,0.8185633179597748,8.983822140027387E-8
8800000000000.0,0.973684711070116,0.32254360284622896,0.6040874134509847,48320.83160027622,110.07343407392165,2.195257177511692E-18,0.20020441687824617,0.8185634077979961,8.984786474182821E-8
8850000000000.0,0.9737947627904028,0.3226001262540442,0.6041023307526799,48315.57900322724,110.08515601744332,2.195490954906454E-18,0.20020430711538728,0.8185634976458609,8.985744268693388E-8
8900000000000.0,0.9739040641017522,0.32265629542750485,0.6041171756625326,48310.349309005185,110.09679877822155,2.1957231531146732E-18,0.20020419734083952,0.8185635875033036,8.986695600195443E-8
8950000000000.0,0.9740126238991271,0.3227121137506863,0.6041319484819436,48305.142357417564,110.10836327884368,2.195953790536033E-18,0.20020408755468186,0.8185636773702596,8.987640543992754E-8
9000000000000.0,0.9741204509215201,0.32276758456627314,0.6041466495110913,48299.95799015981,110.11985042593619,2.1961828852519027E-18,0.20020397775699234,0.818563767246665,8.988579174086323E-8
9050000000000.0,0.9742275537554553,0.32282271117618644,0.6041612790489368,48294.79605078248,110.13126111052023,2.1964104550324243E-18,0.20020386794784809,0.8185638571324567,8.9895115632034E-8
9100000000000.0,0.9743339408383956,0.3228774968421992,0.6041758373932264,48289.65638465916,110.14259620835738,2.1966365173434092E-18,0.20020375812732533,0.8185639470275724,8.990437782825697E-8
9150000000000.0,0.9744396204620575,0.32293194478653986,0.6041903248404963,48284.53883895509,110.15385658028626,2.1968610893530525E-18,0.20020364829549947,0.8185640369319502,8.991357903216882E-8
9200000000000.0,0.9745446007756394,0.3229860581924863,0.6042047416860764,48279.44326259656,110.16504307255045,2.197084187938472E-18,0.200203538452445,0.8185641268455293,8.992271993449326E-8
9250000000000.0,0.9746488897889641,0.32303984020494714,0.6042190882240942,48274.369506240786,110.17615651711743,2.1973058296920685E-18,0.20020342859823562,0.8185642167682492,8.993180121430147E-8
9300000000000.0,0.9747524953755365,0.3230932939310342,0.6042333647474784,48269.317422246735,110.18719773198937,2.1975260309277252E-18,0.20020331873294414,0.8185643067000503,8.994082353926577E-8
9350000000000.0,0.9748554252755224,0.3231464224406233,0.604247571547963,48264.28686464635,110.1981675215056,2.1977448076868396E-18,0.20020320885664258,0.8185643966408739,8.994978756590643E-8
9400000000000.0,0.9749576870986493,0.3231992287669059,0.6042617089160921,48259.27768911644,110.20906667663738,2.1979621757442022E-18,0.2002030989694022,0.8185644865906615,8.995869393983238E-8
9450000000000.0,0.9750592883270308,0.32325171590693,0.6042757771412223,48254.28975295138,110.21989597527488,2.198178150613719E-18,0.2002029890712934,0.8185645765493554,8.996754329597531E-8
9500000000000.0,0.9751602363179189,0.32330388682213257,0.6042897765115276,48249.3229150361,110.23065618250695,2.198392747553993E-18,0.20020287916238588,0.8185646665168987,8.997633625881817E-8
9550000000000.0,0.9752605383063828,0.32335574443886084,0.6043037073140036,48244.377035819896,110.24134805089328,2.1986059815737505E-18,0.20020276924274852,0.8185647564932349,8.998507344261727E-8
9600000000000.0,0.9753602014079217,0.3234072916488857,0.604317569834471,48239.45197729064,110.25197232073015,2.198817867437142E-18,0.20020265931244943,0.8185648464783084,8.999375545161912E-8
9650000000000.0,0.9754592326210081,0.32345853130990565,0.6043313643575795,48234.54760294971,110.26252972030885,2.199028419668895E-18,0.20020254937155607,0.8185649364720639,9.000238288027146E-8
9700000000000.0,0.9755576388295679,0.3235094662460414,0.6043450911668118,48229.66377778723,110.27302096616802,2.199237652559348E-18,0.20020243942013508,0.8185650264744467,9.001095631342917E-8
9750000000000.0,0.9756554268053966,0.32356009924832213,0.6043587505444878,48224.80036825807,110.28344676333924,2.1994455801693474E-18,0.20020232945825245,0.8185651164854031,9.001947632655473E-8
9800000000000.0,0.9757526032105144,0.32361043307516363,0.6043723427717688,48219.957242258155,110.29380780558667,2.1996522163350267E-18,0.20020221948597344,0.8185652065048794,9.002794348591388E-8
9850000000000.0,0.975849174599462,0.32366047045283736,0.6043858681286609,48215.134269101436,110.30410477564052,2.1998575746724633E-18,0.20020210950336262,0.8185652965328228,9.003635834876611E-8
9900000000000.0,0.975945147421539,0.32371021407593137,0.6043993268940191,48210.331319497156,110.31433834542486,2.200061668582221E-18,0.2002019995104839,0.8185653865691812,9.004472146355059E-8
9950000000000.0,0.9760405280229864,0.323759666607804,0.6044127193455517,48205.548265527796,110.32450917627958,2.200264511253779E-18,0.20020188950740048,0.8185654766139027,9.00530333700675E-8
10000000000000.0,0.9761353226491138,0.3238088306810293,0.6044260457598242,48200.78498062727,110.334617919177,2.200466115669848E-18,0.20020177949417492,0.818565566666936,9.006129459965463E-8
10050000000000.0,0.9762295374463755,0.32385770889783416,0.6044393064122626,48196.041339559786,110.34466521493314,2.200666494610587E-18,0.20020166947086915,0.8185656567282307,9.006950567535991E-8
10100000000000.0,0.9763231784643935,0.3239063038305291,0.6044525015771587,48191.31721839891,110.35465169441358,2.2008656606577074E-18,0.20020155943754442,0.8185657467977363,9.00776671121095E-8
10150000000000.0,0.9764162516579318,0.3239546180219307,0.6044656315276727,48186.612494507244,110.36457797873456,2.201063626198485E-18,0.20020144939426138,0.8185658368754034,9.008577941687187E-8
10200000000000.0,0.9765087628888234,0.32400265398577743,0.6044786965358383,48181.9270465164,110.37444467945922,2.2012604034296706E-18,0.20020133934108006,0.8185659269611828,9.009384308881793E-8
10250000000000.0,0.9766007179278472,0.32405041420713826,0.6044916968725659,48177.260754307485,110.38425239878856,2.2014560043613024E-18,0.2002012292780599,0.818566017055026,9.0101858619477E-8
10300000000000.0,0.9766921224565627,0.324097901142814,0.6045046328076467,48172.61349899186,110.39400172974857,2.2016504408204348E-18,0.20020111920525968,0.8185661071568845,9.010982649288949E-8
10350000000000.0,0.9767829820690977,0.3241451172217324,0.6045175046097576,48167.98516289236,110.40369325637212,2.2018437244547687E-18,0.20020100912273764,0.818566197266711,9.01177471857554E-8
10400000000000.0,0.976873302273895,0.3241920648453362,0.6045303125464643,48163.37562952488,110.4133275538771,2.2020358667362012E-18,0.2002008990305514,0.8185662873844582,9.012562116757966E-8
10450000000000.0,0.9769630884954149,0.3242387463879646,0.604543056884225,48158.784783580326,110.42290518883974,2.202226878964285E-18,0.20020078892875806,0.8185663775100794,9.013344890081366E-8
10500000000000.0,0.9770523460757994,0.3242851641972294,0.6045557378883959,48154.212510906895,110.43242671936432,2.202416772269612E-18,0.2002006788174141,0.8185664676435284,9.014123084099376E-8
10550000000000.0,0.977141080276495,0.32433132059438263,0.6045683558232334,48149.658698492734,110.44189269524855,2.2026055576171107E-18,0.2002005686965755,0.8185665577847592,9.014896743687624E-8
10600000000000.0,0.9772292962798378,0.3243772178746809,0.6045809109518991,48145.123234448925,110.45130365814515,2.20279324580927E-18,0.20020045856629762,0.8185666479337266,9.015665913056927E-8
10650000000000.0,0.9773169991906003,0.32442285830774137,0.6045934035364637,48140.606007992836,110.46066014171959,2.202979847489283E-18,0.20020034842663534,0.8185667380903857,9.016430635766155E-8
10700000000000.0,0.9774041940375033,0.324468244137893,0.604605833837911,48136.106909431735,110.46996267180417,2.2031653731441243E-18,0.20020023827764297,0.8185668282546921,9.017190954734816E-8
10750000000000.0,0.9774908857746915,0.3245133775845217,0.6046182021161417,48131.62583014677,110.47921176654863,2.2033498331075487E-18,0.20020012811937432,0.8185669184266016,9.017946912255351E-8
10800000000000.0,0.9775770792831728,0.32455826084241,0.6046305086299771,48127.162662577255,110.48840793656692,2.2035332375630206E-18,0.20020001795188266,0.8185670086060707,9.0186985500051E-8
10850000000000.0,0.9776627793722285,0.32460289608207094,0.604642753637164,48122.717300205215,110.49755168508095,2.2037155965465817E-18,0.2001999077752208,0.8185670987930562,9.019445909058054E-8
10900000000000.0,0.9777479907807862,0.32464728545007654,0.6046549373943777,48118.2896375403,110.50664350806092,2.2038969199496477E-18,0.20019979758944095,0.8185671889875153,9.020189029896293E-8
10950000000000.0,0.9778327181787644,0.3246914310693811,0.6046670601572265,48113.87957010488,110.51568389436227,2.2040772175217414E-18,0.20019968739459496,0.8185672791894056,9.020927952421173E-8
11000000000000.0,0.9779169661683831,0.32473533503963925,0.6046791221802554,48109.4869944196,110.52467332585955,2.2042564988731607E-18,0.20019957719073408,0.8185673693986851,9.021662715964253E-8
11050000000000.0,0.9780007392854475,0.32477899943751837,0.6046911237169509,48105.11180798899,110.53361227757753,2.2044347734775956E-18,0.20019946697790914,0.8185674596153123,9.022393359297992E-8
11100000000000.0,0.9780840420006005,0.32482242631700664,0.6047030650197432,48100.75390928749,110.54250121781895,2.2046120506746744E-18,0.20019935675617045,0.8185675498392458,9.023119920646182E-8
11150000000000.0,0.9781668787205464,0.3248656177097159,0.6047149463400123,48096.413197745685,110.5513406082895,2.204788339672456E-18,0.20019924652556792,0.8185676400704451,9.023842437694142E-8
11200000000000.0,0.9782492537892488,0.3249085756251794,0.6047267679280901,48092.08957373686,110.56013090422016,2.2049636495498722E-18,0.20019913628615094,0.8185677303088694,9.024560947598714E-8
11250000000000.0,0.9783311714890995,0.3249513020511453,0.6047385300332655,48087.782938563694,110.56887255448666,2.205137989259106E-18,0.20019902603796846,0.818567820554479,9.025275486997998E-8
11300000000000.0,0.9784126360420623,0.3249937989538649,0.6047502329037878,48083.493194445306,110.5775660017262,2.205311367627924E-18,0.200198915781069,0.8185679108072338,9.0259860920209E-8
11350000000000.0,0.9784936516107898,0.3250360682783766,0.6047618767868712,48079.22024450447,110.58621168245156,2.205483793361949E-18,0.20019880551550062,0.8185680010670947,9.026692798296428E-8
11400000000000.0,0.9785742222997172,0.32507811194878594,0.6047734619286977,48074.96399275512,110.59481002716302,2.2056552750468927E-18,0.20019869524131095,0.8185680913340228,9.027395640962831E-8
11450000000000.0,0.9786543521561304,0.3251199318685396,0.6047849885744224,48070.72434409003,110.60336146045732,2.20582582115073E-18,0.2001985849585472,0.8185681816079792,9.0280946546765E-8
11500000000000.0,0.978734045171211,0.325161529920697,0.6047964569681762,48066.50120426875,110.61186640113462,2.205995440025831E-18,0.20019847466725615,0.8185682718889257,9.028789873620697E-8
11550000000000.0,0.9788133052810578,0.3252029079681968,0.6048078673530702,48062.294479905744,110.62032526230277,2.2061641399110414E-18,0.20019836436748414,0.8185683621768244,9.029481331514057E-8
11600000000000.0,0.9788921363676865,0.325244067854118,0.6048192199711998,48058.1040784588,110.62873845147973,2.2063319289337233E-18,0.20019825405927716,0.8185684524716377,9.030169061618955E-8
11650000000000.0,0.9789705422600057,0.32528501140193994,0.6048305150636483,48053.92990821753,110.63710637069323,2.2064988151117444E-18,0.20019814374268072,0.8185685427733284,9.030853096749638E-8
11700000000000.0,0.9790485267347747,0.3253257404157947,0.6048417528704908,48049.77187829222,110.64542941657872,2.206664806355432E-18,0.20019803341773995,0.8185686330818593,9.031533469280226E-8
11750000000000.0,0.9791260935175379,0.3253662566807189,0.6048529336307984,48045.629898602754,110.653707980475,2.206829910469478E-18,0.20019792308449963,0.818568723397194,9.032210211152506E-8
11800000000000.0,0.9792032462835396,0.32540656196289874,0.6048640575826418,48041.50387986781,110.66194244851788,2.2069941351548095E-18,0.2001978127430041,0.8185688137192961,9.032883353883587E-8
11850000000000.0,0.9792799886586192,0.32544665800991357,0.6048751249630954,48037.393733594225,110.67013320173159,2.207157488010409E-18,0.20019770239329734,0.8185689040481297,9.033552928573358E-8
11900000000000.0,0.9793563242200873,0.3254865465509742,0.6048861360082407,48033.29937206657,110.67828061611863,2.2073199765351086E-18,0.20019759203542295,0.8185689943836589,9.034218965911818E-8
11950000000000.0,0.9794322564975828,0.3255262292971581,0.6048970909531707,48029.22070833684,110.68638506274732,2.2074816081293355E-18,0.2001974816694241,0.8185690847258486,9.034881496186232E-8
12000000000000.0,0.9795077889739119,0.3255657079416412,0.6049079900319932,48025.15765621439,110.6944469078379,2.2076423900968283E-18,0.2001973712953437,0.8185691750746635,9.035540549288145E-8
12050000000000.0,0.9795829250858683,0.3256049841599257,0.6049188334778353,48021.110130256064,110.70246651284629,2.2078023296463082E-18,0.2001972609132242,0.818569265430069,9.036196154720232E-8
12100000000000.0,0.979657668225037,0.32564405961006476,0.6049296215228467,48017.07804575641,110.71044423454649,2.207961433893122E-18,0.20019715052310771,0.8185693557920306,9.03684834160301E-8
12150000000000.0,0.9797320217385812,0.32568293593288367,0.6049403543982038,48013.06131873814,110.71838042511125,2.208119709860852E-18,0.20019704012503603,0.818569446160514,9.037497138681442E-8
12200000000000.0,0.979805988930012,0.3257216147521975,0.6049510323341136,48009.059865942734,110.72627543219073,2.2082771644828826E-18,0.20019692971905054,0.8185695365354854,9.038142574331333E-8
12250000000000.0,0.9798795730599427,0.32576009767502573,0.6049616555598171,48005.07360482115,110.73412959898995,2.2084338046039475E-18,0.20019681930519231,0.8185696269169112,9.03878467656567E-8
12300000000000.0,0.9799527773468251,0.32579838629180374,0.6049722243035933,48001.10245352482,110.74194326434413,2.2085896369816302E-18,0.20019670888350208,0.8185697173047579,9.039423473040772E-8
12350000000000.0,0.9800256049676741,0.32583648217659034,0.6049827387927633,47997.1463308967,110.74971676279299,2.2087446682878466E-18,0.20019659845402024,0.8185698076989927,9.040058991062334E-8
12400000000000.0,0.9800980590587742,0.32587438688727366,0.6049931992536937,47993.205156462405,110.75745042465311,2.208898905110289E-18,0.20019648801678683,0.8185698980995826,9.04069125759136E-8
12450000000000.0,0.9801701427163726,0.3259121019657724,0.6050036059118004,47989.278850421746,110.76514457608906,2.2090523539538428E-18,0.20019637757184158,0.8185699885064951,9.041320299249954E-8
12500000000000.0,0.9802418589973577,0.3259496289382349,0.6050139589915525,47985.3673336401,110.7727995391829,2.209205021241974E-18,0.2001962671192239,0.8185700789196981,9.04194614232699E-8
12550000000000.0,0.9803132109199245,0.32598696931523546,0.6050242587164765,47981.470527640144,110.78041563200242,2.2093569133180892E-18,0.20019615665897283,0.8185701693391595,9.042568812783694E-8
12600000000000.0,0.980384201464225,0.326024124591967,0.6050345053091591,47977.588354593616,110.78799316866787,2.2095080364468684E-18,0.20019604619112716,0.8185702597648477,9.043188336259081E-8
12650000000000.0,0.9804548335730053,0.3260610962484317,0.6050446989912515,47973.720737313335,110.7955324594173,2.2096583968155647E-18,0.20019593571572533,0.818570350196731,9.043804738075288E-8
12700000000000.0,0.9805251101522319,0.3260978857496279,0.6050548399834731,47969.86759924517,110.80303381067075,2.209808000535288E-18,0.2001958252328055,0.8185704406347784,9.04441804324282E-8
12750000000000.0,0.980595034071703,0.32613449454573523,0.6050649285056152,47966.02886446027,110.81049752509311,2.2099568536422564E-18,0.20019571474240547,0.8185705310789588,9.045028276465682E-8
12800000000000.0,0.9806646081656479,0.32617092407229653,0.6050749647765447,47962.20445764744,110.8179239016555,2.210104962099021E-18,0.20019560424456279,0.8185706215292416,9.04563546214637E-8
12850000000000.0,0.9807338352333151,0.32620717575039704,0.6050849490142077,47958.39430410555,110.82531323569566,2.210252331795671E-18,0.20019549373931467,0.8185707119855963,9.04623962439083E-8
12900000000000.0,0.9808027180395477,0.32624325098684115,0.6050948814356336,47954.59832973614,110.83266581897708,2.2103989685510114E-18,0.20019538322669808,0.8185708024479925,9.04684078701326E-8
12950000000000.0,0.9808712593153486,0.32627915117432643,0.6051047622569379,47950.81646103606,110.83998193974693,2.2105448781137204E-18,0.20019527270674967,0.8185708929164003,9.047438973540855E-8
13000000000000.0,0.9809394617584323,0.32631487769161527,0.6051145916933269,47947.04862509041,110.84726188279286,2.210690066163479E-18,0.20019516217950575,0.81857098339079,9.048034207218422E-8
13050000000000.0,0.9810073280337677,0.326350431903704,0.6051243699591011,47943.294749565335,110.8545059294986,2.210834538312084E-18,0.20019505164500245,0.8185710738711321,9.048626511012948E-8
13100000000000.0,0.9810748607741094,0.32638581516198983,0.6051340972676581,47939.554762701184,110.86171435789858,2.2109783001045345E-18,0.20019494110327554,0.8185711643573973,9.049215907618029E-8
13150000000000.0,0.9811420625805186,0.32642102880443474,0.6051437738314971,47935.828593305596,110.86888744273153,2.211121357020101E-18,0.20019483055436055,0.8185712548495563,9.049802419458266E-8
13200000000000.0,0.9812089360228732,0.32645607415572764,0.6051533998622223,47932.1161707468,110.87602545549275,2.2112637144733694E-18,0.2001947199982927,0.8185713453475805,9.050386068693519E-8
13250000000000.0,0.9812754836403683,0.32649095252744376,0.6051629755705462,47928.41742494699,110.88312866448568,2.2114053778152673E-18,0.20019460943510697,0.8185714358514412,9.050966877223122E-8
13300000000000.0,0.9813417079420073,0.32652566521820225,0.6051725011662941,47924.73228637582,110.89019733487228,2.211546352334071E-18,0.2001944988648381,0.81857152636111,9.051544866689994E-8
13350000000000.0,0.9814076114070832,0.3265602135138211,0.605181976858406,47921.06068604395,110.89723172872257,2.2116866432563923E-18,0.20019438828752048,0.8185716168765587,9.052120058484683E-8
13400000000000.0,0.9814731964856503,0.32659459868747,0.6051914028549424,47917.402555496774,110.90423210506307,2.2118262557481443E-18,0.20019427770318832,0.8185717073977592,9.052692473749321E-8
13450000000000.0,0.9815384655989868,0.3266288219998209,0.6052007793630862,47913.75782680816,110.91119871992443,2.2119651949154922E-18,0.20019416711187554,0.8185717979246839,9.053262133381502E-8
13500000000000.0,0.9816034211400482,0.3266628846991972,0.6052101065891471,47910.12643257437,110.918131826388,2.2121034658057815E-18,0.2001940565136158,0.8185718884573052,9.0538290580381E-8
13550000000000.0,0.9816680654739132,0.3266967880217194,0.6052193847385644,47906.508305908,110.92503167463175,2.212241073408454E-18,0.2001939459084425,0.8185719789955959,9.054393268139005E-8
13600000000000.0,0.9817324009382193,0.3267305331914501,0.6052286140159114,47902.90338043209,110.93189851197509,2.2123780226559414E-18,0.20019383529638882,0.8185720695395285,9.054954783870783E-8
13650000000000.0,0.981796429843592,0.3267641214205362,0.6052377946248988,47899.31159027429,110.93873258292297,2.212514318424545E-18,0.2001937246774877,0.8185721600890764,9.05551362519028E-8
13700000000000.0,0.9818601544740636,0.32679755390934934,0.6052469267683777,47895.73287006102,110.94553412920904,2.2126499655352968E-18,0.20019361405177177,0.8185722506442126,9.056069811828142E-8
13750000000000.0,0.9819235770874862,0.32683083184662415,0.6052560106483433,47892.16715491195,110.9523033898381,2.2127849687548056E-18,0.2001935034192735,0.8185723412049107,9.056623363292273E-8
13800000000000.0,0.981986699915935,0.32686395640959515,0.605265046465939,47888.61438043431,110.95904060112774,2.2129193327960883E-18,0.20019339278002507,0.8185724317711444,9.057174298871255E-8
13850000000000.0,0.9820495251661058,0.32689692876413085,0.6052740344214593,47885.074482717464,110.96574599674909,2.2130530623193802E-18,0.20019328213405843,0.8185725223428874,9.057722637637642E-8
13900000000000.0,0.9821120550197037,0.32692975006486696,0.6052829747143529,47881.547398327486,110.97241980776703,2.2131861619329406E-18,0.2001931714814053,0.8185726129201137,9.058268398451273E-8
13950000000000.0,0.982174291633825,0.3269624214553368,0.6052918675432274,47878.033064301824,110.97906226267936,2.2133186361938307E-18,0.2001930608220972,0.8185727035027978,9.058811599962451E-8
14000000000000.0,0.9822362371413317,0.32699494406810126,0.6053007131058518,47874.53141814409,110.98567358745555,2.2134504896086886E-18,0.2001929501561654,0.8185727940909138,9.05935226061511E-8
14050000000000.0,0.9822978936512196,0.32702731902487514,0.6053095115991601,47871.04239781886,110.99225400557448,2.213581726634481E-18,0.20019283948364092,0.8185728846844363,9.0598903986499E-8
14100000000000.0,0.9823592632489788,0.32705954743665316,0.6053182632192549,47867.565941746594,110.99880373806174,2.213712351679247E-18,0.20019272880455458,0.8185729752833403,9.060426032107224E-8
14150000000000.0,0.9824203479969483,0.32709163040383366,0.605326968161411,47864.10198879867,111.00532300352607,2.213842369102825E-18,0.200192618118937,0.8185730658876007,9.060959178830217E-8
14200000000000.0,0.9824811499346635,0.3271235690163412,0.6053356266200783,47860.65047829235,111.01181201819529,2.2139717832175694E-18,0.20019250742681854,0.8185731564971924,9.061489856467681E-8
14250000000000.0,0.9825416710791971,0.32715536435374665,0.6053442387888855,47857.21134998601,111.01827099595131,2.21410059828905E-18,0.2001923967282294,0.818573247112091,9.062018082476937E-8
14300000000000.0,0.9826019134254942,0.3271870174853859,0.6053528048606444,47853.78454407433,111.02470014836481,2.21422881853674E-18,0.20019228602319947,0.8185733377322718,9.062543874126657E-8
14350000000000.0,0.9826618789467019,0.3272185294704777,0.6053613250273511,47850.37000118353,111.03109968472917,2.214356448134697E-18,0.20019217531175854,0.8185734283577105,9.063067248499635E-8
14400000000000.0,0.9827215695944915,0.32724990135823845,0.6053697994801915,47846.96766236673,111.0374698120937,2.214483491212223E-18,0.20019206459393613,0.818573518988383,9.0635882224955E-8
14450000000000.0,0.9827809872993756,0.32728113418799687,0.6053782284095438,47843.577469099415,111.04381073529636,2.214609951854519E-18,0.20019195386976157,0.8185736096242653,9.064106812833389E-8
14500000000000.0,0.9828401339710197,0.32731222898930673,0.6053866120049816,47840.19936327484,111.05012265699591,2.214735834103323E-18,0.20019184313926397,0.8185737002653334,9.064623036054561E-8
14550000000000.0,0.9828990114985472,0.32734318678205737,0.6053949504552776,47836.83328719965,111.0564057777034,2.214861141957542E-18,0.20019173240247226,0.8185737909115638,9.06513690852498E-8
14600000000000.0,0.9829576217508406,0.3273740085765835,0.6054032439484068,47833.47918358944,111.06266029581325,2.214985879373868E-18,0.20019162165941518,0.8185738815629329,9.06564844643784E-8
14650000000000.0,0.9830159665768349,0.3274046953737729,0.6054114926715506,47830.13699556447,111.06888640763354,2.2151100502673855E-18,0.20019151091012122,0.8185739722194173,9.06615766581605E-8
14700000000000.0,0.9830740478058085,0.3274352481651739,0.6054196968110984,47826.80666664533,111.07508430741603,2.2152336585121674E-18,0.2001914001546187,0.818574062880994,9.066664582514672E-8
14750000000000.0,0.9831318672476663,0.32746566793309967,0.6054278565526525,47823.48814074885,111.0812541873854,2.2153567079418605E-18,0.20019128939293576,0.8185741535476398,9.067169212223315E-8
14800000000000.0,0.9831894266932198,0.32749595565073264,0.6054359720810307,47820.18136218386,111.08739623776817,2.2154792023502603E-18,0.20019117862510036,0.8185742442193319,9.067671570468497E-8
14850000000000.0,0.9832467279144614,0.32752611228222667,0.6054440435802695,47816.88627564715,111.0935106468211,2.2156011454918784E-18,0.20019106785114024,0.8185743348960476,9.068171672615958E-8
14900000000000.0,0.9833037726648327,0.327556138782808,0.6054520712336275,47813.602826219445,111.09959760085879,2.2157225410824934E-18,0.20019095707108298,0.8185744255777644,9.06866953387291E-8
14950000000000.0,0.9833605626794912,0.3275860360988754,0.6054600552235889,47810.33095936141,111.10565728428136,2.215843392799702E-18,0.20019084628495593,0.8185745162644597,9.06916516929031E-8
15000000000000.0,0.9834170996755686,0.32761580516809813,0.6054679957318665,47807.07062090977,111.11168987960104,2.2159637042834486E-18,0.2001907354927863,0.8185746069561114,9.06965859376501E-8
15050000000000.0,0.983473385352427,0.32764544691951347,0.6054758929394046,47803.82175707343,111.11769556746877,2.216083479136559E-18,0.20019062469460108,0.8185746976526973,9.070149822041951E-8
15100000000000.0,0.9835294213919102,0.32767496227362214,0.6054837470263831,47800.58431442967,111.12367452670006,2.2162027209252514E-18,0.20019051389042714,0.8185747883541955,9.070638868716254E-8
15150000000000.0,0.9835852094585901,0.32770435214248333,0.6054915581722192,47797.358239920424,111.12962693430046,2.2163214331796497E-18,0.2001904030802911,0.8185748790605842,9.071125748235312E-8
15200000000000.0,0.9836407512000085,0.32773361742980794,0.6054993265555727,47794.14348084853,111.13555296549076,2.216439619394281E-18,0.20019029226421944,0.8185749697718416,9.071610474900841E-8
15250000000000.0,0.9836960482469166,0.32776275903105045,0.6055070523543473,47790.939984874116,111.14145279373155,2.2165572830285687E-18,0.20019018144223846,0.8185750604879465,9.072093062870884E-8
15300000000000.0,0.9837511022135081,0.3277917778335002,0.6055147357456948,47787.74770001099,111.1473265907474,2.216674427507314E-18,0.2001900706143743,0.818575151208877,9.072573526161786E-8
15350000000000.0,0.9838059146976496,0.327820674716371,0.6055223769060178,47784.56657462308,111.15317452655073,2.2167910562211713E-18,0.20018995978065293,0.8185752419346123,9.073051878650148E-8
15400000000000.0,0.9838604872811063,0.32784945055088976,0.6055299760109731,47781.396557420994,111.15899676946518,2.2169071725271145E-18,0.20018984894110012,0.8185753326651312,9.07352813407472E-8
15450000000000.0,0.9839148215297651,0.327878106200384,0.6055375332354747,47778.23759745846,111.16479348614857,2.217022779748896E-18,0.2001897380957415,0.8185754234004124,9.074002306038296E-8
15500000000000.0,0.9839689189938521,0.327906642520368,0.6055450487536973,47775.08964412902,111.17056484161564,2.2171378811774982E-18,0.2001896272446025,0.8185755141404355,9.074474408009546E-8
15550000000000.0,0.9840227812081482,0.32793506035862824,0.6055525227390786,47771.95264716259,111.17631099926015,2.217252480071576E-18,0.20018951638770846,0.8185756048851796,9.074944453324842E-8
15600000000000.0,0.9840764096921997,0.3279633605553073,0.605559955364323,47768.826556622225,111.18203212087678,2.217366579657893E-18,0.20018940552508446,0.8185756956346241,9.075412455190034E-8
15650000000000.0,0.9841298059505256,0.3279915439429874,0.6055673468014049,47765.71132290077,111.18772836668268,2.217480183131751E-18,0.20018929465675547,0.8185757863887487,9.0758784266822E-8
15700000000000.0,0.9841829714728221,0.32801961134677154,0.6055746972215711,47762.60689671772,111.19339989533849,2.2175932936574093E-18,0.2001891837827463,0.818575877147533,9.076342380751394E-8
15750000000000.0,0.9842359077341629,0.32804756358436515,0.6055820067953441,47759.51322911594,111.19904686396924,2.2177059143685023E-18,0.20018907290308163,0.8185759679109568,9.076804330222308E-8
15800000000000.0,0.9842886161951971,0.3280754014661557,0.605589275692526,47756.4302714586,111.20466942818473,2.2178180483684444E-18,0.2001889620177859,0.8185760586790001,9.07726428779597E-8
15850000000000.0,0.9843410983023424,0.32810312579529155,0.6055965040822002,47753.35797542602,111.21026774209967,2.2179296987308332E-18,0.2001888511268835,0.8185761494516429,9.077722266051376E-8
15900000000000.0,0.9843933554879758,0.3281307373677602,0.6056036921327351,47750.296293012674,111.2158419583534,2.218040868499842E-18,0.20018874023039857,0.8185762402288655,9.078178277447092E-8
15950000000000.0,0.9844453891706217,0.3281582369724645,0.6056108400117874,47747.2451765241,111.2213922281293,2.218151560690607E-18,0.20018862932835513,0.8185763310106484,9.078632334322856E-8
16000000000000.0,0.9844972007551359,0.3281856253912993,0.6056179478863045,47744.20457857397,111.22691870117404,2.2182617782896115E-18,0.2001885184207771,0.8185764217969718,9.079084448901128E-8
16050000000000.0,0.9845487916328872,0.32821290339922626,0.605625015922528,47741.17445208118,111.23242152581626,2.2183715242550575E-18,0.20018840750768818,0.8185765125878162,9.079534633288633E-8
16100000000000.0,0.984600163181936,0.3282400717643472,0.6056320442859966,47738.15475026681,111.23790084898522,2.2184808015172397E-18,0.20018829658911197,0.8185766033831625,9.079982899477875E-8
16150000000000.0,0.9846513167672092,0.32826713124797835,0.6056390331415483,47735.145426651456,111.24335681622884,2.2185896129789024E-18,0.2001881856650719,0.8185766941829915,9.080429259348603E-8
16200000000000.0,0.9847022537406735,0.3282940826047216,0.605645982653325,47732.14643505224,111.24878957173173,2.2186979615156016E-18,0.20018807473559125,0.8185767849872841,9.080873724669301E-8
16250000000000.0,0.9847529754415044,0.328320926582536,0.6056528929847738,47729.15772958012,111.25419925833273,2.218805849976054E-18,0.20018796380069317,0.8185768757960213,9.081316307098605E-8
16300000000000.0,0.984803483196254,0.3283476639228085,0.6056597642986504,47726.179264637074,111.2595860175423,2.218913281182483E-18,0.20018785286040067,0.8185769666091844,9.081757018186721E-8
16350000000000.0,0.9848537783190152,0.3283742953604233,0.6056665967570233,47723.210994913425,111.26494998955961,2.2190202579309603E-18,0.2001877419147366,0.8185770574267547,9.082195869376824E-8
16400000000000.0,0.9849038621115827,0.3284008216238301,0.6056733905212748,47720.25287538512,111.27029131328922,2.219126782991739E-18,0.2001876309637237,0.8185771482487133,9.082632872006433E-8
16450000000000.0,0.9849537358636127,0.32842724343511265,0.6056801457521047,47717.30486131113,111.27561012635765,2.219232859109583E-18,0.20018752000738455,0.8185772390750421,9.083068037308738E-8
16500000000000.0,0.9850034008527797,0.32845356151005495,0.6056868626095341,47714.366908230746,111.2809065651297,2.219338489004093E-18,0.2001874090457416,0.8185773299057224,9.083501376413951E-8
16550000000000.0,0.9850528583449292,0.3284797765582081,0.6056935412529066,47711.4389719611,111.2861807647243,2.2194436753700233E-18,0.20018729807881713,0.8185774207407361,9.083932900350595E-8
16600000000000.0,0.9851021095942302,0.32850588928295477,0.6057001818408925,47708.52100859456,111.29143285903037,2.2195484208775958E-18,0.20018718710663336,0.8185775115800652,9.084362620046787E-8
16650000000000.0,0.985151155843324,0.32853190038157454,0.6057067845314911,47705.612974496195,111.29666298072223,2.2196527281728113E-18,0.20018707612921233,0.8185776024236914,9.084790546331521E-8
16700000000000.0,0.9851999983234715,0.32855781054530736,0.6057133494820338,47702.71482630135,111.30187126127497,2.2197565998777516E-18,0.2001869651465759,0.8185776932715969,9.085216689935897E-8
16750000000000.0,0.9852486382546969,0.3285836204594163,0.6057198768491866,47699.82652091309,111.30705783097935,2.2198600385908797E-18,0.20018685415874593,0.8185777841237637,9.085641061494353E-8
16800000000000.0,0.98529707684593,0.32860933080324994,0.6057263667889533,47696.948015499875,111.31222281895661,2.2199630468873343E-18,0.200186743165744,0.8185778749801743,9.086063671545867E-8
16850000000000.0,0.985345315295146,0.32863494225030343,0.605732819456678,47694.079267493136,111.31736635317297,2.220065627319218E-18,0.20018663216759167,0.8185779658408111,9.08648453053514E-8
16900000000000.0,0.9853933547895033,0.3286604554682796,0.6057392350070482,47691.22023458485,111.32248856045406,2.2201677824158872E-18,0.2001865211643103,0.8185780567056564,9.086903648813776E-8
16950000000000.0,0.9854411965054787,0.3286858711191489,0.6057456135940971,47688.37087472532,111.32758956649882,2.220269514684227E-18,0.20018641015592117,0.8185781475746928,9.087321036641423E-8
17000000000000.0,0.9854888416090014,0.32871118985920816,0.6057519553712073,47685.53114612074,111.33266949589361,2.2203708266089343E-18,0.20018629914244543,0.8185782384479032,9.087736704186909E-8
17050000000000.0,0.9855362912555843,0.32873641233913947,0.6057582604911126,47682.70100723099,111.33772847212576,2.220471720652787E-18,0.2001861881239041,0.8185783293252703,9.088150661529361E-8
17100000000000.0,0.9855835465904524,0.3287615392040678,0.6057645291059014,47679.880416767366,111.34276661759698,2.2205721992569125E-18,0.20018607710031808,0.8185784202067768,9.088562918659302E-8
17150000000000.0,0.9856306087486708,0.3287865710936181,0.6057707613670194,47677.069333690364,111.34778405363663,2.220672264841051E-18,0.2001859660717081,0.8185785110924061,9.088973485479719E-8
17200000000000.0,0.9856774788552697,0.3288115086419716,0.6057769574252715,47674.2677172075,111.35278090051484,2.2207719198038187E-18,0.20018585503809486,0.8185786019821409,9.089382371807144E-8
17250000000000.0,0.9857241580253678,0.32883635247792187,0.6057831174308261,47671.47552677106,111.35775727745525,2.2208711665229598E-18,0.20018574399949887,0.8185786928759646,9.089789587372698E-8
17300000000000.0,0.9857706473642943,0.3288611032249294,0.6057892415332162,47668.69272207606,111.36271330264773,2.2209700073556025E-18,0.20018563295594055,0.8185787837738605,9.090195141823116E-8
17350000000000.0,0.9858169479677077,0.3288857615011764,0.6057953298813432,47665.91926305805,111.36764909326082,2.221068444638506E-18,0.20018552190744018,0.8185788746758119,9.090599044721779E-8
17400000000000.0,0.9858630609217137,0.32891032791962027,0.6058013826234792,47663.15510989108,111.37256476545397,2.221166480688304E-18,0.20018541085401795,0.8185789655818024,9.091001305549697E-8
17450000000000.0,0.9859089873029815,0.32893480308804673,0.6058073999072696,47660.40022298557,111.37746043438962,2.2212641178017466E-18,0.2001852997956939,0.8185790564918155,9.091401933706505E-8
17500000000000.0,0.9859547281788581,0.32895918760912257,0.6058133818797362,47657.65456298631,111.38233621424514,2.2213613582559386E-18,0.20018518873248803,0.8185791474058348,9.09180093851144E-8
17550000000000.0,0.9860002846074799,0.3289834820804469,0.6058193286872791,47654.91809077043,111.38719221822454,2.2214582043085713E-18,0.20018507766442012,0.8185792383238442,9.092198329204279E-8
17600000000000.0,0.986045657637885,0.32900768709460315,0.6058252404756801,47652.19076744538,111.39202855856999,2.221554658198155E-18,0.20018496659150992,0.8185793292458274,9.092594114946307E-8
17650000000000.0,0.9860908483101204,0.32903180323920916,0.6058311173901052,47649.472554347034,111.39684534657323,2.2216507221442434E-18,0.20018485551377702,0.8185794201717685,9.092988304821218E-8
17700000000000.0,0.9861358576553514,0.3290558310969671,0.6058369595751069,47646.76341303762,111.40164269258673,2.2217463983476595E-18,0.2001847444312409,0.8185795111016516,9.09338090783606E-8
17750000000000.0,0.9861806866959659,0.3290797712457134,0.605842767174627,47644.063305303884,111.40642070603482,2.221841688990714E-18,0.20018463334392098,0.8185796020354608,9.093771932922102E-8
17800000000000.0,0.9862253364456794,0.32910362425846745,0.6058485403319998,47641.37219315522,111.41117949542442,2.2219365962374235E-18,0.20018452225183653,0.81857969297318,9.094161388935754E-8
17850000000000.0,0.9862698079096379,0.3291273907034797,0.6058542791899528,47638.69003882163,111.41591916835588,2.222031122233722E-18,0.2001844111550067,0.8185797839147939,9.094549284659417E-8
17900000000000.0,0.9863141020845179,0.32915107114427916,0.6058599838906121,47636.01680475207,111.42063983153346,2.222125269107674E-18,0.2001843000534506,0.8185798748602868,9.094935628802352E-8
17950000000000.0,0.986358219958628,0.32917466613972113,0.6058656545755026,47633.352453612424,111.42534159077583,2.2222190389696805E-18,0.20018418894718712,0.8185799658096431,9.095320430001541E-8
18000000000000.0,0.9864021625120055,0.3291981762440334,0.6058712913855516,47630.69694828382,111.4300245510262,2.2223124339126848E-18,0.20018407783623518,0.8185800567628474,9.095703696822512E-8
18050000000000.0,0.9864459307165133,0.3292216020068628,0.6058768944610917,47628.05025186077,111.43468881636241,2.2224054560123704E-18,0.20018396672061348,0.8185801477198844,9.096085437760153E-8
18100000000000.0,0.9864895255359357,0.32924494397331977,0.6058824639418626,47625.41232764942,111.43933449000704,2.2224981073273636E-18,0.2001838556003407,0.8185802386807387,9.096465661239551E-8
18150000000000.0,0.9865329479260727,0.3292682026840243,0.6058879999670138,47622.783139165775,111.4439616743371,2.2225903898994273E-18,0.20018374447543533,0.8185803296453954,9.096844375616768E-8
18200000000000.0,0.986576198834832,0.3292913786751501,0.6058935026751074,47620.16265013397,111.44857047089374,2.2226823057536546E-18,0.20018363334591582,0.8185804206138391,9.09722158917965E-8
18250000000000.0,0.9866192792023195,0.3293144724784684,0.6058989722041203,47617.55082448459,111.45316098039163,2.222773856898656E-18,0.20018352221180052,0.818580511586055,9.09759731014858E-8
18300000000000.0,0.9866621899609307,0.32933748462139134,0.6059044086914469,47614.94762635289,111.45773330272863,2.2228650453267505E-18,0.2001834110731077,0.8185806025620281,9.097971546677271E-8
18350000000000.0,0.986704932035438,0.32936041562701546,0.6059098122739023,47612.35302007724,111.46228753699481,2.2229558730141488E-18,0.20018329992985542,0.8185806935417436,9.09834430685351E-8
18400000000000.0,0.9867475063430788,0.32938326601416357,0.605915183087723,47609.76697019732,111.46682378148165,2.223046341921133E-18,0.20018318878206176,0.8185807845251867,9.09871559869989E-8
18450000000000.0,0.9867899137936406,0.3294060362974269,0.605920521268571,47607.18944145263,111.47134213369097,2.223136453992238E-18,0.20018307762974466,0.8185808755123426,9.099085430174558E-8
18500000000000.0,0.986832155289547,0.32942872698720654,0.6059258269515353,47604.620398780775,111.47584269034401,2.2232262111564302E-18,0.20018296647292197,0.8185809665031969,9.099453809171953E-8
18550000000000.0,0.9868742317259398,0.32945133858975484,0.6059311002711355,47602.05980731586,111.4803255473898,2.2233156153272763E-18,0.20018285531161142,0.818581057497735,9.099820743523477E-8
18600000000000.0,0.9869161439907629,0.32947387160721525,0.6059363413613228,47599.50763238698,111.48479080001414,2.22340466840312E-18,0.20018274414583065,0.8185811484959424,9.100186240998234E-8
18650000000000.0,0.9869578929648424,0.32949632653766314,0.6059415503554834,47596.96383951653,111.48923854264787,2.22349337226725E-18,0.20018263297559724,0.8185812394978048,9.100550309303721E-8
18700000000000.0,0.9869994795219665,0.32951870387514487,0.6059467273864406,47594.428394418814,111.49366886897528,2.2235817287880656E-18,0.20018252180092863,0.818581330503308,9.100912956086486E-8
18750000000000.0,0.9870409045289655,0.32954100410971726,0.6059518725864573,47591.901262998406,111.4980818719424,2.2236697398192417E-18,0.2001824106218422,0.8185814215124375,9.101274188932826E-8
18800000000000.0,0.9870821688457887,0.32956322772748603,0.6059569860872385,47589.38241134857,111.50247764376516,2.2237574071998934E-18,0.2001822994383552,0.8185815125251794,9.101634015369442E-8
18850000000000.0,0.9871232733255813,0.3295853752106447,0.6059620680199334,47586.871805749965,111.50685627593737,2.2238447327547343E-18,0.20018218825048484,0.8185816035415195,9.101992442864102E-8
18900000000000.0,0.9871642188147595,0.32960744703751166,0.605967118515138,47584.369412668966,111.51121785923858,2.223931718294232E-18,0.2001820770582482,0.818581694561444,9.102349478826265E-8
18950000000000.0,0.9872050061530859,0.32962944368256797,0.6059721377028976,47581.8751987563,111.515562483742,2.2240183656147685E-18,0.2001819658616623,0.8185817855849388,9.102705130607748E-8
19000000000000.0,0.9872456361737424,0.32965136561649444,0.6059771257127091,47579.38913084557,111.51989023882211,2.224104676498789E-18,0.200181854660744,0.8185818766119901,9.103059405503325E-8
19050000000000.0,0.9872861097034027,0.3296732133062082,0.6059820826735228,47576.911175951805,111.52420121316227,2.224190652714957E-18,0.20018174345551018,0.8185819676425842,9.10341231075137E-8
19100000000000.0,0.9873264275623038,0.32969498721489876,0.6059870087137454,47574.441301270046,111.52849549476221,2.2242762960183013E-18,0.20018163224597754,0.8185820586767072,9.103763853534454E-8
19150000000000.0,0.9873665905643165,0.3297166878020638,0.6059919039612423,47571.97947417397,111.5327731709454,2.224361608150363E-18,0.20018152103216275,0.8185821497143457,9.104114040979952E-8
19200000000000.0,0.9874065995170149,0.32973831552354466,0.6059967685433396,47569.52566221446,111.53703432836635,2.224446590839343E-18,0.20018140981408233,0.8185822407554861,9.104462880160634E-8
19250000000000.0,0.9874464552217446,0.32975987083156116,0.6060016025868267,47567.07983311826,111.54127905301773,2.2245312458002418E-18,0.2001812985917528,0.818582331800115,9.104810378095254E-8
19300000000000.0,0.9874861584736907,0.3297813541747463,0.6060064062179585,47564.64195478662,111.54550743023758,2.224615574735004E-18,0.2001811873651905,0.8185824228482188,9.105156541749129E-8
19350000000000.0,0.9875257100619438,0.3298027659981805,0.6060111795624574,47562.211995293874,111.54971954471607,2.2246995793326548E-18,0.20018107613441177,0.8185825138997842,9.105501378034702E-8
19400000000000.0,0.987565110769566,0.3298241067434254,0.6060159227455162,47559.78992288624,111.5539154805026,2.2247832612694385E-18,0.2001809648994328,0.818582604954798,9.105844893812113E-8
19450000000000.0,0.9876043613736564,0.329845376848557,0.6060206358917998,47557.37570598038,111.55809532101253,2.2248666222089557E-18,0.20018085366026972,0.818582696013247,9.10618709588975E-8
19500000000000.0,0.9876434626454139,0.3298665767481992,0.6060253191254477,47554.96931316221,111.56225914903388,2.2249496638022948E-18,0.20018074241693862,0.8185827870751179,9.106527991024795E-8
19550000000000.0,0.9876824153502011,0.3298877068735561,0.6060299725700765,47552.57071318546,111.5664070467339,2.225032387688164E-18,0.20018063116945542,0.8185828781403978,9.106867585923768E-8
19600000000000.0,0.9877212202476053,0.32990876765244487,0.6060345963487818,47550.17987497055,111.57053909566561,2.2251147954930213E-18,0.20018051991783603,0.8185829692090737,9.107205887243044E-8
19650000000000.0,0.9877598780915015,0.3299297595093273,0.6060391905841406,47547.79676760327,111.5746553767743,2.2251968888312054E-18,0.20018040866209624,0.8185830602811325,9.10754290158941E-8
19700000000000.0,0.9877983896301117,0.32995068286534124,0.6060437553982135,47545.42136033347,111.57875597040385,2.22527866930506E-18,0.2001802974022518,0.8185831513565616,9.10787863552055E-8
19750000000000.0,0.987836755606065,0.3299715381383325,0.6060482909125469,47543.053622573956,111.58284095630293,2.2253601385050573E-18,0.20018018613831834,0.8185832424353479,9.108213095545572E-8
19800000000000.0,0.9878749767564562,0.3299923257428855,0.6060527972481748,47540.69352389913,111.58691041363127,2.225441298009926E-18,0.20018007487031142,0.8185833335174788,9.108546288125519E-8
19850000000000.0,0.9879130538129047,0.33001304609035403,0.606057274525622,47538.34103404384,111.59096442096573,2.2255221493867682E-18,0.20017996359824652,0.8185834246029418,9.10887821967385E-8
19900000000000.0,0.987950987501611,0.330033699588891,0.6060617228649053,47535.9961229022,111.59500305630633,2.2256026941911837E-18,0.20017985232213906,0.8185835156917239,9.109208896556947E-8
19950000000000.0,0.9879887785434135,0.330054286643479,0.6060661423855364,47533.65876052637,111.59902639708214,2.225682933967384E-18,0.20017974104200434,0.8185836067838129,9.109538325094591E-8
20000000000000.0,0.9880264276538446,0.3300748076559599,0.6060705332065236,47531.32891712541,111.60303452015722,2.2257628702483125E-18,0.20017962975785764,0.8185836978791962,9.109866511560441E-8
20050000000000.0,0.988063935543185,0.3300952630250635,0.6060748954463739,47529.006563064046,111.60702750183633,2.225842504555759E-18,0.20017951846971413,0.8185837889778612,9.110193462182514E-8
20100000000000.0,0.9881013029165189,0.33011565314643715,0.606079229223096,47526.69166886165,111.61100541787071,2.2259218384004737E-18,0.2001794071775889,0.8185838800797959,9.110519183143642E-8
20150000000000.0,0.9881385304737874,0.33013597841267406,0.6060835346542011,47524.384205190996,111.61496834346367,2.2260008732822786E-18,0.20017929588149697,0.8185839711849877,9.110843680581932E-8
20200000000000.0,0.9881756189098406,0.33015623921334214,0.606087811856706,47522.08414287715,111.61891635327612,2.226079610690179E-18,0.2001791845814533,0.8185840622934245,9.111166960591224E-8
20250000000000.0,0.988212568914491,0.33017643593501134,0.6060920609471352,47519.79145289639,111.62284952143216,2.2261580521024734E-18,0.20017907327747278,0.8185841534050942,9.111489029221541E-8
20300000000000.0,0.9882493811725644,0.33019656896128186,0.6060962820415228,47517.50610637504,111.62676792152436,2.226236198986862E-18,0.20017896196957016,0.8185842445199845,9.111809892479525E-8
20350000000000.0,0.9882860563639507,0.33021663867281165,0.6061004752554144,47515.22807458848,111.63067162661929,2.2263140528005507E-18,0.20017885065776023,0.8185843356380833,9.112129556328882E-8
20400000000000.0,0.9883225951636542,0.33023664544734316,0.6061046407038692,47512.957328959936,111.63456070926259,2.2263916149903604E-18,0.2001787393420576,0.8185844267593789,9.112448026690798E-8
20450000000000.0,0.9883589982418431,0.3302565896597305,0.6061087785014629,47510.69384105951,111.63843524148436,2.226468886992828E-18,0.20017862802247685,0.8185845178838592,9.112765309444385E-8
20500000000000.0,0.9883952662638991,0.33027647168196606,0.6061128887622886,47508.43758260305,111.64229529480423,2.2265458702343093E-18,0.2001785166990325,0.8185846090115123,9.113081410427084E-8
20550000000000.0,0.9884313998904639,0.33029629188320664,0.6061169715999599,47506.18852545116,111.64614094023634,2.226622566131081E-18,0.20017840537173898,0.8185847001423264,9.113396335435079E-8
20600000000000.0,0.9884673997774888,0.33031605062979946,0.6061210271276122,47503.94664160812,111.64997224829457,2.2266989760894407E-18,0.20017829404061066,0.8185847912762897,9.11371009022373E-8
20650000000000.0,0.9885032665762804,0.3303357482853079,0.606125055457905,47501.71190322084,111.65378928899733,2.226775101505805E-18,0.20017818270566184,0.8185848824133907,9.114022680507939E-8
20700000000000.0,0.9885390009335473,0.330355385210537,0.6061290567030244,47499.48428257792,111.65759213187239,2.2268509437668074E-18,0.20017807136690677,0.8185849735536175,9.114334111962579E-8
20750000000000.0,0.9885746034914467,0.3303749617635585,0.6061330309746845,47497.26375210852,111.66138084596196,2.2269265042493948E-18,0.20017796002435959,0.8185850646969586,9.114644390222884E-8
20800000000000.0,0.9886100748876283,0.3303944782997362,0.6061369783841298,47495.0502843815,111.66515549982721,2.2270017843209218E-18,0.20017784867803437,0.8185851558434025,9.11495352088482E-8
20850000000000.0,0.9886454157552801,0.3304139351717499,0.606140899042137,47492.84385210428,111.668916161553,2.2270767853392438E-18,0.20017773732794517,0.8185852469929377,9.115261509505485E-8
20900000000000.0,0.9886806267231718,0.33043333272962055,0.606144793059017,47490.64442812198,111.67266289875272,2.227151508652813E-18,0.2001776259741059,0.8185853381455528,9.11556836160349E-8
20950000000000.0,0.9887157084156988,0.33045267132073364,0.6061486605446172,47488.451985416395,111.67639577857261,2.2272259556007647E-18,0.20017751461653047,0.8185854293012363,9.115874082659317E-8
21000000000000.0,0.9887506614529243,0.33047195128986373,0.6061525016083232,47486.26649710506,111.68011486769647,2.227300127513013E-18,0.2001774032552327,0.8185855204599772,9.116178678115705E-8
21050000000000.0,0.9887854864506236,0.33049117297919756,0.6061563163590612,47484.08793644025,111.68382023235012,2.2273740257103356E-18,0.20017729189022632,0.818585611621764,9.116482153378008E-8
21100000000000.0,0.9888201840203237,0.3305103367283577,0.6061601049052991,47481.91627680808,111.6875119383057,2.227447651504465E-18,0.20017718052152503,0.8185857027865855,9.116784513814557E-8
21150000000000.0,0.9888547547693456,0.3305294428744258,0.6061638673550497,47479.75149172758,111.69119005088612,2.227521006198173E-18,0.20017706914914246,0.8185857939544307,9.117085764757011E-8
21200000000000.0,0.988889199300846,0.33054849175196516,0.6061676038158711,47477.59355484972,111.69485463496937,2.227594091085358E-18,0.20017695777309216,0.8185858851252883,9.117385911500715E-8
21250000000000.0,0.9889235182138567,0.3305674836930436,0.6061713143948705,47475.442439956525,111.6985057549928,2.2276669074511306E-18,0.20017684639338762,0.8185859762991474,9.117684959305048E-8
21300000000000.0,0.9889577121033245,0.33058641902725594,0.6061749991987045,47473.29812096019,111.70214347495718,2.2277394565718953E-18,0.20017673501004224,0.818586067475997,9.11798291339376E-8
21350000000000.0,0.9889917815601506,0.33060529808174555,0.6061786583335821,47471.16057190214,111.705767858431,2.2278117397154338E-18,0.2001766236230694,0.8185861586558262,9.11827977895531E-8
21400000000000.0,0.9890257271712299,0.3306241211812273,0.6061822919052663,47469.02976695213,111.7093789685546,2.2278837581409904E-18,0.20017651223248242,0.8185862498386239,9.118575561143217E-8
21450000000000.0,0.9890595495194885,0.3306428886480086,0.6061859000190755,47466.905680407464,111.71297686804397,2.227955513099346E-18,0.20017640083829452,0.8185863410243795,9.118870265076361E-8
21500000000000.0,0.9890932491839226,0.33066160080201107,0.6061894827798863,47464.78828669194,111.71656161919506,2.2280270058329037E-18,0.20017628944051888,0.8185864322130821,9.11916389583934E-8
21550000000000.0,0.9891268267396354,0.3306802579607917,0.6061930402921348,47462.677560355165,111.72013328388755,2.2280982375757653E-18,0.2001761780391686,0.8185865234047212,9.119456458482771E-8
21600000000000.0,0.9891602827578733,0.33069886043956426,0.606196572659819,47460.57347607163,111.7236919235887,2.2281692095538074E-18,0.20017606663425672,0.8185866145992857,9.119747958023619E-8
21650000000000.0,0.9891936178060644,0.3307174085512195,0.6062000799864994,47458.4760086398,111.72723759935745,2.2282399229847635E-18,0.20017595522579623,0.8185867057967653,9.120038399445511E-8
21700000000000.0,0.9892268324478528,0.33073590260634667,0.6062035623753028,47456.385132981355,111.73077037184798,2.2283103790782942E-18,0.20017584381380008,0.8185867969971493,9.12032778769904E-8
21750000000000.0,0.9892599272431346,0.33075434291325273,0.6062070199289231,47454.30082414033,111.73429030131358,2.228380579036065E-18,0.20017573239828113,0.8185868882004271,9.120616127702078E-8
21800000000000.0,0.9892929027480936,0.3307727297779838,0.6062104527496227,47452.22305728232,111.73779744761036,2.228450524051821E-18,0.20017562097925218,0.8185869794065884,9.120903424340086E-8
21850000000000.0,0.9893257595152355,0.3307910635043441,0.6062138609392355,47450.15180769354,111.74129187020091,2.2285202153114578E-18,0.20017550955672597,0.8185870706156226,9.121189682466396E-8
21900000000000.0,0.9893584980934231,0.3308093443939165,0.6062172445991675,47448.087050780174,111.744773628158,2.2285896539930974E-18,0.2001753981307152,0.8185871618275196,9.121474906902522E-8
21950000000000.0,0.989391119027909,0.33082757274608166,0.6062206038303998,47446.02876206751,111.74824278016801,2.228658841267156E-18,0.2001752867012325,0.8185872530422685,9.121759102438449E-8
22000000000000.0,0.9894236228603702,0.3308457488580375,0.6062239387334901,47443.97691719907,111.75169938453467,2.2287277782964182E-18,0.20017517526829043,0.8185873442598596,9.122042273832927E-8
22050000000000.0,0.9894560101289407,0.33086387302481846,0.6062272494085735,47441.93149193594,111.75514349918238,2.228796466236103E-18,0.2001750638319015,0.8185874354802823,9.122324425813737E-8
22100000000000.0,0.9894882813682441,0.33088194553931455,0.606230535955366,47439.892462155905,111.7585751816598,2.2288649062339358E-18,0.2001749523920782,0.8185875267035266,9.122605563078001E-8
22150000000000.0,0.9895204371094263,0.3308999666922898,0.606233798473165,47437.85980385273,111.76199448914318,2.2289330994302158E-18,0.2001748409488329,0.8185876179295822,9.122885690292443E-8
22200000000000.0,0.9895524778801872,0.3309179367724012,0.6062370370608516,47435.83349313534,111.7654014784398,2.2290010469578827E-18,0.20017472950217793,0.8185877091584391,9.123164812093668E-8
22250000000000.0,0.9895844042048125,0.330935856066217,0.6062402518168923,47433.81350622711,111.76879620599126,2.2290687499425832E-18,0.20017461805212558,0.8185878003900873,9.123442933088433E-8
22300000000000.0,0.9896162166042047,0.33095372485823493,0.606243442839341,47431.79981946508,111.77217872787689,2.2291362095027396E-18,0.20017450659868807,0.8185878916245166,9.123720057853931E-8
22350000000000.0,0.9896479155959139,0.33097154343090024,0.6062466102258401,47429.792409299196,111.77554909981681,2.2292034267496095E-18,0.2001743951418776,0.8185879828617172,9.123996190938032E-8
22400000000000.0,0.9896795016941682,0.33098931206462334,0.6062497540736236,47427.79125229163,111.77890737717534,2.229270402787356E-18,0.20017428368170626,0.8185880741016791,9.124271336859573E-8
22450000000000.0,0.9897109754099037,0.33100703103779816,0.6062528744795171,47425.796325115974,111.78225361496408,2.2293371387131057E-18,0.20017417221818612,0.8185881653443925,9.124545500108587E-8
22500000000000.0,0.989742337250795,0.33102470062681877,0.606255971539941,47423.80760455657,111.78558786784512,2.2294036356170164E-18,0.20017406075132918,0.8185882565898475,9.124818685146596E-8
22550000000000.0,0.9897735877212835,0.3310423211060973,0.6062590453509117,47421.82506750774,111.7889101901341,2.229469894582336E-18,0.2001739492811474,0.8185883478380344,9.125090896406831E-8
22600000000000.0,0.9898047273226076,0.3310598927480808,0.6062620960080431,47419.84869097311,111.79222063580335,2.2295359166854648E-18,0.20017383780765266,0.8185884390889433,9.125362138294511E-8
22650000000000.0,0.9898357565528305,0.33107741582326816,0.6062651236065485,47417.8784520649,111.79551925848487,2.229601702996017E-18,0.20017372633085684,0.8185885303425646,9.125632415187074E-8
22700000000000.0,0.9898666759068686,0.33109489060022756,0.6062681282412428,47415.9143280032,111.79880611147338,2.229667254576879E-18,0.20017361485077168,0.8185886215988888,9.125901731434427E-8
22750000000000.0,0.9898974858765199,0.33111231734561225,0.6062711100065433,47413.95629611527,111.80208124772919,2.2297325724842683E-18,0.20017350336740894,0.8185887128579061,9.126170091359184E-8
22800000000000.0,0.9899281869504919,0.3311296963241773,0.6062740689964721,47412.004333834935,111.8053447198813,2.2297976577677956E-18,0.20017339188078032,0.8185888041196071,9.126437499256918E-8
22850000000000.0,0.9899587796144284,0.33114702779879623,0.6062770053046577,47410.05841870176,111.80859658023016,2.2298625114705185E-18,0.20017328039089743,0.818588895383982,9.126703959396384E-8
22900000000000.0,0.9899892643509371,0.33116431203047675,0.6062799190243365,47408.11852836047,111.81183688075066,2.2299271346290015E-18,0.20017316889777187,0.8185889866510216,9.126969476019766E-8
22950000000000.0,0.9900196416396162,0.3311815492783772,0.6062828102483545,47406.18464056029,111.81506567309484,2.2299915282733703E-18,0.20017305740141514,0.8185890779207163,9.127234053342893E-8
23000000000000.0,0.9900499119570809,0.3311987397998216,0.6062856790691691,47404.256733154216,111.81828300859482,2.2300556934273716E-18,0.20017294590183873,0.8185891691930569,9.127497695555488E-8
23050000000000.0,0.9900800757769891,0.3312158838503161,0.6062885255788506,47402.334784098384,111.82148893826545,2.230119631108423E-18,0.20017283439905406,0.8185892604680338,9.127760406821376E-8
23100000000000.0,0.9901101335700683,0.33123298168356413,0.6062913498690843,47400.41877145144,111.82468351280721,2.2301833423276733E-18,0.2001727228930725,0.818589351745638,9.128022191278718E-8
23150000000000.0,0.9901400858041397,0.3312500335514818,0.6062941520311713,47398.50867337386,111.82786678260871,2.2302468280900507E-18,0.20017261138390538,0.8185894430258599,9.128283053040224E-8
23200000000000.0,0.990169932944145,0.33126703970421323,0.606296932156031,47396.6044681273,111.83103879774959,2.2303100893943226E-18,0.20017249987156396,0.8185895343086904,9.12854299619339E-8
23250000000000.0,0.9901996754521707,0.3312840003901453,0.6062996903342024,47394.706134074,111.83419960800303,2.2303731272331434E-18,0.2001723883560595,0.8185896255941204,9.12880202480069E-8
23300000000000.0,0.9902293137874724,0.33130091585592275,0.6063024266558455,47392.813649676114,111.83734926283843,2.23043594259311E-18,0.20017227683740313,0.8185897168821407,9.129060142899809E-8
23350000000000.0,0.9902588484064994,0.3313177863464633,0.6063051412107436,47390.92699349514,111.84048781142393,2.2304985364548103E-18,0.200172165315606,0.8185898081727421,9.12931735450384E-8
23400000000000.0,0.9902882797629199,0.3313346121049715,0.606307834088304,47389.04614419118,111.8436153026291,2.2305609097928777E-18,0.20017205379067918,0.8185898994659155,9.129573663601508E-8
23450000000000.0,0.9903176083076435,0.33135139337295383,0.6063105053775604,47387.171080522494,111.84673178502736,2.23062306357604E-18,0.20017194226263368,0.8185899907616522,9.129829074157369E-8
23500000000000.0,0.9903468344888454,0.3313681303902326,0.6063131551671739,47385.30178134473,111.84983730689855,2.2306849987671695E-18,0.2001718307314805,0.818590082059943,9.130083590112009E-8
23550000000000.0,0.99037595875199,0.33138482339496067,0.6063157835454351,47383.43822561039,111.8529319162314,2.230746716323333E-18,0.20017171919723056,0.8185901733607789,9.13033721538226E-8
23600000000000.0,0.9904049815398533,0.33140147262363495,0.6063183906002655,47381.58039236829,111.85601566072592,2.230808217195838E-18,0.20017160765989475,0.818590264664151,9.130589953861389E-8
23650000000000.0,0.9904339032925467,0.33141807831111053,0.606320976419219,47379.72826076282,111.85908858779592,2.2308695023302863E-18,0.2001714961194839,0.8185903559700506,9.130841809419297E-8
23700000000000.0,0.9904627244475381,0.33143464069061457,0.6063235410894833,47377.8818100335,111.86215074457134,2.2309305726666163E-18,0.20017138457600878,0.8185904472784686,9.13109278590272E-8
23750000000000.0,0.9904914454396762,0.3314511599937598,0.606326084697882,47376.04101951428,111.86520217790066,2.2309914291391546E-18,0.20017127302948015,0.8185905385893965,9.131342887135422E-8
23800000000000.0,0.9905200667012107,0.33146763645055805,0.6063286073308757,47374.20586863306,111.86824293435325,2.23105207267666E-18,0.20017116147990868,0.8185906299028254,9.131592116918385E-8
23850000000000.0,0.9905485886618152,0.3314840702894337,0.6063311090745638,47372.37633691104,111.87127306022158,2.23111250420237E-18,0.20017104992730506,0.8185907212187465,9.131840479029987E-8
23900000000000.0,0.9905770117486089,0.3315004617372371,0.606333590014686,47370.55240396217,111.87429260152375,2.2311727246340493E-18,0.20017093837167985,0.8185908125371514,9.132087977226212E-8
23950000000000.0,0.9906053363861771,0.33151681101925684,0.606336050236624,47368.73404949259,111.87730160400551,2.231232734884032E-18,0.2001708268130436,0.8185909038580311,9.132334615240821E-8
24000000000000.0,0.9906335629965932,0.33153311835923405,0.6063384898254021,47366.92125330007,111.88030011314264,2.2312925358592675E-18,0.20017071525140687,0.8185909951813772,9.132580396785537E-8
24050000000000.0,0.9906616919994391,0.3315493839793744,0.6063409088656899,47365.11399527348,111.88328817414317,2.231352128461365E-18,0.20017060368678008,0.8185910865071813,9.132825325550221E-8
24100000000000.0,0.9906897238118261,0.331565608100361,0.6063433074418038,47363.312255392164,111.88626583194954,2.231411513586637E-18,0.20017049211917365,0.8185911778354344,9.133069405203071E-8
24150000000000.0,0.9907176588484152,0.3315817909413671,0.6063456856377072,47361.51601372544,111.88923313124081,2.2314706921261438E-18,0.20017038054859798,0.8185912691661286,9.133312639390774E-8
24200000000000.0,0.9907454975214369,0.33159793272006854,0.6063480435370139,47359.72525043212,111.8921901164347,2.231529664965733E-18,0.20017026897506338,0.818591360499255,9.133555031738694E-8
24250000000000.0,0.9907732402407126,0.3316140336526561,0.6063503812229878,47357.93994575983,111.89513683168991,2.231588432986087E-18,0.20017015739858013,0.8185914518348052,9.133796585851055E-8
24300000000000.0,0.9908008874136723,0.33163009395384807,0.6063526987785458,47356.16008004458,111.89807332090804,2.23164699706276E-18,0.20017004581915848,0.818591543172771,9.134037305311091E-8
24350000000000.0,0.9908284394453766,0.3316461138369018,0.6063549962862579,47354.38563371024,111.90099962773583,2.231705358066224E-18,0.20016993423680862,0.8185916345131442,9.134277193681235E-8
24400000000000.0,0.9908558967385338,0.33166209351362624,0.6063572738283504,47352.61658726792,111.90391579556709,2.231763516861907E-18,0.2001698226515407,0.8185917258559161,9.134516254503281E-8
24450000000000.0,0.9908832596935205,0.33167803319439376,0.6063595314867058,47350.85292131557,111.90682186754483,2.2318214743102337E-18,0.20016971106336487,0.8185918172010787,9.134754491298545E-8
24500000000000.0,0.9909105287084,0.3316939330881517,0.6063617693428652,47349.09461653737,111.90971788656323,2.231879231266668E-18,0.20016959947229115,0.8185919085486235,9.13499190756804E-8
24550000000000.0,0.9909377041789409,0.33170979340243456,0.6063639874780294,47347.34165370326,111.91260389526958,2.2319367885817484E-18,0.20016948787832958,0.8185919998985426,9.135228506792627E-8
24600000000000.0,0.9909647864986364,0.3317256143433749,0.6063661859730602,47345.59401366841,111.91547993606645,2.2319941471011336E-18,0.20016937628149015,0.8185920912508278,9.135464292433185E-8
24650000000000.0,0.9909917760587218,0.3317413961157153,0.6063683649084826,47343.85167737274,111.91834605111343,2.2320513076656368E-18,0.20016926468178278,0.8185921826054706,9.135699267930772E-8
24700000000000.0,0.9910186732481927,0.33175713892281955,0.6063705243644852,47342.11462584041,111.92120228232912,2.232108271111264E-18,0.2001691530792174,0.8185922739624634,9.135933436706767E-8
24750000000000.0,0.9910454784538241,0.331772842966684,0.6063726644209229,47340.38284017933,111.92404867139321,2.2321650382692573E-18,0.20016904147380385,0.8185923653217977,9.136166802163056E-8
24800000000000.0,0.9910721920601862,0.3317885084479486,0.6063747851573162,47338.65630158064,111.92688525974803,2.2322216099661246E-18,0.20016892986555193,0.8185924566834657,9.136399367682149E-8
24850000000000.0,0.9910988144496644,0.33180413556590793,0.6063768866528554,47336.93499131824,111.92971208860088,2.2322779870236865E-18,0.20016881825447144,0.8185925480474594,9.136631136627368E-8
24900000000000.0,0.9911253460024745,0.3318197245185223,0.6063789689863999,47335.21889074831,111.93252919892542,2.232334170259104E-18,0.2001687066405721,0.8185926394137707,9.136862112342978E-8
24950000000000.0,0.9911517870966811,0.33183527550242825,0.6063810322364804,47333.50798130884,111.93533663146383,2.2323901604849216E-18,0.20016859502386358,0.8185927307823919,9.137092298154335E-8
25000000000000.0,0.9911781381082148,0.33185078871294965,0.6063830764813006,47331.80224451909,111.93813442672855,2.232445958509102E-18,0.20016848340435556,0.8185928221533149,9.137321697368052E-8
25050000000000.0,0.9912043994108879,0.3318662643441081,0.6063851017987378,47330.10166197923,111.94092262500394,2.2325015651350592E-18,0.20016837178205762,0.8185929135265319,9.137550313272128E-8
25100000000000.0,0.9912305713764122,0.33188170258863364,0.6063871082663451,47328.406215369745,111.94370126634821,2.232556981161697E-18,0.20016826015697936,0.818593004902035,9.137778149136098E-8
25150000000000.0,0.9912566543744155,0.33189710363797503,0.6063890959613524,47326.71588645107,111.94647039059518,2.2326122073834434E-18,0.2001681485291303,0.8185930962798165,9.138005208211183E-8
25200000000000.0,0.9912826487724572,0.33191246768231,0.6063910649606672,47325.03065706305,111.94923003735597,2.2326672445902865E-18,0.20016803689851995,0.8185931876598685,9.138231493730434E-8
25250000000000.0,0.9913085549360449,0.33192779491055546,0.6063930153408774,47323.35050912455,111.95198024602067,2.232722093567804E-18,0.20016792526515773,0.8185932790421835,9.138457008908849E-8
25300000000000.0,0.9913343732286505,0.3319430855103782,0.6063949471782514,47321.675424632966,111.95472105576016,2.2327767550972043E-18,0.20016781362905306,0.8185933704267535,9.138681756943548E-8
25350000000000.0,0.9913601040117256,0.33195833966820426,0.6063968605487399,47320.005385663724,111.95745250552773,2.2328312299553544E-18,0.2001677019902153,0.8185934618135711,9.138905741013881E-8
25400000000000.0,0.9913857476447185,0.33197355756922914,0.6063987555279774,47318.340374369945,111.96017463406088,2.2328855189148184E-18,0.2001675903486538,0.8185935532026285,9.13912896428159E-8
25450000000000.0,0.9914113044850877,0.33198873939742785,0.6064006321912835,47316.68037298189,111.96288747988274,2.232939622743885E-18,0.20016747870437787,0.8185936445939181,9.139351429890917E-8
25500000000000.0,0.9914367748883186,0.3320038853355641,0.6064024906136639,47315.02536380663,111.96559108130386,2.2329935422066034E-18,0.20016736705739674,0.8185937359874325,9.139573140968755E-8
25550000000000.0,0.9914621592079386,0.3320189955652009,0.6064043308698119,47313.37532922746,111.9682854764239,2.2330472780628173E-18,0.20016725540771962,0.8185938273831639,9.139794100624788E-8
25600000000000.0,0.9914874577955317,0.3320340702667092,0.6064061530341104,47311.73025170361,111.97097070313309,2.233100831068192E-18,0.20016714375535571,0.8185939187811049,9.140014311951597E-8
25650000000000.0,0.9915126710007541,0.33204910961927786,0.6064079571806321,47310.09011376974,111.97364679911392,2.233154201974252E-18,0.20016703210031417,0.818594010181248,9.140233778024816E-8
25700000000000.0,0.9915377991713479,0.3320641138009231,0.6064097433831418,47308.454898035496,111.9763138018426,2.2332073915284054E-18,0.20016692044260406,0.8185941015835858,9.140452501903232E-8
25750000000000.0,0.9915628426531566,0.33207908298849775,0.6064115117150968,47306.824587185176,111.9789717485908,2.2332604004739836E-18,0.20016680878223447,0.8185941929881108,9.140670486628954E-8
25800000000000.0,0.9915878017901394,0.33209401735770033,0.6064132622496491,47305.19916397717,111.98162067642703,2.2333132295502647E-18,0.20016669711921445,0.8185942843948156,9.140887735227497E-8
25850000000000.0,0.9916126769243849,0.3321089170830846,0.6064149950596461,47303.578611243705,111.98426062221822,2.2333658794925065E-18,0.20016658545355298,0.818594375803693,9.141104250707919E-8
25900000000000.0,0.9916374683961263,0.33212378233806783,0.6064167102176323,47301.962911890274,111.98689162263129,2.2334183510319787E-18,0.200166473785259,0.8185944672147355,9.141320036062966E-8
25950000000000.0,0.9916621765437548,0.3321386132949408,0.6064184077958502,47300.35204889531,111.9895137141346,2.23347064489599E-18,0.20016636211434147,0.8185945586279358,9.141535094269167E-8
26000000000000.0,0.9916868017038328,0.3321534101248762,0.606420087866242,47298.7460053098,111.99212693299937,2.2335227618079186E-18,0.2001662504408092,0.8185946500432868,9.14174942828697E-8
26050000000000.0,0.9917113442111093,0.3321681729979373,0.6064217505004502,47297.14476425678,111.9947313153013,2.2335747024872422E-18,0.20016613876467113,0.8185947414607812,9.14196304106085E-8
26100000000000.0,0.9917358043985324,0.33218290208308693,0.60642339576982,47295.54830893105,111.99732689692188,2.233626467649566E-18,0.200166027085936,0.8185948328804115,9.142175935519446E-8
26150000000000.0,0.9917601825972623,0.33219759754819606,0.6064250237453995,47293.956622598685,111.9999137135499,2.2336780580066525E-18,0.20016591540461262,0.8185949243021708,9.142388114575663E-8
26200000000000.0,0.9917844791366859,0.33221225956005235,0.6064266344979414,47292.36968859669,112.00249180068286,2.2337294742664476E-18,0.20016580372070972,0.818595015726052,9.142599581126788E-8
26250000000000.0,0.9918086943444292,0.33222688828436897,0.6064282280979044,47290.78749033258,112.0050611936284,2.233780717133112E-18,0.200165692034236,0.8185951071520479,9.142810338054615E-8
26300000000000.0,0.9918328285463704,0.33224148388579233,0.6064298046154539,47289.21001128398,112.00762192750565,2.2338317873070463E-18,0.20016558034520016,0.8185951985801512,9.14302038822556E-8
26350000000000.0,0.9918568820666536,0.33225604652791124,0.6064313641204642,47287.6372349983,112.01017403724673,2.2338826854849222E-18,0.2001654686536108,0.8185952900103551,9.14322973449076E-8
26400000000000.0,0.9918808552277009,0.3322705763732645,0.6064329066825188,47286.06914509224,112.012717557598,2.2339334123597058E-18,0.20016535695947651,0.8185953814426524,9.1434383796862E-8
26450000000000.0,0.9919047483502247,0.33228507358334963,0.6064344323709119,47284.50572525153,112.0152525231214,2.233983968620686E-18,0.2001652452628059,0.8185954728770363,9.143646326632815E-8
26500000000000.0,0.9919285617532411,0.3322995383186305,0.6064359412546502,47282.94695923047,112.01777896819594,2.234034354953502E-18,0.2001651335636075,0.8185955643134994,9.1438535781366E-8
26550000000000.0,0.9919522957540823,0.3323139707385462,0.6064374334024534,47281.39283085157,112.02029692701889,2.23408457204017E-18,0.20016502186188975,0.8185956557520353,9.144060136988723E-8
26600000000000.0,0.9919759506684087,0.33232837100151763,0.6064389088827558,47279.84332400519,112.02280643360722,2.23413462055911E-18,0.20016491015766116,0.8185957471926366,9.144266005965634E-8
26650000000000.0,0.9919995268102207,0.33234273926495694,0.6064403677637069,47278.29842264918,112.02530752179875,2.234184501185169E-18,0.20016479845093013,0.8185958386352966,9.144471187829162E-8
26700000000000.0,0.9920230244918716,0.33235707568527423,0.6064418101131739,47276.75811080846,112.02780022525363,2.23423421458965E-18,0.20016468674170507,0.8185959300800085,9.144675685326633E-8
26750000000000.0,0.992046444024079,0.33237138041788594,0.6064432359987417,47275.22237257472,112.03028457745548,2.2342837614403362E-18,0.20016457502999432,0.8185960215267654,9.144879501190965E-8
26800000000000.0,0.9920697857159371,0.33238565361722233,0.6064446454877146,47273.69119210599,112.03276061171272,2.2343331424015165E-18,0.20016446331580626,0.8185961129755605,9.145082638140775E-8
26850000000000.0,0.9920930498749277,0.3323998954367351,0.6064460386471172,47272.164553626346,112.03522836115982,2.2343823581340103E-18,0.20016435159914914,0.8185962044263868,9.145285098880485E-8
26900000000000.0,0.9921162368069331,0.3324141060289049,0.6064474155436962,47270.64244142551,112.03768785875857,2.2344314092951933E-18,0.20016423988003124,0.8185962958792378,9.14548688610042E-8
26950000000000.0,0.9921393468162456,0.33242828554524917,0.6064487762439208,47269.124839858516,112.04013913729922,2.23448029653902E-18,0.20016412815846077,0.8185963873341067,9.145688002476907E-8
27000000000000.0,0.9921623802055811,0.332442434136329,0.6064501208139847,47267.61173334532,112.04258222940179,2.2345290205160504E-18,0.20016401643444595,0.8185964787909866,9.145888450672375E-8
27050000000000.0,0.9921853372760895,0.3324565519517568,0.6064514493198063,47266.10310637052,112.04501716751732,2.2345775818734743E-18,0.20016390470799492,0.8185965702498712,9.146088233335467E-8
27100000000000.0,0.9922082183273654,0.33247063914020364,0.606452761827031,47264.59894348293,112.04744398392894,2.234625981255132E-18,0.20016379297911582,0.8185966617107535,9.146287353101113E-8
27150000000000.0,0.9922310236574603,0.3324846958494063,0.6064540584010313,47263.099229295294,112.04986271075322,2.2346742193015426E-18,0.20016368124781675,0.818596753173627,9.146485812590654E-8
27200000000000.0,0.9922537535628918,0.3324987222261746,0.6064553391069084,47261.6039484839,112.05227337994111,2.2347222966499225E-18,0.20016356951410577,0.8185968446384851,9.146683614411914E-8
27250000000000.0,0.9922764083386566,0.3325127184163983,0.606456604009494,47260.11308578829,112.05467602327937,2.2347702139342125E-18,0.20016345777799094,0.8185969361053214,9.146880761159307E-8
27300000000000.0,0.9922989882782398,0.33252668456505435,0.6064578531733502,47258.62662601087,112.05707067239155,2.2348179717850997E-18,0.20016334603948024,0.818597027574129,9.147077255413938E-8
27350000000000.0,0.9923214936736267,0.3325406208162139,0.6064590866627715,47257.14455401662,112.05945735873925,2.2348655708300402E-18,0.20016323429858165,0.8185971190449015,9.147273099743684E-8
27400000000000.0,0.9923439248153119,0.3325545273130488,0.6064603045417858,47255.6668547327,112.06183611362314,2.2349130116932815E-18,0.2001631225553031,0.8185972105176325,9.147468296703294E-8
27450000000000.0,0.992366281992311,0.33256840419783906,0.6064615068741552,47254.1935131482,112.06420696818415,2.2349602949958847E-18,0.20016301080965251,0.8185973019923155,9.147662848834477E-8
27500000000000.0,0.9923885654921708,0.33258225161197874,0.6064626937233774,47252.72451431376,112.06656995340457,2.2350074213557472E-18,0.20016289906163776,0.818597393468944,9.147856758665986E-8
27550000000000.0,0.9924107756009791,0.33259606969598376,0.606463865152687,47251.259843341235,112.06892510010918,2.2350543913876257E-18,0.2001627873112667,0.8185974849475116,9.148050028713734E-8
27600000000000.0,0.9924329126033755,0.3326098585894978,0.6064650212250564,47249.79948540342,112.07127243896633,2.2351012057031555E-18,0.2001626755585471,0.8185975764280119,9.148242661480846E-8
27650000000000.0,0.9924549767825608,0.33262361843129923,0.6064661620031969,47248.34342573369,112.07361200048892,2.2351478649108735E-18,0.20016256380348682,0.8185976679104384,9.14843465945778E-8
27700000000000.0,0.9924769684203075,0.33263734935930755,0.6064672875495597,47246.891649625686,112.07594381503569,2.2351943696162413E-18,0.20016245204609356,0.8185977593947851,9.148626025122397E-8
27750000000000.0,0.9924988877969696,0.33265105151059005,0.6064683979263372,47245.444142433014,112.07826791281205,2.2352407204216627E-18,0.20016234028637508,0.8185978508810453,9.148816760940048E-8
27800000000000.0,0.9925207351914925,0.33266472502136774,0.6064694931954642,47244.00088956891,112.0805843238713,2.235286917926507E-18,0.20016222852433907,0.8185979423692129,9.149006869363667E-8
27850000000000.0,0.9925425108814229,0.3326783700270226,0.6064705734186184,47242.56187650592,112.08289307811563,2.2353329627271315E-18,0.20016211675999318,0.8185980338592816,9.149196352833858E-8
27900000000000.0,0.9925642151429173,0.33269198666210303,0.6064716386572224,47241.12708877566,112.08519420529709,2.2353788554168976E-18,0.20016200499334505,0.8185981253512451,9.149385213778969E-8
27950000000000.0,0.9925858482507534,0.3327055750603308,0.6064726889724441,47239.6965119684,112.08748773501866,2.235424596586195E-18,0.20016189322440228,0.8185982168450973,9.14957345461518E-8
28000000000000.0,0.9926074104783378,0.3327191353546067,0.606473724425198,47238.27013173286,112.08977369673529,2.23547018682246E-18,0.20016178145317245,0.8185983083408318,9.14976107774659E-8
28050000000000.0,0.9926289020977169,0.33273266767701704,0.6064747450761461,47236.84793377582,112.09205211975497,2.2355156267101993E-18,0.20016166967966312,0.8185983998384426,9.149948085565299E-8
28100000000000.0,0.9926503233795849,0.33274617215883967,0.6064757509856996,47235.42990386188,112.09432303323948,2.235560916831002E-18,0.2001615579038818,0.8185984913379234,9.150134480451482E-8
28150000000000.0,0.9926716745932935,0.3327596489305503,0.6064767422140188,47234.01602781313,112.09658646620564,2.235606057763567E-18,0.20016144612583595,0.8185985828392682,9.150320264773472E-8
28200000000000.0,0.9926929560068614,0.332773098121828,0.6064777188210154,47232.60629150889,112.09884244752617,2.2356510500837208E-18,0.20016133434553307,0.8185986743424709,9.150505440887852E-8
28250000000000.0,0.9927141678869829,0.3327865198615611,0.606478680866353,47231.20068088533,112.10109100593071,2.2356958943644335E-18,0.20016122256298058,0.8185987658475253,9.150690011139515E-8
28300000000000.0,0.9927353104990371,0.33279991427785394,0.6064796284094478,47229.79918193527,112.10333217000674,2.235740591175842E-18,0.20016111077818585,0.8185988573544254,9.150873977861759E-8
28350000000000.0,0.9927563841070963,0.3328132814980318,0.60648056150947,47228.40178070787,112.1055659682005,2.2357851410852654E-18,0.2001609989911563,0.8185989488631652,9.151057343376351E-8
28400000000000.0,0.9927773889739356,0.33282662164864735,0.6064814802253454,47227.008463308266,112.10779242881807,2.2358295446572293E-18,0.20016088720189926,0.8185990403737387,9.151240109993621E-8
28450000000000.0,0.9927983253610412,0.3328399348554858,0.6064823846157557,47225.61921589737,112.1100115800262,2.2358738024534777E-18,0.20016077541042201,0.8185991318861398,9.15142228001252E-8
28500000000000.0,0.9928191935286185,0.3328532212435708,0.6064832747391392,47224.23402469155,112.1122234498532,2.2359179150329962E-18,0.2001606636167319,0.8185992234003625,9.151603855720709E-8
28550000000000.0,0.9928399937356018,0.3328664809371706,0.6064841506536928,47222.852875962344,112.11442806619,2.235961882952029E-18,0.20016055182083614,0.818599314916401,9.151784839394628E-8
28600000000000.0,0.9928607262396618,0.3328797140598028,0.6064850124173725,47221.4757560362,112.11662545679093,2.2360057067640963E-18,0.200160440022742,0.8185994064342494,9.15196523329957E-8
28650000000000.0,0.9928813912972141,0.33289292073424076,0.6064858600878945,47220.102651294146,112.11881564927467,2.2360493870200137E-18,0.20016032822245666,0.8185994979539017,9.152145039689762E-8
28700000000000.0,0.9929019891634289,0.3329061010825182,0.6064866937227363,47218.733548171585,112.12099867112522,2.2360929242679105E-18,0.20016021641998732,0.8185995894753522,9.152324260808435E-8
28750000000000.0,0.9929225200922372,0.3329192552259356,0.6064875133791374,47217.36843315791,112.12317454969268,2.2361363190532444E-18,0.20016010461534112,0.8185996809985948,9.152502898887885E-8
28800000000000.0,0.9929429843363404,0.33293238328506447,0.6064883191141008,47216.0072927964,112.12534331219415,2.2361795719188218E-18,0.20015999280852517,0.8185997725236238,9.152680956149554E-8
28850000000000.0,0.9929633821472179,0.3329454853797541,0.6064891109843936,47214.65011368376,112.12750498571468,2.236222683404816E-18,0.20015988099954657,0.8185998640504333,9.152858434804118E-8
28900000000000.0,0.9929837137751355,0.33295856162913545,0.606489889046548,47213.29688246996,112.12965959720808,2.236265654048781E-18,0.2001597691884124,0.8185999555790177,9.153035337051532E-8
28950000000000.0,0.9930039794691529,0.3329716121516277,0.6064906533568626,47211.94758585795,112.13180717349772,2.236308484385672E-18,0.2001596573751297,0.8186000471093711,9.153211665081099E-8
29000000000000.0,0.9930241794771317,0.3329846370649425,0.6064914039714031,47210.602210603414,112.13394774127748,2.236351174947859E-18,0.20015954555970547,0.8186001386414877,9.153387421071563E-8
29050000000000.0,0.9930443140457442,0.33299763648609,0.6064921409460033,47209.26074351442,112.13608132711262,2.236393726265148E-18,0.20015943374214673,0.8186002301753619,9.153562607191168E-8
29100000000000.0,0.9930643834204793,0.3330106105313828,0.6064928643362666,47207.92317145126,112.13820795744043,2.236436138864794E-18,0.20015932192246041,0.818600321710988,9.15373722559771E-8
29150000000000.0,0.9930843878456522,0.3330235593164425,0.606493574197566,47206.58948132609,112.1403276585713,2.2364784132715198E-18,0.20015921010065346,0.8186004132483602,9.15391127843863E-8
29200000000000.0,0.9931043275644101,0.3330364829562034,0.6064942705850461,47205.259660102805,112.14244045668927,2.2365205500075283E-18,0.2001590982767328,0.818600504787473,9.154084767851055E-8
29250000000000.0,0.9931242028187418,0.33304938156491853,0.6064949535536234,47203.93369479661,112.14454637785316,2.2365625495925254E-18,0.20015898645070532,0.8186005963283207,9.154257695961891E-8
29300000000000.0,0.993144013849484,0.33306225525616423,0.6064956231579872,47202.61157247388,112.14664544799714,2.236604412543731E-18,0.20015887462257784,0.8186006878708977,9.154430064887873E-8
29350000000000.0,0.9931637608963285,0.33307510414284464,0.6064962794526014,47201.293280251884,112.14873769293165,2.2366461393758973E-18,0.2001587627923572,0.8186007794151983,9.154601876735632E-8
29400000000000.0,0.9931834441978301,0.33308792833719736,0.6064969224917041,47199.97880529857,112.15082313834404,2.236687730601322E-18,0.20015865096005023,0.818600870961217,9.154773133601761E-8
29450000000000.0,0.9932030639914141,0.33310072795079776,0.60649755232931,47198.668134832165,112.15290180979959,2.2367291867298685E-18,0.2001585391256637,0.8186009625089484,9.154943837572882E-8
29500000000000.0,0.9932226205133833,0.333113503094564,0.6064981690192103,47197.36125612109,112.15497373274209,2.236770508268976E-18,0.20015842728920435,0.8186010540583868,9.155113990725701E-8
29550000000000.0,0.9932421139989248,0.33312625387876177,0.6064987726149742,47196.058156483654,112.15703893249477,2.2368116957236803E-18,0.20015831545067894,0.8186011456095267,9.15528359512709E-8
29600000000000.0,0.9932615446821178,0.33313898041300877,0.6064993631699495,47194.75882328778,112.15909743426091,2.2368527495966247E-18,0.20015820361009415,0.8186012371623627,9.155452652834124E-8
29650000000000.0,0.9932809127959404,0.3331516828062797,0.6064999407372637,47193.463243950784,112.16114926312474,2.2368936703880785E-18,0.20015809176745666,0.8186013287168892,9.155621165894168E-8
29700000000000.0,0.9933002185722763,0.3331643611669109,0.606500505369825,47192.171405939145,112.1631944440521,2.2369344585959495E-18,0.20015797992277315,0.8186014202731009,9.155789136344915E-8
29750000000000.0,0.9933194622419225,0.33317701560260443,0.6065010571203232,47190.88329676824,112.16523300189124,2.2369751147158008E-18,0.2001578680760502,0.8186015118309922,9.155956566214474E-8
29800000000000.0,0.9933386440345948,0.3331896462204335,0.6065015960412307,47189.598904002094,112.16726496137352,2.2370156392408637E-18,0.20015775622729448,0.8186016033905579,9.1561234575214E-8
29850000000000.0,0.993357764178937,0.33320225312684626,0.6065021221848025,47188.31821525319,112.16929034711424,2.2370560326620552E-18,0.2001576443765125,0.8186016949517925,9.156289812274778E-8
29900000000000.0,0.9933768229025248,0.33321483642767047,0.6065026356030787,47187.04121818216,112.17130918361326,2.23709629546799E-18,0.20015753252371088,0.8186017865146906,9.156455632474279E-8
29950000000000.0,0.9933958204318748,0.33322739622811814,0.6065031363478842,47185.76790049763,112.17332149525573,2.2371364281449953E-18,0.2001574206688961,0.8186018780792469,9.156620920110202E-8
30000000000000.0,0.9934147569924502,0.33323993263278995,0.6065036244708304,47184.49824995593,112.17532730631297,2.237176431177127E-18,0.2001573088120747,0.8186019696454561,9.15678567716356E-8
30050000000000.0,0.993433632808667,0.3332524457456793,0.6065041000233153,47183.23225436086,112.17732664094287,2.2372163050461806E-18,0.20015719695325312,0.8186020612133129,9.156949905606108E-8
30100000000000.0,0.9934524481039017,0.33326493567017673,0.606504563056525,47181.9699015635,112.17931952319096,2.2372560502317095E-18,0.20015708509243788,0.8186021527828119,9.157113607400427E-8
30150000000000.0,0.9934712031004969,0.3332774025090746,0.6065050136214344,47180.71117946193,112.18130597699081,2.2372956672110342E-18,0.20015697322963535,0.818602244353948,9.157276784499963E-8
30200000000000.0,0.993489898019768,0.33328984636457115,0.6065054517688081,47179.45607600107,112.18328602616495,2.2373351564592614E-18,0.200156861364852,0.8186023359267158,9.1574394388491E-8
30250000000000.0,0.9935085330820094,0.3333022673382744,0.606505877549201,47178.20457917236,112.18525969442535,2.237374518449292E-18,0.20015674949809417,0.8186024275011102,9.157601572383193E-8
30300000000000.0,0.9935271085065015,0.33331466553120664,0.60650629101296,47176.956677013615,112.18722700537431,2.237413753651841E-18,0.20015663762936825,0.818602519077126,9.157763187028649E-8
30350000000000.0,0.993545624511516,0.3333270410438087,0.6065066922102241,47175.71235760876,112.18918798250493,2.2374528625354433E-18,0.20015652575868056,0.8186026106547578,9.157924284702963E-8
30400000000000.0,0.9935640813143232,0.3333393939759438,0.6065070811909253,47174.471609087625,112.191142649202,2.237491845566476E-18,0.20015641388603744,0.8186027022340007,9.158084867314789E-8
30450000000000.0,0.9935824791311968,0.3333517244269019,0.60650745800479,47173.23441962572,112.19309102874249,2.2375307032091648E-18,0.20015630201144516,0.8186027938148493,9.158244936763981E-8
30500000000000.0,0.9936008181774215,0.33336403249540353,0.6065078227013393,47172.00077744399,112.19503314429623,2.237569435925599E-18,0.20015619013491,0.8186028853972988,9.158404494941648E-8
30550000000000.0,0.9936190986672987,0.3333763182796039,0.6065081753298903,47170.77067080864,112.19696901892677,2.2376080441757476E-18,0.20015607825643822,0.8186029769813437,9.158563543730222E-8
30600000000000.0,0.9936373208141513,0.33338858187709713,0.6065085159395569,47169.54408803088,112.19889867559169,2.2376465284174672E-18,0.200155966376036,0.8186030685669792,9.158722085003491E-8
30650000000000.0,0.9936554848303314,0.3334008233849199,0.6065088445792504,47168.32101746678,112.20082213714353,2.237684889106519E-18,0.20015585449370957,0.8186031601542,9.158880120626666E-8
30700000000000.0,0.9936735909272255,0.3334130428995552,0.6065091612976802,47167.10144751691,112.20273942633035,2.23772312669658E-18,0.20015574260946511,0.8186032517430012,9.15903765245643E-8
30750000000000.0,0.99369163931526,0.3334252405169368,0.6065094661433555,47165.88536662628,112.20465056579627,2.2377612416392548E-18,0.20015563072330878,0.8186033433333777,9.159194682340983E-8
30800000000000.0,0.9937096302039073,0.3334374163324526,0.6065097591645853,47164.67276328407,112.2065555780822,2.2377992343840906E-18,0.20015551883524668,0.8186034349253245,9.159351212120108E-8
30850000000000.0,0.9937275638016922,0.3334495704409489,0.6065100404094793,47163.46362602338,112.20845448562645,2.237837105378586E-18,0.20015540694528497,0.8186035265188366,9.1595072436252E-8
30900000000000.0,0.993745440316197,0.33346170293673355,0.6065103099259495,47162.257943421115,112.21034731076536,2.2378748550682086E-18,0.2001552950534297,0.8186036181139091,9.159662778679343E-8
30950000000000.0,0.9937632599540669,0.33347381391358066,0.60651056776171,47161.05570409764,112.21223407573379,2.2379124838964002E-18,0.20015518315968694,0.8186037097105369,9.159817819097333E-8
31000000000000.0,0.9937810229210163,0.3334859034647333,0.6065108139642784,47159.85689671673,112.21411480266593,2.2379499923045957E-18,0.20015507126406276,0.818603801308715,9.159972366685751E-8
31050000000000.0,0.9937987294218347,0.33349797168290796,0.606511048580977,47158.66150998523,112.21598951359582,2.237987380732232E-18,0.20015495936656313,0.8186038929084387,9.160126423243E-8
31100000000000.0,0.9938163796603907,0.3335100186602979,0.6065112716589329,47157.469532652955,112.21785823045782,2.2380246496167598E-18,0.20015484746719409,0.818603984509703,9.160279990559358E-8
31150000000000.0,0.9938339738396395,0.33352204448857703,0.606511483245079,47156.2809535124,112.21972097508744,2.238061799393656E-18,0.2001547355659616,0.8186040761125029,9.160433070417021E-8
31200000000000.0,0.9938515121616271,0.3335340492589032,0.6065116833861549,47155.09576139861,112.22157776922178,2.2380988304964363E-18,0.20015462366287165,0.8186041677168335,9.160585664590161E-8
31250000000000.0,0.9938689948274959,0.33354603306192193,0.6065118721287077,47153.91394518894,112.22342863450008,2.2381357433566644E-18,0.20015451175793011,0.8186042593226902,9.160737774844961E-8
31300000000000.0,0.9938864220374904,0.33355799598777,0.6065120495190934,47152.73549380288,112.22527359246449,2.2381725384039676E-18,0.20015439985114294,0.818604350930068,9.16088940293968E-8
31350000000000.0,0.9939037939909624,0.33356993812607916,0.6065122156034766,47151.560396201814,112.22711266456042,2.238209216066044E-18,0.20015428794251602,0.818604442538962,9.16104055062468E-8
31400000000000.0,0.9939211108863762,0.33358185956597913,0.6065123704278317,47150.38864138887,112.22894587213726,2.2382457767686765E-18,0.2001541760320552,0.8186045341493675,9.161191219642487E-8
31450000000000.0,0.9939383729213142,0.33359376039610156,0.6065125140379444,47149.2202184087,112.23077323644893,2.2382822209357443E-18,0.20015406411976638,0.8186046257612797,9.161341411727835E-8
31500000000000.0,0.9939555802924814,0.33360564070458326,0.6065126464794114,47148.05511634731,112.23259477865442,2.2383185489892333E-18,0.20015395220565535,0.8186047173746939,9.161491128607709E-8
31550000000000.0,0.9939727331957117,0.3336175005790697,0.6065127677976422,47146.89332433181,112.23441051981831,2.238354761349246E-18,0.2001538402897279,0.8186048089896051,9.161640372001388E-8
31600000000000.0,0.9939898318259713,0.3336293401067183,0.6065128780378592,47145.734831530324,112.23622048091136,2.2383908584340146E-18,0.20015372837198983,0.8186049006060089,9.161789143620493E-8
31650000000000.0,0.9940068763773661,0.333641159374202,0.6065129772450988,47144.57962715169,112.23802468281113,2.2384268406599123E-18,0.20015361645244692,0.8186049922239003,9.161937445169043E-8
31700000000000.0,0.9940238670431449,0.33365295846771215,0.6065130654642119,47143.42770044531,112.23982314630243,2.238462708441462E-18,0.2001535045311049,0.8186050838432747,9.162085278343479E-8
31750000000000.0,0.994040804015705,0.33366473747296216,0.6065131427398649,47142.27904070101,112.24161589207786,2.2384984621913475E-18,0.20015339260796947,0.8186051754641275,9.16223264483272E-8
31800000000000.0,0.9940576874865976,0.3336764964751908,0.6065132091165406,47141.133637248786,112.24340294073842,2.2385341023204275E-18,0.20015328068304636,0.818605267086454,9.162379546318211E-8
31850000000000.0,0.9940745176465318,0.3336882355591654,0.6065132646385389,47139.99147945863,112.245184312794,2.2385696292377417E-18,0.20015316875634123,0.8186053587102494,9.162525984473958E-8
31900000000000.0,0.9940912946853804,0.3336999548091851,0.6065133093499773,47138.85255674041,112.24696002866389,2.2386050433505237E-18,0.20015305682785978,0.8186054503355092,9.16267196096657E-8
31950000000000.0,0.9941080187921842,0.3337116543090838,0.6065133432947918,47137.716858543565,112.24873010867736,2.238640345064212E-18,0.2001529448976076,0.8186055419622289,9.162817477455313E-8
32000000000000.0,0.9941246901551578,0.33372333414223365,0.6065133665167378,47136.584374357066,112.25049457307418,2.238675534782459E-18,0.20015283296559033,0.8186056335904036,9.162962535592147E-8
32050000000000.0,0.9941413089616924,0.33373499439154825,0.6065133790593908,47135.45509370911,112.25225344200499,2.2387106129071412E-18,0.20015272103181359,0.8186057252200291,9.16310713702175E-8
32100000000000.0,0.994157875398363,0.33374663513948544,0.6065133809661473,47134.32900616699,112.25400673553207,2.2387455798383724E-18,0.20015260909628294,0.8186058168511003,9.163251283381604E-8
32150000000000.0,0.994174389650931,0.3337582564680505,0.6065133722802247,47133.20610133693,112.25575447362965,2.2387804359745092E-18,0.20015249715900393,0.8186059084836133,9.16339497630199E-8
32200000000000.0,0.9941908519043499,0.33376985845879964,0.6065133530446635,47132.0863688639,112.25749667618443,2.2388151817121635E-18,0.20015238521998213,0.818606000117563,9.163538217406049E-8
32250000000000.0,0.9942072623427703,0.33378144119284237,0.6065133233023268,47130.96979843141,112.25923336299626,2.2388498174462153E-18,0.20015227327922305,0.8186060917529452,9.163681008309834E-8
32300000000000.0,0.9942236211495437,0.3337930047508452,0.6065132830959018,47129.85637976137,112.26096455377835,2.2388843435698165E-18,0.2001521613367322,0.8186061833897552,9.163823350622331E-8
32350000000000.0,0.9942399285072274,0.33380454921303415,0.6065132324679002,47128.74610261387,112.26269026815807,2.2389187604744063E-18,0.20015204939251502,0.8186062750279888,9.16396524594551E-8
32400000000000.0,0.9942561845975889,0.33381607465919766,0.6065131714606588,47127.63895678708,112.26441052567716,2.2389530685497177E-18,0.200151937446577,0.8186063666676412,9.164106695874364E-8
32450000000000.0,0.9942723896016111,0.3338275811686903,0.6065131001163406,47126.53493211699,112.2661253457925,2.238987268183789E-18,0.20015182549892357,0.8186064583087082,9.164247701996945E-8
32500000000000.0,0.9942885436994955,0.33383906882043485,0.6065130184769352,47125.43401847729,112.26783474787628,2.239021359762972E-18,0.20015171354956016,0.8186065499511852,9.164388265894409E-8
32550000000000.0,0.9943046470706677,0.3338505376929257,0.6065129265842597,47124.336205779204,112.26953875121676,2.2390553436719433E-18,0.20015160159849216,0.8186066415950679,9.164528389141046E-8
32600000000000.0,0.9943206998937815,0.33386198786423144,0.6065128244799596,47123.241483971266,112.2712373750186,2.2390892202937117E-18,0.20015148964572496,0.8186067332403517,9.164668073304336E-8
32650000000000.0,0.9943367023467229,0.33387341941199805,0.6065127122055091,47122.1498430392,112.27293063840332,2.2391229900096292E-18,0.20015137769126395,0.8186068248870325,9.164807319944964E-8
32700000000000.0,0.9943526546066153,0.33388483241345135,0.6065125898022121,47121.0612730058,112.27461856040989,2.2391566531994E-18,0.20015126573511446,0.8186069165351056,9.164946130616884E-8
32750000000000.0,0.9943685568498226,0.33389622694540033,0.6065124573112027,47119.97576393058,112.27630115999506,2.2391902102410904E-18,0.2001511537772818,0.818607008184567,9.165084506867331E-8
32800000000000.0,0.9943844092519544,0.3339076030842394,0.6065123147734466,47118.89330590984,112.27797845603384,2.2392236615111353E-18,0.20015104181777127,0.818607099835412,9.165222450236879E-8
32850000000000.0,0.9944002119878701,0.33391896090595147,0.6065121622297405,47117.81388907634,112.2796504673201,2.2392570073843508E-18,0.2001509298565882,0.8186071914876366,9.165359962259469E-8
32900000000000.0,0.9944159652316826,0.3339303004861109,0.6065119997207139,47116.73750359919,112.28131721256683,2.2392902482339413E-18,0.20015081789373781,0.8186072831412362,9.16549704446245E-8
32950000000000.0,0.9944316691567633,0.33394162189988547,0.6065118272868298,47115.664139683686,112.28297871040675,2.23932338443151E-18,0.2001507059292254,0.8186073747962066,9.165633698366614E-8
33000000000000.0,0.9944473239357454,0.33395292522204023,0.6065116449683848,47114.593787571124,112.28463497939266,2.239356416347065E-18,0.20015059396305618,0.8186074664525437,9.165769925486224E-8
33050000000000.0,0.9944629297405287,0.3339642105269391,0.60651145280551,47113.52643753869,112.28628603799794,2.2393893443490323E-18,0.20015048199523536,0.8186075581102429,9.165905727329077E-8
33100000000000.0,0.9944784867422836,0.3339754778885482,0.6065112508381716,47112.46207989925,112.28793190461695,2.2394221688042612E-18,0.20015037002576813,0.8186076497693001,9.166041105396509E-8
33150000000000.0,0.994493995111454,0.3339867273804382,0.6065110391061721,47111.40070500119,112.2895725975655,2.2394548900780333E-18,0.2001502580546597,0.8186077414297113,9.166176061183439E-8
33200000000000.0,0.9945094550177629,0.3339979590757871,0.6065108176491505,47110.34230322831,112.29120813508122,2.239487508534073E-18,0.2001501460819152,0.8186078330914718,9.166310596178425E-8
33250000000000.0,0.994524866630216,0.3340091730473828,0.6065105865065832,47109.286864999616,112.29283853532417,2.239520024534556E-18,0.20015003410753976,0.8186079247545778,9.166444711863674E-8
33300000000000.0,0.994540230117105,0.3340203693676257,0.6065103457177844,47108.23438076916,112.29446381637702,2.2395524384401165E-18,0.20014992213153854,0.8186080164190249,9.166578409715087E-8
33350000000000.0,0.9945555456460122,0.33403154810853103,0.6065100953219072,47107.184841025904,112.2960839962457,2.2395847506098555E-18,0.2001498101539166,0.818608108084809,9.166711691202296E-8
33400000000000.0,0.9945708133838139,0.3340427093417318,0.6065098353579438,47106.13823629359,112.29769909285963,2.2396169614013508E-18,0.2001496981746791,0.8186081997519259,9.166844557788695E-8
33450000000000.0,0.994586033496685,0.3340538531384811,0.6065095658647266,47105.094557130535,112.29930912407235,2.239649071170665E-18,0.20014958619383103,0.8186082914203715,9.166977010931479E-8
33500000000000.0,0.9946012061501016,0.3340649795696547,0.6065092868809286,47104.05379412949,112.3009141076617,2.239681080272352E-18,0.20014947421137746,0.8186083830901416,9.167109052081665E-8
33550000000000.0,0.9946163315088468,0.33407608870575334,0.6065089984450647,47103.015937917524,112.30251406133051,2.2397129890594695E-18,0.20014936222732346,0.8186084747612321,9.167240682684154E-8
33600000000000.0,0.9946314097370123,0.3340871806169053,0.6065087005954908,47101.98097915583,112.3041090027067,2.2397447978835806E-18,0.20014925024167401,0.8186085664336389,9.167371904177719E-8
33650000000000.0,0.9946464409980034,0.3340982553728689,0.6065083933704063,47100.94890853958,112.30569894934389,2.239776507094768E-18,0.20014913825443412,0.818608658107358,9.167502717995088E-8
33700000000000.0,0.9946614254545427,0.33410931304303504,0.6065080768078537,47099.91971679781,112.30728391872184,2.23980811704164E-18,0.20014902626560876,0.8186087497823852,9.167633125562942E-8
33750000000000.0,0.9946763632686739,0.33412035369642923,0.6065077509457192,47098.89339469322,112.3088639282467,2.239839628071337E-18,0.2001489142752029,0.8186088414587164,9.167763128301967E-8
33800000000000.0,0.9946912546017647,0.33413137740171456,0.6065074158217341,47097.86993302208,112.31043899525149,2.239871040529542E-18,0.2001488022832215,0.8186089331363477,9.167892727626873E-8
33850000000000.0,0.9947060996145113,0.33414238422719333,0.6065070714734747,47096.849322614005,112.31200913699652,2.239902354760487E-18,0.20014869028966947,0.818609024815275,9.168021924946441E-8
33900000000000.0,0.9947208984669416,0.33415337424081026,0.6065067179383633,47095.831554331904,112.31357437066971,2.2399335711069603E-18,0.20014857829455174,0.8186091164954943,9.168150721663536E-8
33950000000000.0,0.9947356513184188,0.3341643475101542,0.6065063552536688,47094.816619071775,112.31513471338707,2.239964689910316E-18,0.2001484662978732,0.8186092081770014,9.16827911917516E-8
34000000000000.0,0.9947503583276457,0.33417530410246044,0.6065059834565075,47093.80450776252,112.31669018219303,2.2399957115104817E-18,0.2001483542996387,0.8186092998597926,9.168407118872473E-8
34050000000000.0,0.9947650196526671,0.3341862440846134,0.6065056025838435,47092.79521136594,112.3182407940608,2.240026636245963E-18,0.20014824229985312,0.8186093915438638,9.168534722140818E-8
34100000000000.0,0.9947796354508733,0.33419716752314876,0.606505212672489,47091.788720876466,112.31978656589278,2.2400574644538545E-18,0.2001481302985213,0.818609483229211,9.168661930359763E-8
34150000000000.0,0.9947942058790056,0.33420807448425577,0.606504813759106,47090.78502732103,112.32132751452104,2.2400881964698473E-18,0.20014801829564807,0.8186095749158303,9.168788744903131E-8
34200000000000.0,0.9948087310931576,0.33421896503377907,0.6065044058802058,47089.78412175896,112.32286365670755,2.2401188326282354E-18,0.20014790629123824,0.8186096666037178,9.168915167139025E-8
34250000000000.0,0.9948232112487798,0.3342298392372217,0.6065039890721502,47088.78599528184,112.32439500914462,2.240149373261923E-18,0.2001477942852966,0.8186097582928695,9.169041198429868E-8
34300000000000.0,0.9948376465006823,0.3342406971597466,0.6065035633711519,47087.79063901334,112.32592158845524,2.2401798187024317E-18,0.20014768227782795,0.8186098499832815,9.169166840132416E-8
34350000000000.0,0.9948520370030385,0.3342515388661791,0.6065031288132752,47086.79804410912,112.3274434111935,2.240210169279909E-18,0.200147570268837,0.8186099416749498,9.169292093597804E-8
34400000000000.0,0.9948663829093887,0.3342623644210091,0.6065026854344373,47085.808201756634,112.3289604938449,2.240240425323135E-18,0.20014745825832855,0.8186100333678707,9.169416960171577E-8
34450000000000.0,0.994880684372644,0.33427317388839356,0.6065022332704075,47084.82110317502,112.33047285282683,2.240270587159531E-18,0.20014734624630728,0.8186101250620405,9.169541441193712E-8
34500000000000.0,0.9948949415450877,0.33428396733215804,0.6065017723568087,47083.836739615,112.33198050448871,2.240300655115162E-18,0.20014723423277792,0.8186102167574548,9.169665537998637E-8
34550000000000.0,0.994909154578381,0.3342947448157989,0.6065013027291183,47082.855102358655,112.3334834651126,2.2403306295147513E-18,0.20014712221774517,0.8186103084541102,9.169789251915291E-8
34600000000000.0,0.9949233236235648,0.334305506402486,0.606500824422668,47081.87618271938,112.3349817509134,2.240360510681682E-18,0.2001470102012137,0.8186104001520027,9.169912584267125E-8
34650000000000.0,0.9949374488310634,0.33431625215506433,0.606500337472645,47080.89997204169,112.33647537803928,2.2403902989380056E-18,0.20014689818318818,0.8186104918511286,9.170035536372145E-8
34700000000000.0,0.9949515303506872,0.3343269821360562,0.6064998419140923,47079.92646170113,112.33796436257191,2.2404199946044482E-18,0.20014678616367323,0.8186105835514839,9.170158109542928E-8
34750000000000.0,0.9949655683316366,0.3343376964076633,0.6064993377819098,47078.95564310412,112.33944872052697,2.24044959800042E-18,0.2001466741426735,0.818610675253065,9.170280305086671E-8
34800000000000.0,0.9949795629225056,0.33434839503176866,0.6064988251108538,47077.987507687765,112.34092846785441,2.2404791094440194E-18,0.2001465621201936,0.8186107669558681,9.170402124305194E-8
34850000000000.0,0.9949935142712839,0.33435907806993886,0.6064983039355392,47077.02204691986,112.34240362043883,2.2405085292520423E-18,0.20014645009623813,0.8186108586598893,9.170523568494998E-8
34900000000000.0,0.9950074225253607,0.3343697455834261,0.6064977742904382,47076.05925229861,112.34387419409978,2.2405378577399868E-18,0.20014633807081167,0.818610950365125,9.170644638947262E-8
34950000000000.0,0.9950212878315273,0.3343803976331699,0.6064972362098825,47075.099115352605,112.34534020459209,2.2405670952220607E-18,0.2001462260439188,0.8186110420715713,9.17076533694789E-8
35000000000000.0,0.995035110335981,0.33439103427979905,0.6064966897280633,47074.14162764064,112.34680166760629,2.240596242011189E-18,0.20014611401556404,0.8186111337792247,9.170885663777539E-8
35050000000000.0,0.9950488901843277,0.3344016555836344,0.6064961348790318,47073.18678075158,112.34825859876887,2.24062529841902E-18,0.20014600198575194,0.8186112254880814,9.171005620711631E-8
35100000000000.0,0.995062627521585,0.33441226160468984,0.6064955716966998,47072.23456630427,112.34971101364265,2.2406542647559313E-18,0.200145889954487,0.8186113171981376,9.171125209020397E-8
35150000000000.0,0.9950763224921853,0.3344228524026749,0.6064950002148402,47071.28497594739,112.35115892772708,2.240683141331038E-18,0.20014577792177377,0.8186114089093897,9.171244429968901E-8
35200000000000.0,0.9950899752399786,0.3344334280369961,0.6064944204670878,47070.33800135932,112.35260235645858,2.2407119284521966E-18,0.2001456658876167,0.818611500621834,9.171363284817048E-8
35250000000000.0,0.9951035859082361,0.3344439885667595,0.6064938324869399,47069.39363424798,112.35404131521092,2.240740626426016E-18,0.2001455538520203,0.8186115923354668,9.171481774819647E-8
35300000000000.0,0.9951171546396531,0.33445453405077213,0.6064932363077568,47068.4518663508,112.35547581929549,2.2407692355578585E-18,0.20014544181498897,0.8186116840502845,9.171599901226399E-8
35350000000000.0,0.9951306815763508,0.33446506454754393,0.6064926319627619,47067.5126894345,112.35690588396155,2.24079775615185E-18,0.2001453297765272,0.8186117757662835,9.171717665281949E-8
35400000000000.0,0.9951441668598807,0.33447558011528994,0.6064920194850432,47066.57609529501,112.35833152439669,2.240826188510885E-18,0.20014521773663937,0.8186118674834603,9.171835068225897E-8
35450000000000.0,0.9951576106312272,0.3344860808119321,0.606491398907553,47065.64207575733,112.35975275572714,2.240854532936634E-18,0.20014510569532995,0.818611959201811,9.171952111292838E-8
35500000000000.0,0.9951710130308097,0.33449656669510053,0.606490770263109,47064.71062267544,112.3611695930179,2.240882789729548E-18,0.2001449936526033,0.818612050921332,9.172068795712375E-8
35550000000000.0,0.9951843741984864,0.3345070378221361,0.6064901335843947,47063.781727932124,112.36258205127332,2.240910959188866E-18,0.2001448816084638,0.81861214264202,9.172185122709153E-8
35600000000000.0,0.9951976942735565,0.3345174942500918,0.60648948890396,47062.85538343889,112.36399014543716,2.2409390416126203E-18,0.20014476956291585,0.8186122343638712,9.172301093502878E-8
35650000000000.0,0.995210973394764,0.3345279360357348,0.6064888362542213,47061.93158113583,112.36539389039308,2.2409670372976446E-18,0.20014465751596378,0.8186123260868822,9.172416709308346E-8
35700000000000.0,0.9952242117002993,0.3345383632355483,0.6064881756674629,47061.010312991515,112.36679330096487,2.2409949465395782E-18,0.2001445454676119,0.8186124178110492,9.172531971335471E-8
35750000000000.0,0.9952374093278031,0.3345487759057328,0.6064875071758369,47060.09157100286,112.36818839191679,2.2410227696328728E-18,0.2001444334178646,0.818612509536369,9.172646880789302E-8
35800000000000.0,0.9952505664143683,0.3345591741022085,0.6064868308113638,47059.175347195,112.36957917795381,2.2410505068707977E-18,0.2001443213667261,0.8186126012628377,9.172761438870056E-8
35850000000000.0,0.9952636830965432,0.3345695578806164,0.6064861466059338,47058.26163362119,112.37096567372194,2.2410781585454476E-18,0.20014420931420077,0.8186126929904521,9.172875646773133E-8
35900000000000.0,0.995276759510335,0.3345799272963208,0.6064854545913059,47057.35042236268,112.37234789380864,2.2411057249477473E-18,0.20014409726029284,0.8186127847192086,9.172989505689153E-8
35950000000000.0,0.9952897957912104,0.3345902824044104,0.60648475479911,47056.441705528596,112.37372585274287,2.2411332063674573E-18,0.2001439852050066,0.8186128764491036,9.17310301680397E-8
36000000000000.0,0.9953027920741008,0.33460062325970047,0.6064840472608464,47055.53547525583,112.37509956499564,2.2411606030931803E-18,0.20014387314834628,0.8186129681801338,9.173216181298694E-8
36050000000000.0,0.995315748493404,0.33461094991673423,0.6064833320078865,47054.63172370889,112.37646904498021,2.241187915412369E-18,0.20014376109031612,0.8186130599122956,9.173329000349736E-8
36100000000000.0,0.995328665182986,0.3346212624297845,0.6064826090714739,47053.73044307982,112.37783430705228,2.2412151436113263E-18,0.20014364903092036,0.8186131516455857,9.173441475128798E-8
36150000000000.0,0.9953415422761848,0.33463156085285584,0.6064818784827243,47052.83162558811,112.3791953655104,2.241242287975217E-18,0.20014353697016318,0.8186132433800004,9.173553606802923E-8
36200000000000.0,0.9953543799058124,0.33464184523968543,0.606481140272626,47051.935263480525,112.38055223459622,2.2412693487880702E-18,0.2001434249080488,0.8186133351155365,9.17366539653451E-8
36250000000000.0,0.9953671782041584,0.3346521156437454,0.6064803944720412,47051.041349030995,112.38190492849482,2.241296326332787E-18,0.20014331284458134,0.8186134268521904,9.173776845481339E-8
36300000000000.0,0.9953799373029915,0.3346623721182447,0.6064796411117056,47050.14987454056,112.38325346133489,2.2413232208911443E-18,0.20014320077976502,0.8186135185899589,9.173887954796589E-8
36350000000000.0,0.9953926573335627,0.3346726147161296,0.6064788802222298,47049.26083233716,112.38459784718917,2.2413500327438024E-18,0.20014308871360398,0.8186136103288384,9.17399872562887E-8
36400000000000.0,0.9954053384266075,0.33468284349008637,0.6064781118340989,47048.374214775664,112.38593810007451,2.2413767621703073E-18,0.20014297664610234,0.8186137020688257,9.174109159122233E-8
36450000000000.0,0.9954179807123487,0.33469305849254266,0.6064773359776738,47047.49001423761,112.38727423395235,2.2414034094491E-18,0.20014286457726424,0.8186137938099173,9.174219256416203E-8
36500000000000.0,0.9954305843204989,0.33470325977566856,0.6064765526831911,47046.60822313118,112.38860626272891,2.2414299748575202E-18,0.20014275250709376,0.8186138855521098,9.174329018645805E-8
36550000000000.0,0.9954431493802638,0.3347134473913787,0.6064757619807642,47045.728833891066,112.38993420025551,2.241456458671813E-18,0.20014264043559502,0.8186139772954,9.174438446941574E-8
36600000000000.0,0.9954556760203426,0.3347236213913339,0.6064749639003832,47044.85183897839,112.39125806032868,2.2414828611671296E-18,0.20014252836277208,0.8186140690397845,9.17454754242958E-8
36650000000000.0,0.9954681643689327,0.33473378182694224,0.6064741584719161,47043.97723088058,112.39257785669069,2.2415091826175407E-18,0.20014241628862903,0.81861416078526,9.17465630623146E-8
36700000000000.0,0.9954806145537314,0.334743928749361,0.6064733457251087,47043.105002111166,112.39389360302965,2.241535423296036E-18,0.2001423042131699,0.818614252531823,9.174764739464434E-8
36750000000000.0,0.9954930267019378,0.3347540622094984,0.6064725256895854,47042.235145209845,112.39520531297974,2.2415615834745292E-18,0.20014219213639872,0.8186143442794703,9.174872843241318E-8
36800000000000.0,0.9955054009402566,0.33476418225801424,0.6064716983948495,47041.36765274226,112.39651300012169,2.241587663423869E-18,0.20014208005831954,0.8186144360281988,9.174980618670567E-8
36850000000000.0,0.9955177373948987,0.3347742889453222,0.6064708638702844,47040.50251729991,112.39781667798277,2.2416136634138373E-18,0.20014196797893638,0.818614527778005,9.175088066856272E-8
36900000000000.0,0.9955300361915852,0.3347843823215913,0.6064700221451528,47039.63973150004,112.39911636003725,2.2416395837131593E-18,0.2001418558982532,0.8186146195288857,9.175195188898196E-8
36950000000000.0,0.9955422974555492,0.33479446243674704,0.6064691732485984,47038.779287985584,112.40041205970665,2.241665424589508E-18,0.200141743816274,0.8186147112808375,9.175301985891801E-8
37000000000000.0,0.9955545213115379,0.33480452934047317,0.6064683172096461,47037.921179425,112.40170379035985,2.2416911863095058E-18,0.20014163173300278,0.8186148030338575,9.175408458928249E-8
37050000000000.0,0.9955667078838156,0.3348145830822128,0.6064674540572017,47037.0653985122,112.40299156531349,2.2417168691387348E-18,0.20014151964844346,0.818614894787942,9.175514609094438E-8
37100000000000.0,0.9955788572961652,0.33482462371117067,0.6064665838200538,47036.21193796642,112.40427539783214,2.2417424733417382E-18,0.2001414075626,0.8186149865430882,9.175620437473021E-8
37150000000000.0,0.9955909696718916,0.3348346512763134,0.6064657065268729,47035.36079053215,112.40555530112866,2.241767999182027E-18,0.20014129547547632,0.8186150782992925,9.175725945142426E-8
37200000000000.0,0.9956030451338233,0.3348446658263721,0.606464822206213,47034.51194897899,112.40683128836434,2.2417934469220845E-18,0.20014118338707637,0.8186151700565519,9.175831133176873E-8
37250000000000.0,0.9956150838043147,0.3348546674098427,0.6064639308865112,47033.665406101594,112.40810337264926,2.2418188168233723E-18,0.20014107129740402,0.8186152618148633,9.1759360026464E-8
37300000000000.0,0.9956270858052488,0.3348646560749885,0.6064630325960887,47032.821154719524,112.40937156704237,2.2418441091463326E-18,0.2001409592064632,0.8186153535742233,9.176040554616875E-8
37350000000000.0,0.9956390512580391,0.3348746318698406,0.6064621273631512,47031.97918767719,112.41063588455191,2.2418693241503963E-18,0.20014084711425773,0.8186154453346288,9.176144790150028E-8
37400000000000.0,0.9956509802836323,0.33488459484220007,0.6064612152157894,47031.139497843695,112.41189633813559,2.2418944620939862E-18,0.20014073502079152,0.8186155370960767,9.176248710303463E-8
37450000000000.0,0.9956628730025101,0.33489454503963867,0.6064602961819793,47030.30207811279,112.41315294070087,2.241919523234523E-18,0.2001406229260684,0.8186156288585639,9.176352316130679E-8
37500000000000.0,0.9956747295346919,0.3349044825095007,0.6064593702895827,47029.46692140276,112.41440570510512,2.241944507828429E-18,0.20014051083009224,0.818615720622087,9.176455608681096E-8
37550000000000.0,0.9956865499997363,0.33491440729890426,0.606458437566348,47028.63402065628,112.41565464415592,2.2419694161311327E-18,0.20014039873286685,0.8186158123866432,9.176558589000058E-8
37600000000000.0,0.9956983345167442,0.33492431945474255,0.6064574980399102,47027.803368840374,112.41689977061128,2.241994248397074E-18,0.20014028663439604,0.818615904152229,9.176661258128875E-8
37650000000000.0,0.9957100832043602,0.334934219023685,0.6064565517377921,47026.9749589463,112.41814109717996,2.242019004879712E-18,0.2001401745346836,0.8186159959188416,9.176763617104828E-8
37700000000000.0,0.9957217961807752,0.33494410605217895,0.6064555986874036,47026.14878398944,112.4193786365215,2.2420436858315224E-18,0.20014006243373336,0.8186160876864778,9.17686566696119E-8
37750000000000.0,0.995733473563729,0.3349539805864511,0.606454638916043,47025.32483700919,112.42061240124676,2.2420682915040105E-18,0.20013995033154908,0.8186161794551344,9.176967408727251E-8
37800000000000.0,0.9957451154705113,0.33496384267250834,0.6064536724508974,47024.50311106892,112.42184240391785,2.2420928221477103E-18,0.2001398382281345,0.8186162712248085,9.177068843428326E-8
37850000000000.0,0.995756722017965,0.3349736923561394,0.6064526993190434,47023.683599255804,112.42306865704857,2.2421172780121914E-18,0.2001397261234934,0.8186163629954969,9.177169972085793E-8
37900000000000.0,0.9957682933224876,0.33498352968291606,0.6064517195474467,47022.86629468075,112.42429117310458,2.242141659346063E-18,0.2001396140176295,0.8186164547671967,9.177270795717089E-8
37950000000000.0,0.995779829500034,0.3349933546981946,0.6064507331629632,47022.05119047837,112.4255099645036,2.2421659663969798E-18,0.20013950191054652,0.8186165465399047,9.177371315335749E-8
38000000000000.0,0.9957913306661172,0.33500316744711667,0.6064497401923393,47021.23827980677,112.42672504361562,2.2421901994116425E-18,0.2001393898022482,0.8186166383136178,9.177471531951403E-8
38050000000000.0,0.9958027969358128,0.33501296797461105,0.6064487406622125,47020.42755584752,112.42793642276328,2.2422143586358093E-18,0.20013927769273823,0.8186167300883331,9.177571446569829E-8
38100000000000.0,0.995814228423758,0.3350227563253945,0.6064477345991116,47019.61901180558,112.42914411422183,2.2422384443142917E-18,0.2001391655820203,0.8186168218640476,9.177671060192922E-8
38150000000000.0,0.9958256252441565,0.33503253254397336,0.6064467220294574,47018.81264090918,112.43034813021963,2.242262456690968E-18,0.20013905347009808,0.8186169136407582,9.177770373818761E-8
38200000000000.0,0.9958369875107791,0.33504229667464475,0.6064457029795631,47018.008436409706,112.43154848293821,2.2422863960087806E-18,0.20013894135697524,0.8186170054184619,9.1778693884416E-8
38250000000000.0,0.9958483153369659,0.33505204876149725,0.6064446774756345,47017.20639158162,112.43274518451254,2.242310262509744E-18,0.20013882924265544,0.8186170971971558,9.177968105051887E-8
38300000000000.0,0.9958596088356281,0.3350617888484132,0.6064436455437704,47016.4064997224,112.43393824703122,2.2423340564349485E-18,0.20013871712714232,0.8186171889768369,9.178066524636296E-8
38350000000000.0,0.9958708681192507,0.3350715169790689,0.6064426072099639,47015.60875415242,112.43512768253674,2.2423577780245644E-18,0.2001386050104395,0.8186172807575021,9.17816464817773E-8
38400000000000.0,0.9958820932998942,0.3350812331969363,0.6064415625001015,47014.813148214846,112.43631350302569,2.2423814275178456E-18,0.20013849289255062,0.8186173725391486,9.178262476655343E-8
38450000000000.0,0.9958932844891965,0.33509093754528424,0.6064405114399647,47014.01967527558,112.43749572044892,2.242405005153136E-18,0.20013838077347923,0.8186174643217733,9.178360011044569E-8
38500000000000.0,0.9959044417983746,0.33510063006717955,0.6064394540552298,47013.22832872312,112.43867434671186,2.242428511167871E-18,0.20013826865322898,0.8186175561053735,9.178457252317115E-8
38550000000000.0,0.9959155653382271,0.33511031080548814,0.6064383903714686,47012.43910196854,112.43984939367465,2.2424519457985857E-18,0.20013815653180342,0.818617647889946,9.178554201441011E-8
38600000000000.0,0.995926655219136,0.3351199798028762,0.6064373204141487,47011.651988445345,112.44102087315234,2.242475309280913E-18,0.20013804440920613,0.818617739675488,9.178650859380598E-8
38650000000000.0,0.9959377115510687,0.3351296371018118,0.6064362442086337,47010.86698160938,112.44218879691522,2.242498601849595E-18,0.20013793228544066,0.8186178314619966,9.178747227096559E-8
38700000000000.0,0.9959487344435791,0.3351392827445653,0.6064351617801844,47010.0840749388,112.44335317668887,2.242521823738482E-18,0.20013782016051057,0.8186179232494688,9.178843305545939E-8
38750000000000.0,0.9959597240058111,0.3351489167732108,0.6064340731539586,47009.303261933885,112.44451402415449,2.2425449751805383E-18,0.20013770803441938,0.8186180150379019,9.178939095682151E-8
38800000000000.0,0.995970680346499,0.3351585392296277,0.606432978355011,47008.524536117075,112.445671350949,2.242568056407846E-18,0.20013759590717062,0.8186181068272929,9.179034598454997E-8
38850000000000.0,0.9959816035739706,0.3351681501555015,0.6064318774082952,47007.74789103274,112.44682516866543,2.242591067651611E-18,0.2001374837787678,0.8186181986176388,9.179129814810698E-8
38900000000000.0,0.9959924937961476,0.3351777495923249,0.6064307703386624,47006.97332024723,112.44797548885286,2.2426140091421634E-18,0.2001373716492144,0.818618290408937,9.17922474569189E-8
38950000000000.0,0.9960033511205496,0.3351873375813988,0.6064296571708634,47006.200817348705,112.44912232301691,2.2426368811089664E-18,0.20013725951851397,0.8186183822011844,9.179319392037656E-8
39000000000000.0,0.9960141756542937,0.3351969141638338,0.6064285379295475,47005.43037594705,112.45026568261969,2.2426596837806155E-18,0.2001371473866699,0.8186184739943784,9.179413754783532E-8
39050000000000.0,0.9960249675040979,0.33520647938055115,0.6064274126392639,47004.66198967385,112.45140557908015,2.242682417384845E-18,0.20013703525368573,0.8186185657885159,9.17950783486153E-8
39100000000000.0,0.9960357267762822,0.33521603327228355,0.6064262813244623,47003.89565218225,112.45254202377426,2.242705082148533E-18,0.20013692311956485,0.8186186575835943,9.179601633200153E-8
39150000000000.0,0.9960464535767709,0.3352255758795767,0.6064251440094924,47003.13135714686,112.45367502803515,2.242727678297702E-18,0.20013681098431074,0.8186187493796105,9.179695150724414E-8
39200000000000.0,0.9960571480110941,0.33523510724278993,0.6064240007186047,47002.36909826374,112.4548046031534,2.242750206057527E-18,0.2001366988479268,0.8186188411765621,9.179788388355841E-8
39250000000000.0,0.9960678101843898,0.33524462740209765,0.6064228514759513,47001.60886925022,112.45593076037719,2.2427726656523353E-18,0.2001365867104165,0.818618932974446,9.179881347012507E-8
39300000000000.0,0.9960784402014048,0.3352541363974905,0.606421696305586,47000.850663844925,112.45705351091237,2.2427950573056136E-18,0.2001364745717832,0.8186190247732594,9.179974027609041E-8
39350000000000.0,0.9960890381664981,0.335263634268776,0.6064205352314643,47000.09447580756,112.45817286592296,2.242817381240011E-18,0.20013636243203034,0.8186191165729998,9.180066431056638E-8
39400000000000.0,0.9960996041836407,0.3352731210555795,0.6064193682774448,46999.340298918985,112.45928883653096,2.2428396376773405E-18,0.20013625029116128,0.8186192083736641,9.180158558263077E-8
39450000000000.0,0.9961101383564196,0.33528259679734596,0.6064181954672886,46998.58812698099,112.46040143381691,2.2428618268385874E-18,0.20013613814917938,0.8186193001752496,9.180250410132753E-8
39500000000000.0,0.9961206407880376,0.33529206153334035,0.6064170168246602,46997.83795381629,112.46151066881986,2.24288394894391E-18,0.20013602600608804,0.8186193919777538,9.180341987566667E-8
39550000000000.0,0.9961311115813156,0.33530151530264907,0.6064158323731279,46997.08977326843,112.46261655253747,2.24290600421264E-18,0.20013591386189059,0.8186194837811737,9.180433291462446E-8
39600000000000.0,0.9961415508386954,0.33531095814418066,0.606414642136164,46996.34357920169,112.46371909592656,2.2429279928632968E-18,0.20013580171659037,0.8186195755855066,9.180524322714386E-8
39650000000000.0,0.9961519586622399,0.3353203900966669,0.6064134461371454,46995.59936550104,112.46481830990295,2.24294991511358E-18,0.20013568957019073,0.8186196673907498,9.180615082213433E-8
39700000000000.0,0.9961623351536358,0.33532981119866406,0.606412244399354,46994.85712607197,112.46591420534178,2.2429717711803786E-18,0.20013557742269497,0.8186197591969007,9.180705570847212E-8
39750000000000.0,0.9961726804141953,0.33533922148855355,0.6064110369459766,46994.11685484054,112.46700679307773,2.242993561279775E-18,0.20013546527410642,0.8186198510039563,9.180795789500052E-8
39800000000000.0,0.9961829945448561,0.3353486210045431,0.6064098238001062,46993.37854575321,112.46809608390508,2.2430152856270464E-18,0.20013535312442834,0.8186199428119142,9.180885739052978E-8
39850000000000.0,0.9961932776461863,0.33535800978466784,0.6064086049847416,46992.642192776744,112.46918208857808,2.24303694443667E-18,0.20013524097366406,0.8186200346207716,9.180975420383749E-8
39900000000000.0,0.996203529818383,0.33536738786679116,0.6064073805227881,46991.90778989822,112.47026481781094,2.2430585379223255E-18,0.20013512882181683,0.8186201264305258,9.181064834366859E-8
39950000000000.0,0.9962137511612758,0.33537675528860567,0.6064061504370577,46991.175331124905,112.47134428227817,2.243080066296901E-18,0.20013501666888994,0.8186202182411741,9.18115398187356E-8
40000000000000.0,0.9962239417743275,0.33538611208763414,0.6064049147502698,46990.444810484136,112.4724204926146,2.243101529772493E-18,0.20013490451488664,0.818620310052714,9.181242863771864E-8
40050000000000.0,0.9962341017566364,0.3353954583012308,0.6064036734850513,46989.716222023286,112.4734934594157,2.243122928560413E-18,0.20013479235981016,0.8186204018651426,9.181331480926574E-8
40100000000000.0,0.9962442312069375,0.3354047939665816,0.6064024266639374,46988.989559809714,112.47456319323774,2.24314426287119E-18,0.20013468020366373,0.8186204936784575,9.181419834199288E-8
40150000000000.0,0.9962543302236044,0.33541411912070607,0.6064011743093713,46988.2648179306,112.47562970459786,2.243165532914574E-18,0.20013456804645058,0.8186205854926558,9.181507924448414E-8
40200000000000.0,0.9962643989046508,0.3354234338004574,0.6063999164437051,46987.54199049297,112.47669300397438,2.2431867388995404E-18,0.20013445588817394,0.818620677307735,9.181595752529191E-8
40250000000000.0,0.9962744373477316,0.3354327380425241,0.6063986530891999,46986.821071623555,112.47775310180683,2.24320788103429E-18,0.20013434372883698,0.8186207691236925,9.181683319293696E-8
40300000000000.0,0.9962844456501455,0.3354420318834303,0.6063973842680267,46986.10205546873,112.47881000849627,2.2432289595262573E-18,0.20013423156844293,0.8186208609405258,9.181770625590856E-8
40350000000000.0,0.9962944239088362,0.33545131535953715,0.6063961100022658,46985.38493619442,112.47986373440538,2.2432499745821116E-18,0.20013411940699496,0.818620952758232,9.18185767226648E-8
40400000000000.0,0.9963043722203933,0.3354605885070434,0.6063948303139081,46984.669707986075,112.48091428985866,2.2432709264077595E-18,0.20013400724449623,0.8186210445768087,9.181944460163243E-8
40450000000000.0,0.9963142906810551,0.3354698513619868,0.6063935452248551,46983.956365048565,112.48196168514261,2.2432918152083506E-18,0.20013389508094992,0.8186211363962533,9.182030990120734E-8
40500000000000.0,0.9963241793867089,0.3354791039602444,0.6063922547569194,46983.24490160608,112.48300593050578,2.2433126411882786E-18,0.20013378291635917,0.8186212282165632,9.182117262975439E-8
40550000000000.0,0.9963340384328938,0.3354883463375337,0.6063909589318246,46982.53531190209,112.48404703615921,2.2433334045511866E-18,0.2001336707507271,0.8186213200377358,9.182203279560776E-8
40600000000000.0,0.9963438679148011,0.3354975785294138,0.6063896577712062,46981.82759019926,112.48508501227627,2.243354105499969E-18,0.20013355858405688,0.8186214118597687,9.182289040707101E-8
40650000000000.0,0.9963536679272765,0.33550680057128607,0.6063883512966121,46981.12173077939,112.48611986899309,2.243374744236776E-18,0.2001334464163516,0.8186215036826591,9.182374547241718E-8
40700000000000.0,0.9963634385648216,0.33551601249839474,0.6063870395295018,46980.41772794332,112.48715161640857,2.2433953209630157E-18,0.2001333342476144,0.8186215955064045,9.182459799988905E-8
40750000000000.0,0.9963731799215947,0.3355252143458281,0.6063857224912483,46979.71557601087,112.48818026458457,2.243415835879358E-18,0.20013322207784834,0.8186216873310025,9.182544799769908E-8
40800000000000.0,0.9963828920914136,0.33553440614851987,0.6063844002031379,46979.01526932074,112.48920582354617,2.243436289185738E-18,0.20013310990705654,0.8186217791564505,9.18262954740297E-8
40850000000000.0,0.9963925751677564,0.3355435879412488,0.6063830726863696,46978.31680223051,112.49022830328174,2.2434566810813596E-18,0.2001329977352421,0.818621870982746,9.182714043703341E-8
40900000000000.0,0.9964022292437623,0.3355527597586406,0.6063817399620571,46977.62016911647,112.49124771374309,2.243477011764698E-18,0.20013288556240805,0.8186219628098864,9.18279828948329E-8
40950000000000.0,0.9964118544122345,0.3355619216351687,0.6063804020512279,46976.92536437363,112.49226406484573,2.243497281433503E-18,0.20013277338855745,0.8186220546378693,9.182882285552118E-8
41000000000000.0,0.9964214507656403,0.3355710736051544,0.6063790589748241,46976.23238241561,112.49327736646889,2.2435174902848028E-18,0.20013266121369339,0.8186221464666922,9.18296603271617E-8
41050000000000.0,0.9964310183961138,0.33558021570276864,0.6063777107537031,46975.54121767459,112.49428762845582,2.243537638514906E-18,0.20013254903781888,0.8186222382963525,9.183049531778849E-8
41100000000000.0,0.9964405573954567,0.3355893479620318,0.606376357408637,46974.85186460119,112.49529486061391,2.243557726319407E-18,0.20013243686093696,0.8186223301268478,9.183132783540631E-8
41150000000000.0,0.9964500678551391,0.33559847041681545,0.606374998960314,46974.164317664436,112.49629907271469,2.243577753893186E-18,0.20013232468305064,0.8186224219581756,9.183215788799073E-8
41200000000000.0,0.9964595498663027,0.3356075831008429,0.6063736354293379,46973.47857135175,112.49730027449428,2.2435977214304148E-18,0.20013221250416294,0.8186225137903335,9.183298548348836E-8
41250000000000.0,0.9964690035197608,0.3356166860476894,0.6063722668362294,46972.79462016875,112.4982984756533,2.243617629124559E-18,0.20013210032427686,0.818622605623319,9.183381062981683E-8
41300000000000.0,0.9964784289059998,0.33562577929078424,0.6063708932014252,46972.11245863929,112.49929368585714,2.243637477168381E-18,0.20013198814339542,0.8186226974571297,9.183463333486498E-8
41350000000000.0,0.9964878261151816,0.3356348628634103,0.6063695145452794,46971.43208130532,112.5002859147361,2.2436572657539424E-18,0.20013187596152157,0.8186227892917629,9.18354536064931E-8
41400000000000.0,0.9964971952371439,0.33564393679870547,0.6063681308880633,46970.75348272688,112.50127517188548,2.2436769950726095E-18,0.2001317637786583,0.8186228811272166,9.18362714525329E-8
41450000000000.0,0.9965065363614022,0.33565300112966345,0.606366742249966,46970.076657481986,112.50226146686586,2.243696665315053E-18,0.20013165159480853,0.818622972963488,9.183708688078768E-8
41500000000000.0,0.9965158495771509,0.33566205588913434,0.6063653486510946,46969.4016001666,112.50324480920307,2.243716276671252E-18,0.20013153940997527,0.8186230648005749,9.183789989903241E-8
41550000000000.0,0.9965251349732653,0.33567110110982545,0.6063639501114744,46968.728305394485,112.50422520838856,2.243735829330501E-18,0.20013142722416144,0.8186231566384747,9.183871051501407E-8
41600000000000.0,0.9965343926383021,0.3356801368243024,0.6063625466510495,46968.05676779725,112.50520267387934,2.243755323481405E-18,0.20013131503736997,0.8186232484771853,9.183951873645141E-8
41650000000000.0,0.9965436226605014,0.33568916306498947,0.6063611382896835,46967.386982024174,112.5061772150983,2.2437747593118917E-18,0.2001312028496038,0.818623340316704,9.184032457103542E-8
41700000000000.0,0.9965528251277882,0.3356981798641705,0.6063597250471585,46966.71894274222,112.50714884143427,2.2437941370092066E-18,0.20013109066086585,0.8186234321570286,9.184112802642925E-8
41750000000000.0,0.9965620001277729,0.33570718725398985,0.6063583069431773,46966.052644635936,112.50811756224215,2.2438134567599202E-18,0.200130978471159,0.8186235239981566,9.184192911026838E-8
41800000000000.0,0.9965711477477531,0.3357161852664528,0.6063568839973617,46965.388082407386,112.50908338684307,2.243832718749929E-18,0.20013086628048615,0.8186236158400857,9.18427278301607E-8
41850000000000.0,0.9965802680747158,0.3357251739334267,0.6063554562292546,46964.72525077609,112.51004632452464,2.2438519231644613E-18,0.20013075408885023,0.8186237076828136,9.184352419368677E-8
41900000000000.0,0.9965893611953373,0.33573415328664163,0.6063540236583191,46964.06414447896,112.51100638454095,2.243871070188077E-18,0.20013064189625407,0.8186237995263378,9.184431820839978E-8
41950000000000.0,0.9965984271959856,0.3357431233576909,0.6063525863039396,46963.4047582702,112.51196357611279,2.243890160004671E-18,0.20013052970270057,0.8186238913706559,9.184510988182572E-8
42000000000000.0,0.9966074661627209,0.3357520841780321,0.606351144185422,46962.74708692131,112.51291790842777,2.243909192797477E-18,0.20013041750819258,0.8186239832157658,9.184589922146356E-8
42050000000000.0,0.996616478181298,0.3357610357789876,0.6063496973219935,46962.091125221,112.51386939064048,2.2439281687490706E-18,0.20013030531273293,0.818624075061665,9.184668623478527E-8
42100000000000.0,0.996625463337166,0.3357699781917454,0.6063482457328034,46961.43686797505,112.51481803187262,2.243947088041371E-18,0.2001301931163245,0.8186241669083513,9.184747092923592E-8
42150000000000.0,0.9966344217154711,0.3357789114473598,0.6063467894369236,46960.784310006355,112.51576384121313,2.2439659508556437E-18,0.20013008091897008,0.8186242587558222,9.1848253312234E-8
42200000000000.0,0.9966433534010576,0.3357878355767522,0.6063453284533481,46960.13344615479,112.5167068277184,2.243984757372506E-18,0.20012996872067254,0.8186243506040756,9.184903339117125E-8
42250000000000.0,0.9966522584784684,0.33579675061071174,0.6063438628009942,46959.484271277186,112.51764700041225,2.2440035077719246E-18,0.20012985652143467,0.818624442453109,9.184981117341298E-8
42300000000000.0,0.9966611370319473,0.33580565657989603,0.606342392498702,46958.836780247206,112.51858436828631,2.244022202233225E-18,0.20012974432125927,0.8186245343029201,9.185058666629815E-8
42350000000000.0,0.9966699891454394,0.3358145535148322,0.6063409175652359,46958.19096795539,112.51951894029996,2.244040840935089E-18,0.20012963212014914,0.8186246261535068,9.185135987713938E-8
42400000000000.0,0.9966788149025926,0.33582344144591675,0.6063394380192836,46957.54682930897,112.52045072538048,2.244059424055559E-18,0.2001295199181071,0.8186247180048667,9.185213081322318E-8
42450000000000.0,0.9966876143867598,0.33583232040341726,0.6063379538794574,46956.9043592319,112.52137973242333,2.2440779517720412E-18,0.2001294077151359,0.8186248098569975,9.185289948180994E-8
42500000000000.0,0.9966963876809983,0.33584119041747207,0.6063364651642938,46956.26355266475,112.52230597029212,2.244096424261309E-18,0.20012929551123831,0.818624901709897,9.185366589013426E-8
42550000000000.0,0.9967051348680729,0.3358500515180921,0.6063349718922545,46955.62440456464,112.52322944781888,2.244114841699503E-18,0.2001291833064171,0.8186249935635629,9.185443004540473E-8
42600000000000.0,0.9967138560304559,0.33585890373516053,0.6063334740817257,46954.98690990521,112.52415017380407,2.244133204262137E-18,0.20012907110067502,0.8186250854179928,9.185519195480437E-8
42650000000000.0,0.996722551250329,0.3358677470984341,0.6063319717510195,46954.351063676506,112.52506815701683,2.2441515121240985E-18,0.2001289588940148,0.8186251772731848,9.185595162549052E-8
42700000000000.0,0.9967312206095842,0.3358765816375435,0.6063304649183735,46953.716860885004,112.52598340619502,2.2441697654596516E-18,0.20012884668643918,0.8186252691291365,9.185670906459505E-8
42750000000000.0,0.9967398641898249,0.3358854073819943,0.6063289536019517,46953.08429655347,112.52689593004543,2.2441879644424406E-18,0.2001287344779509,0.8186253609858456,9.185746427922444E-8
42800000000000.0,0.9967484820723679,0.3358942243611671,0.6063274378198443,46952.45336572092,112.5278057372439,2.244206109245493E-18,0.20012862226855269,0.8186254528433098,9.185821727645993E-8
42850000000000.0,0.9967570743382437,0.33590303260431903,0.6063259175900678,46951.82406344257,112.52871283643535,2.2442242000412198E-18,0.20012851005824722,0.8186255447015272,9.18589680633575E-8
42900000000000.0,0.9967656410681978,0.3359118321405831,0.6063243929305661,46951.196384789786,112.52961723623402,2.2442422370014186E-18,0.20012839784703723,0.8186256365604951,9.185971664694809E-8
42950000000000.0,0.9967741823426923,0.3359206229989706,0.6063228638592101,46950.570324850014,112.53051894522358,2.2442602202972794E-18,0.20012828563492538,0.8186257284202118,9.186046303423776E-8
43000000000000.0,0.9967826982419072,0.3359294052083701,0.6063213303937983,46949.94587872671,112.53141797195724,2.2442781500993836E-18,0.20012817342191436,0.8186258202806749,9.186120723220759E-8
43050000000000.0,0.9967911888457412,0.33593817879754945,0.606319792552057,46949.32304153927,112.53231432495794,2.2442960265777085E-18,0.20012806120800686,0.8186259121418821,9.186194924781401E-8
43100000000000.0,0.9967996542338127,0.3359469437951553,0.6063182503516409,46948.70180842303,112.53320801271829,2.2443138499016273E-18,0.20012794899320552,0.8186260040038313,9.186268908798871E-8
43150000000000.0,0.996808094485461,0.33595570022971444,0.606316703810133,46948.08217452914,112.53409904370093,2.2443316202399153E-18,0.20012783677751303,0.8186260958665205,9.186342675963894E-8
43200000000000.0,0.9968165096797486,0.3359644481296342,0.606315152945045,46947.46413502455,112.53498742633857,2.244349337760751E-18,0.20012772456093203,0.8186261877299471,9.186416226964746E-8
43250000000000.0,0.9968248998954605,0.335973187523203,0.6063135977738173,46946.847685091925,112.535873169034,2.244367002631716E-18,0.20012761234346516,0.8186262795941094,9.186489562487264E-8
43300000000000.0,0.996833265211107,0.33598191843859126,0.6063120383138203,46946.232819929595,112.53675628016043,2.2443846150198015E-18,0.20012750012511502,0.8186263714590051,9.186562683214869E-8
43350000000000.0,0.996841605704924,0.33599064090385183,0.6063104745823532,46945.619534751495,112.53763676806143,2.2444021750914088E-18,0.20012738790588427,0.8186264633246318,9.18663558982857E-8
43400000000000.0,0.9968499214548738,0.3359993549469205,0.6063089065966457,46945.00782478713,112.53851464105115,2.244419683012351E-18,0.2001272756857755,0.8186265551909878,9.186708283006961E-8
43450000000000.0,0.9968582125386477,0.33600806059561683,0.6063073343738575,46944.39768528149,112.53938990741443,2.244437138947858E-18,0.20012716346479137,0.8186266470580706,9.186780763426259E-8
43500000000000.0,0.9968664790336649,0.3360167578776447,0.6063057579310791,46943.78911149499,112.54026257540686,2.2444545430625754E-18,0.20012705124293442,0.8186267389258782,9.186853031760281E-8
43550000000000.0,0.9968747210170759,0.33602544682059265,0.6063041772853309,46943.18209870346,112.54113265325499,2.24447189552057E-18,0.20012693902020726,0.8186268307944086,9.186925088680484E-8
43600000000000.0,0.996882938565762,0.336034127451935,0.606302592453565,46942.57664219804,112.54200014915645,2.2444891964853322E-18,0.20012682679661248,0.8186269226636594,9.186996934855961E-8
43650000000000.0,0.9968911317563374,0.3360427997990322,0.6063010034526646,46941.97273728513,112.54286507127993,2.2445064461197742E-18,0.20012671457215264,0.8186270145336288,9.187068570953436E-8
43700000000000.0,0.9968993006651495,0.3360514638891311,0.6062994102994449,46941.37037928634,112.54372742776552,2.244523644586239E-18,0.20012660234683033,0.8186271064043146,9.187139997637309E-8
43750000000000.0,0.9969074453682808,0.33606011974936606,0.6062978130106522,46940.76956353846,112.54458722672464,2.244540792046497E-18,0.2001264901206481,0.8186271982757145,9.187211215569634E-8
43800000000000.0,0.9969155659415491,0.3360687674067592,0.6062962116029658,46940.17028539336,112.54544447624023,2.2445578886617504E-18,0.2001263778936085,0.8186272901478266,9.18728222541014E-8
43850000000000.0,0.9969236624605096,0.33607740688822135,0.6062946060929967,46939.572540217974,112.54629918436693,2.2445749345926383E-18,0.20012626566571406,0.8186273820206489,9.187353027816253E-8
43900000000000.0,0.9969317350004552,0.33608603822055205,0.6062929964972891,46938.976323394214,112.5471513591311,2.2445919299992347E-18,0.20012615343696732,0.8186274738941792,9.187423623443082E-8
43950000000000.0,0.9969397836364174,0.33609466143044053,0.6062913828323201,46938.381630318945,112.54800100853092,2.2446088750410517E-18,0.20012604120737082,0.8186275657684154,9.187494012943443E-8
44000000000000.0,0.9969478084431688,0.3361032765444663,0.6062897651144998,46937.78845640391,112.54884814053665,2.2446257698770447E-18,0.20012592897692708,0.8186276576433555,9.187564196967868E-8
44050000000000.0,0.9969558094952224,0.3361118835890996,0.6062881433601722,46937.196797075674,112.54969276309063,2.2446426146656126E-18,0.2001258167456386,0.8186277495189975,9.187634176164615E-8
44100000000000.0,0.9969637868668334,0.33612048259070204,0.6062865175856147,46936.60664777558,112.55053488410738,2.244659409564599E-18,0.20012570451350786,0.8186278413953393,9.187703951179666E-8
44150000000000.0,0.9969717406320006,0.33612907357552707,0.6062848878070393,46936.0180039597,112.55137451147378,2.2446761547312966E-18,0.2001255922805374,0.8186279332723788,9.187773522656752E-8
44200000000000.0,0.996979670864467,0.33613765656972044,0.6062832540405918,46935.43086109877,112.55221165304921,2.244692850322449E-18,0.20012548004672964,0.818628025150114,9.187842891237357E-8
44250000000000.0,0.9969875776377208,0.3361462315993211,0.606281616302353,46934.845214678135,112.5530463166655,2.2447094964942514E-18,0.20012536781208712,0.818628117028543,9.187912057560715E-8
44300000000000.0,0.996995461024997,0.3361547986902615,0.6062799746083385,46934.261060197714,112.5538785101273,2.244726093402356E-18,0.2001252555766123,0.8186282089076635,9.187981022263847E-8
44350000000000.0,0.9970033210992778,0.3361633578683681,0.606278328974499,46933.67839317192,112.55470824121193,2.2447426412018705E-18,0.20012514334030762,0.8186283007874737,9.188049785981535E-8
44400000000000.0,0.9970111579332935,0.3361719091593622,0.6062766794167206,46933.09720912963,112.55553551766963,2.2447591400473626E-18,0.20012503110317556,0.8186283926679716,9.18811834934636E-8
44450000000000.0,0.9970189715995246,0.3361804525888601,0.606275025950825,46932.51750361411,112.55636034722369,2.2447755900928618E-18,0.20012491886521855,0.8186284845491552,9.188186712988697E-8
44500000000000.0,0.9970267621702014,0.33618898818237375,0.6062733685925703,46931.93927218302,112.55718273757051,2.2447919914918623E-18,0.20012480662643906,0.8186285764310223,9.188254877536728E-8
44550000000000.0,0.9970345297173061,0.33619751596531156,0.60627170735765,46931.362510408275,112.55800269637969,2.2448083443973223E-18,0.20012469438683947,0.8186286683135711,9.188322843616445E-8
44600000000000.0,0.9970422743125733,0.33620603596297877,0.606270042261695,46930.787213876065,112.55882023129419,2.244824648961671E-18,0.20012458214642226,0.8186287601967994,9.188390611851675E-8
44650000000000.0,0.9970499960274912,0.3362145482005777,0.6062683733202721,46930.21337818677,112.55963534993043,2.2448409053368064E-18,0.2001244699051898,0.8186288520807056,9.188458182864069E-8
44700000000000.0,0.9970576949333025,0.33622305270320874,0.6062667005488855,46929.6409989549,112.56044805987838,2.2448571136740993E-18,0.20012435766314454,0.8186289439652874,9.188525557273119E-8
44750000000000.0,0.9970653711010055,0.3362315494958703,0.6062650239629769,46929.07007180908,112.56125836870169,2.2448732741243963E-18,0.20012424542028887,0.8186290358505429,9.188592735696178E-8
44800000000000.0,0.9970730246013544,0.33624003860346013,0.6062633435779248,46928.50059239198,112.56206628393771,2.244889386838019E-18,0.20012413317662517,0.8186291277364703,9.188659718748444E-8
44850000000000.0,0.9970806555048615,0.336248520050775,0.6062616594090459,46927.93255636025,112.56287181309773,2.244905451964769E-18,0.20012402093215584,0.8186292196230675,9.188726507042989E-8
44900000000000.0,0.9970882638817974,0.33625699386251184,0.6062599714715949,46927.36595938447,112.56367496366707,2.244921469653931E-18,0.20012390868688323,0.8186293115103326,9.18879310119077E-8
44950000000000.0,0.997095849802192,0.33626546006326774,0.6062582797807647,46926.80079714916,112.56447574310502,2.2449374400542692E-18,0.20012379644080974,0.8186294033982636,9.188859501800614E-8
45000000000000.0,0.9971034133358355,0.33627391867754103,0.6062565843516868,46926.237065352645,112.56527415884514,2.2449533633140355E-18,0.20012368419393775,0.8186294952868586,9.188925709479254E-8
45050000000000.0,0.9971109545522799,0.33628236972973136,0.6062548851994314,46925.674759707035,112.56607021829532,2.2449692395809697E-18,0.2001235719462696,0.8186295871761157,9.188991724831323E-8
45100000000000.0,0.997118473520839,0.33629081324414,0.6062531823390075,46925.11387593821,112.56686392883779,2.2449850690023E-18,0.20012345969780762,0.8186296790660329,9.189057548459359E-8
45150000000000.0,0.9971259703105901,0.336299249244971,0.606251475785364,46924.55440978574,112.56765529782932,2.2450008517247466E-18,0.20012334744855417,0.8186297709566084,9.189123180963825E-8
45200000000000.0,0.9971334449903743,0.33630767775633114,0.6062497655533884,46923.99635700283,112.56844433260123,2.245016587894522E-18,0.20012323519851158,0.8186298628478402,9.189188622943106E-8
45250000000000.0,0.9971408976287981,0.3363160988022307,0.6062480516579087,46923.43971335631,112.56923104045961,2.2450322776573355E-18,0.2001231229476822,0.8186299547397264,9.189253874993528E-8
45300000000000.0,0.9971483282942343,0.3363245124065837,0.6062463341136928,46922.88447462651,112.57001542868538,2.2450479211583954E-18,0.2001230106960683,0.8186300466322652,9.18931893770936E-8
45350000000000.0,0.9971557370548227,0.33633291859320874,0.6062446129354486,46922.33063660726,112.57079750453435,2.2450635185424077E-18,0.20012289844367226,0.8186301385254545,9.189383811682827E-8
45400000000000.0,0.9971631239784708,0.3363413173858291,0.6062428881378247,46921.77819510592,112.57157727523736,2.2450790699535815E-18,0.20012278619049634,0.8186302304192926,9.18944849750411E-8
45450000000000.0,0.9971704891328548,0.3363497088080736,0.6062411597354102,46921.22714594316,112.5723547480003,2.2450945755356277E-18,0.20012267393654284,0.8186303223137776,9.189512995761358E-8
45500000000000.0,0.9971778325854209,0.33635809288347635,0.6062394277427356,46920.67748495305,112.57312993000437,2.2451100354317656E-18,0.20012256168181405,0.8186304142089076,9.189577307040703E-8
45550000000000.0,0.9971851544033861,0.3363664696354784,0.6062376921742723,46920.129207982965,112.573902828406,2.2451254497847197E-18,0.20012244942631227,0.8186305061046807,9.189641431926257E-8
45600000000000.0,0.9971924546537392,0.3363748390874272,0.6062359530444331,46919.582310893515,112.57467345033716,2.2451408187367265E-18,0.20012233717003977,0.8186305980010951,9.189705371000128E-8
45650000000000.0,0.9971997334032406,0.3363832012625775,0.6062342103675727,46919.03678955857,112.57544180290516,2.2451561424295318E-18,0.20012222491299883,0.8186306898981487,9.189769124842427E-8
45700000000000.0,0.9972069907184256,0.3363915561840915,0.6062324641579878,46918.492639865115,112.57620789319311,2.245171421004398E-18,0.2001221126551917,0.81863078179584,9.189832694031271E-8
45750000000000.0,0.9972142266656019,0.33639990387504004,0.6062307144299172,46917.9498577133,112.57697172825965,2.2451866546020987E-18,0.20012200039662065,0.818630873694167,9.189896079142792E-8
45800000000000.0,0.997221441310854,0.33640824435840194,0.6062289611975418,46917.4084390163,112.57773331513933,2.245201843362929E-18,0.20012188813728793,0.8186309655931278,9.189959280751151E-8
45850000000000.0,0.9972286347200418,0.33641657765706556,0.6062272044749856,46916.868379700354,112.57849266084258,2.2452169874267015E-18,0.20012177587719576,0.8186310574927205,9.190022299428548E-8
45900000000000.0,0.9972358069588022,0.33642490379382856,0.6062254442763151,46916.329675704656,112.57924977235582,2.2452320869327502E-18,0.2001216636163464,0.8186311493929435,9.190085135745212E-8
45950000000000.0,0.9972429580925501,0.3364332227913985,0.6062236806155405,46915.792322981346,112.58000465664159,2.2452471420199334E-18,0.20012155135474205,0.8186312412937948,9.190147790269433E-8
46000000000000.0,0.9972500881864793,0.33644153467239335,0.6062219135066149,46915.25631749545,112.58075732063861,2.2452621528266337E-18,0.20012143909238495,0.8186313331952728,9.190210263567549E-8
46050000000000.0,0.9972571973055626,0.3364498394593421,0.6062201429634351,46914.72165522483,112.58150777126183,2.2452771194907596E-18,0.2001213268292773,0.8186314250973754,9.19027255620396E-8
46100000000000.0,0.9972642855145539,0.33645813717468476,0.6062183689998413,46914.18833216015,112.58225601540265,2.245292042149751E-18,0.20012121456542134,0.818631517000101,9.190334668741149E-8
46150000000000.0,0.9972713528779882,0.33646642784077324,0.6062165916296184,46913.656344304814,112.5830020599289,2.245306920940576E-18,0.20012110230081923,0.8186316089034477,9.190396601739668E-8
46200000000000.0,0.9972783994601824,0.3364747114798717,0.6062148108664952,46913.125687674954,112.58374591168499,2.245321755999737E-18,0.20012099003547318,0.8186317008074137,9.190458355758162E-8
46250000000000.0,0.9972854253252366,0.33648298811415667,0.6062130267241453,46912.59635829935,112.58448757749197,2.2453365474632706E-18,0.2001208777693854,0.8186317927119973,9.190519931353365E-8
46300000000000.0,0.997292430537035,0.33649125776571764,0.6062112392161867,46912.06835221938,112.58522706414766,2.2453512954667485E-18,0.20012076550255803,0.8186318846171965,9.190581329080123E-8
46350000000000.0,0.9972994151592464,0.3364995204565579,0.6062094483561824,46911.54166548903,112.5859643784267,2.245366000145282E-18,0.20012065323499326,0.8186319765230098,9.190642549491384E-8
46400000000000.0,0.9973063792553255,0.3365077762085943,0.6062076541576408,46911.01629417478,112.58669952708073,2.245380661633523E-18,0.20012054096669324,0.8186320684294354,9.190703593138218E-8
46450000000000.0,0.9973133228885126,0.33651602504365813,0.6062058566340152,46910.49223435561,112.58743251683828,2.245395280065662E-18,0.20012042869766017,0.8186321603364712,9.190764460569813E-8
46500000000000.0,0.997320246121836,0.3365242669834954,0.6062040557987052,46909.96948212294,112.58816335440513,2.245409855575436E-18,0.20012031642789616,0.8186322522441158,9.190825152333495E-8
46550000000000.0,0.997327149018112,0.3365325020497673,0.6062022516650557,46909.44803358057,112.5888920464642,2.2454243882961268E-18,0.20012020415740336,0.8186323441523674,9.190885668974729E-8
46600000000000.0,0.9973340316399453,0.33654073026405046,0.6062004442463579,46908.92788484467,112.58961859967569,2.245438878360562E-18,0.20012009188618396,0.818632436061224,9.190946011037126E-8
46650000000000.0,0.9973408940497308,0.3365489516478375,0.6061986335558491,46908.4090320437,112.59034302067722,2.2454533259011204E-18,0.20011997961424005,0.8186325279706842,9.19100617906245E-8
46700000000000.0,0.9973477363096538,0.33655716622253734,0.6061968196067137,46907.89147131841,112.59106531608388,2.2454677310497296E-18,0.20011986734157375,0.818632619880746,9.191066173590624E-8
46750000000000.0,0.997354558481691,0.336565374009476,0.6061950024120819,46907.37519882174,112.59178549248831,2.2454820939378706E-18,0.2001197550681872,0.8186327117914077,9.191125995159748E-8
46800000000000.0,0.9973613606276112,0.3365735750298964,0.6061931819850317,46906.86021071883,112.59250355646078,2.2454964146965783E-18,0.20011964279408248,0.8186328037026677,9.19118564430609E-8
46850000000000.0,0.9973681428089759,0.3365817693049589,0.6061913583385874,46906.34650318696,112.5932195145493,2.2455106934564427E-18,0.20011953051926173,0.8186328956145241,9.1912451215641E-8
46900000000000.0,0.997374905087141,0.3365899568557422,0.6061895314857214,46905.83407241548,112.59393337327974,2.2455249303476137E-18,0.20011941824372706,0.8186329875269753,9.191304427466422E-8
46950000000000.0,0.9973816475232568,0.3365981377032433,0.6061877014393535,46905.32291460579,112.59464513915586,2.2455391254997993E-18,0.20011930596748054,0.8186330794400196,9.1913635625439E-8
47000000000000.0,0.9973883701782682,0.33660631186837814,0.6061858682123511,46904.813025971336,112.59535481865939,2.245553279042268E-18,0.20011919369052425,0.8186331713536552,9.191422527325573E-8
47050000000000.0,0.9973950731129171,0.3366144793719814,0.6061840318175296,46904.30440273752,112.59606241825014,2.245567391103852E-18,0.2001190814128603,0.8186332632678806,9.191481322338696E-8
47100000000000.0,0.9974017563877424,0.33662264023480765,0.6061821922676529,46903.79704114162,112.59676794436619,2.245581461812949E-18,0.20011896913449076,0.8186333551826938,9.191539948108748E-8
47150000000000.0,0.9974084200630805,0.33663079447753136,0.6061803495754332,46903.29093743285,112.59747140342375,2.245595491297522E-18,0.20011885685541766,0.8186334470980933,9.191598405159423E-8
47200000000000.0,0.9974150641990659,0.33663894212074735,0.6061785037535313,46902.786087872235,112.59817280181741,2.245609479685101E-18,0.2001187445756431,0.8186335390140773,9.19165669401265E-8
47250000000000.0,0.997421688855633,0.3366470831849712,0.606176654814557,46902.28248873263,112.59887214592021,2.2456234271027873E-18,0.20011863229516913,0.8186336309306442,9.191714815188601E-8
47300000000000.0,0.9974282940925159,0.33665521769063955,0.6061748027710687,46901.78013629862,112.59956944208363,2.2456373336772528E-18,0.20011852001399777,0.8186337228477923,9.191772769205692E-8
47350000000000.0,0.9974348799692497,0.3366633456581105,0.6061729476355747,46901.27902686653,112.60026469663782,2.2456511995347423E-18,0.20011840773213108,0.8186338147655201,9.191830556580584E-8
47400000000000.0,0.9974414465451709,0.33667146710766416,0.6061710894205324,46900.779156744335,112.60095791589154,2.245665024801076E-18,0.2001182954495711,0.8186339066838256,9.191888177828208E-8
47450000000000.0,0.9974479938794187,0.3366795820595027,0.6061692281383491,46900.280522251654,112.60164910613234,2.2456788096016495E-18,0.20011818316631985,0.8186339986027074,9.19194563346176E-8
47500000000000.0,0.997454522030935,0.33668769053375114,0.6061673638013816,46899.78311971973,112.60233827362656,2.2456925540614357E-18,0.20011807088237937,0.8186340905221637,9.192002923992696E-8
47550000000000.0,0.997461031058466,0.33669579255045723,0.6061654964219372,46899.28694549134,112.60302542461956,2.2457062583049904E-18,0.20011795859775167,0.818634182442193,9.19206004993077E-8
47600000000000.0,0.9974675210205619,0.3367038881295922,0.6061636260122735,46898.79199592077,112.60371056533555,2.2457199224564454E-18,0.20011784631243876,0.8186342743627935,9.192117011784003E-8
47650000000000.0,0.9974739919755793,0.3367119772910511,0.6061617525845981,46898.29826737378,112.60439370197798,2.2457335466395207E-18,0.20011773402644265,0.8186343662839636,9.192173810058728E-8
47700000000000.0,0.9974804439816796,0.3367200600546531,0.6061598761510701,46897.805756227586,112.60507484072934,2.2457471309775163E-18,0.2001176217397653,0.8186344582057017,9.192230445259559E-8
47750000000000.0,0.9974868770968317,0.33672813644014155,0.6061579967237987,46897.31445887077,112.6057539877514,2.24576067559332E-18,0.20011750945240875,0.8186345501280061,9.192286917889426E-8
47800000000000.0,0.9974932913788125,0.3367362064671848,0.6061561143148446,46896.824371703304,112.6064311491853,2.245774180609409E-18,0.20011739716437496,0.8186346420508753,9.192343228449574E-8
47850000000000.0,0.9974996868852066,0.3367442701553763,0.60615422893622,46896.33549113644,112.60710633115154,2.2457876461478468E-18,0.20011728487566594,0.8186347339743076,9.19239937743956E-8
47900000000000.0,0.997506063673408,0.33675232752423506,0.6061523405998879,46895.847813592736,112.60777953975008,2.245801072330289E-18,0.20011717258628361,0.8186348258983014,9.192455365357266E-8
47950000000000.0,0.9975124218006203,0.3367603785932059,0.6061504493177639,46895.36133550596,112.60845078106051,2.245814459277984E-18,0.20011706029623,0.818634917822855,9.192511192698914E-8
48000000000000.0,0.9975187613238574,0.33676842338166,0.6061485551017148,46894.876053321095,112.609120061142,2.2458278071117734E-18,0.20011694800550703,0.818635009747967,9.192566859959059E-8
48050000000000.0,0.997525082299945,0.33677646190889515,0.6061466579635597,46894.391963494316,112.60978738603342,2.2458411159520938E-18,0.20011683571411668,0.8186351016736356,9.19262236763059E-8
48100000000000.0,0.9975313847855202,0.336784494194136,0.6061447579150702,46893.90906249284,112.6104527617535,2.2458543859189807E-18,0.20011672342206088,0.8186351935998593,9.192677716204768E-8
48150000000000.0,0.997537668837033,0.3367925202565343,0.6061428549679699,46893.427346795055,112.61111619430083,2.2458676171320665E-18,0.2001166111293416,0.8186352855266364,9.192732906171198E-8
48200000000000.0,0.9975439345107466,0.33680054011516974,0.6061409491339355,46892.94681289034,112.6117776896539,2.245880809710584E-18,0.20011649883596075,0.8186353774539654,9.192787938017848E-8
48250000000000.0,0.9975501818627386,0.33680855378904967,0.6061390404245964,46892.4674572791,112.61243725377128,2.2458939637733683E-18,0.20011638654192027,0.8186354693818448,9.192842812231061E-8
48300000000000.0,0.9975564109489011,0.3368165612971098,0.6061371288515353,46891.98927647268,112.6130948925916,2.2459070794388572E-18,0.2001162742472221,0.8186355613102729,9.192897529295556E-8
48350000000000.0,0.9975626218249417,0.33682456265821475,0.6061352144262874,46891.51226699341,112.61375061203373,2.245920156825094E-18,0.20011616195186813,0.8186356532392483,9.192952089694428E-8
48400000000000.0,0.997568814546384,0.3368325578911578,0.6061332971603421,46891.03642537447,112.6144044179967,2.2459331960497257E-18,0.20011604965586027,0.8186357451687691,9.193006493909165E-8
48450000000000.0,0.9975749891685689,0.33684054701466154,0.6061313770651423,46890.5617481599,112.61505631635994,2.24594619723001E-18,0.20011593735920047,0.8186358370988341,9.193060742419648E-8
48500000000000.0,0.9975811457466545,0.3368485300473784,0.6061294541520845,46890.088231904585,112.61570631298329,2.245959160482813E-18,0.2001158250618906,0.8186359290294415,9.193114835704163E-8
48550000000000.0,0.9975872843356174,0.33685650700789055,0.6061275284325195,46889.61587317414,112.61635441370706,2.2459720859246107E-18,0.20011571276393259,0.8186360209605898,9.193168774239399E-8
48600000000000.0,0.9975934049902526,0.3368644779147107,0.606125599917752,46889.14466854497,112.61700062435204,2.245984973671491E-18,0.20011560046532828,0.8186361128922777,9.193222558500452E-8
48650000000000.0,0.9975995077651755,0.3368724427862819,0.606123668619041,46888.674614604184,112.61764495071976,2.2459978238391566E-18,0.2001154881660796,0.8186362048245032,9.193276188960849E-8
48700000000000.0,0.9976055927148211,0.33688040164097843,0.6061217345476005,46888.20570794954,112.6182873985924,2.2460106365429254E-18,0.2001153758661884,0.8186362967572651,9.193329666092536E-8
48750000000000.0,0.9976116598934458,0.3368883544971058,0.6061197977145988,46887.737945189445,112.6189279737329,2.2460234118977303E-18,0.2001152635656566,0.8186363886905618,9.193382990365886E-8
48800000000000.0,0.9976177093551273,0.33689630137290094,0.6061178581311593,46887.271322942885,112.61956668188505,2.2460361500181236E-18,0.200115151264486,0.8186364806243916,9.193436162249713E-8
48850000000000.0,0.9976237411537656,0.33690424228653265,0.6061159158083606,46886.80583783941,112.62020352877357,2.246048851018277E-18,0.20011503896267852,0.8186365725587532,9.193489182211275E-8
48900000000000.0,0.9976297553430843,0.336912177256102,0.6061139707572364,46886.34148651914,112.6208385201042,2.246061515011982E-18,0.20011492666023598,0.818636664493645,9.193542050716275E-8
48950000000000.0,0.9976357519766296,0.33692010629964275,0.6061120229887764,46885.87826563261,112.62147166156369,2.2460741421126534E-18,0.20011481435716022,0.8186367564290655,9.19359476822887E-8
49000000000000.0,0.997641731107773,0.33692802943512146,0.6061100725139252,46885.41617184086,112.62210295881997,2.24608673243333E-18,0.2001147020534531,0.8186368483650133,9.193647335211684E-8
49050000000000.0,0.9976476927897103,0.33693594668043775,0.6061081193435839,46884.95520181531,112.62273241752216,2.246099286086676E-18,0.2001145897491165,0.8186369403014866,9.1936997521258E-8
49100000000000.0,0.9976536370754631,0.3369438580534248,0.606106163488609,46884.49535223779,112.62336004330064,2.2461118031849803E-18,0.2001144774441522,0.8186370322384842,9.193752019430776E-8
49150000000000.0,0.9976595640178793,0.3369517635718495,0.6061042049598135,46884.036619800485,112.6239858417672,2.2461242838401623E-18,0.20011436513856204,0.8186371241760043,9.193804137584647E-8
49200000000000.0,0.9976654736696337,0.336959663253413,0.6061022437679671,46883.57900120584,112.62460981851494,2.246136728163769E-18,0.20011425283234785,0.8186372161140457,9.193856107043932E-8
49250000000000.0,0.9976713660832283,0.33696755711575055,0.6061002799237956,46883.12249316663,112.62523197911857,2.246149136266979E-18,0.20011414052551144,0.8186373080526068,9.193907928263636E-8
49300000000000.0,0.9976772413109936,0.33697544517643213,0.6060983134379817,46882.66709240582,112.62585232913425,2.2461615082606024E-18,0.20011402821805463,0.818637399991686,9.193959601697264E-8
49350000000000.0,0.9976830994050887,0.33698332745296306,0.606096344321165,46882.21279565664,112.62647087409981,2.2461738442550836E-18,0.2001139159099792,0.8186374919312821,9.194011127796812E-8
49400000000000.0,0.9976889404175029,0.3369912039627836,0.6060943725839422,46881.75959966242,112.62708761953483,2.246186144360503E-18,0.200113803601287,0.8186375838713933,9.194062507012801E-8
49450000000000.0,0.997694764400055,0.3369990747232696,0.6060923982368671,46881.30750117665,112.62770257094064,2.2461984086865753E-18,0.20011369129197978,0.8186376758120184,9.194113739794243E-8
49500000000000.0,0.9977005714043943,0.3370069397517331,0.6060904212904513,46880.85649696296,112.62831573380032,2.246210637342654E-18,0.20011357898205934,0.8186377677531558,9.19416482658868E-8
49550000000000.0,0.9977063614820019,0.33701479906542214,0.6060884417551639,46880.40658379501,112.62892711357891,2.246222830437731E-18,0.20011346667152746,0.8186378596948041,9.194215767842169E-8
49600000000000.0,0.9977121346841903,0.337022652681521,0.6060864596414313,46879.95775845648,112.62953671572342,2.2462349880804395E-18,0.20011335436038594,0.8186379516369617,9.194266563999304E-8
49650000000000.0,0.9977178910621056,0.33703050061715106,0.6060844749596382,46879.51001774108,112.63014454566292,2.2462471103790543E-18,0.20011324204863654,0.8186380435796274,9.194317215503204E-8
49700000000000.0,0.9977236306667263,0.3370383428893705,0.606082487720128,46879.063358452455,112.63075060880853,2.2462591974414924E-18,0.200113129736281,0.8186381355227995,9.194367722795535E-8
49750000000000.0,0.997729353548865,0.3370461795151751,0.6060804979332011,46878.61777740422,112.6313549105536,2.2462712493753165E-18,0.20011301742332113,0.8186382274664769,9.194418086316503E-8
49800000000000.0,0.9977350597591685,0.3370540105114981,0.6060785056091172,46878.17327141984,112.63195745627362,2.246283266287733E-18,0.20011290510975865,0.8186383194106577,9.19446830650486E-8
49850000000000.0,0.9977407493481192,0.33706183589521066,0.606076510758095,46877.72983733265,112.63255825132654,2.246295248285599E-18,0.20011279279559535,0.8186384113553408,9.194518383797931E-8
49900000000000.0,0.9977464223660345,0.33706965568312214,0.606074513390311,46877.287471985845,112.63315730105253,2.2463071954754157E-18,0.20011268048083294,0.8186385033005246,9.19456831863158E-8
49950000000000.0,0.9977520788630688,0.3370774698919803,0.6060725135159013,46876.8461722324,112.63375461077429,2.246319107963337E-18,0.20011256816547318,0.8186385952462077,9.194618111440254E-8
50000000000000.0,0.997757718889213,0.33708527853847176,0.606070511144961,46876.40593493504,112.63435018579696,2.246330985855167E-18,0.20011245584951778,0.8186386871923889,9.194667762656961E-8
50050000000000.0,0.9977633424942953,0.33709308163922214,0.6060685062875444,46875.96675696622,112.63494403140832,2.246342829256362E-18,0.2001123435329685,0.8186387791390665,9.194717272713294E-8
50100000000000.0,0.9977689497279824,0.33710087921079623,0.6060664989536654,46875.528635208124,112.63553615287869,2.2463546382720315E-18,0.20011223121582702,0.8186388710862392,9.194766642039422E-8
50150000000000.0,0.9977745406397796,0.33710867126969873,0.6060644891532976,46875.091566552546,112.6361265554612,2.246366413006942E-18,0.2001121188980951,0.8186389630339056,9.194815871064115E-8
50200000000000.0,0.9977801152790309,0.33711645783237393,0.606062476896374,46874.65554790096,112.63671524439161,2.2463781535655123E-18,0.20011200657977446,0.8186390549820644,9.194864960214713E-8
50250000000000.0,0.9977856736949207,0.33712423891520615,0.6060604621927881,46874.220576164436,112.63730222488856,2.2463898600518215E-18,0.20011189426086679,0.8186391469307139,9.19491390991717E-8
50300000000000.0,0.9977912159364736,0.33713201453452035,0.6060584450523929,46873.78664826356,112.6378875021536,2.246401532569607E-18,0.20011178194137377,0.818639238879853,9.194962720596041E-8
50350000000000.0,0.9977967420525556,0.33713978470658207,0.6060564254850024,46873.3537611285,112.63847108137124,2.2464131712222657E-18,0.20011166962129714,0.8186393308294803,9.195011392674489E-8
50400000000000.0,0.9978022520918742,0.3371475494475976,0.6060544035003902,46872.9219116989,112.63905296770896,2.246424776112857E-18,0.2001115573006386,0.8186394227795941,9.195059926574293E-8
50450000000000.0,0.9978077461029787,0.3371553087737148,0.6060523791082914,46872.49109692389,112.63963316631734,2.2464363473441E-18,0.20011144497939978,0.8186395147301935,9.195108322715842E-8
50500000000000.0,0.9978132241342614,0.3371630627010225,0.606050352318401,46872.06131376204,112.64021168233009,2.2464478850183807E-18,0.2001113326575824,0.8186396066812767,9.195156581518157E-8
50550000000000.0,0.9978186862339582,0.33717081124555187,0.6060483231403755,46871.63255918129,112.64078852086413,2.2464593892377483E-18,0.20011122033518816,0.8186396986328425,9.195204703398888E-8
50600000000000.0,0.9978241324501487,0.33717855442327554,0.6060462915838323,46871.20483015901,112.64136368701966,2.246470860103919E-18,0.2001111080122187,0.8186397905848896,9.195252688774314E-8
50650000000000.0,0.9978295628307571,0.3371862922501087,0.6060442576583501,46870.77812368185,112.64193718588022,2.246482297718276E-18,0.2001109956886757,0.8186398825374164,9.195300538059362E-8
50700000000000.0,0.9978349774235522,0.3371940247419087,0.6060422213734692,46870.35243674582,112.64250902251266,2.2464937021818715E-18,0.20011088336456082,0.8186399744904218,9.19534825166759E-8
50750000000000.0,0.9978403762761486,0.33720175191447593,0.6060401827386906,46869.92776635621,112.64307920196728,2.2465050735954264E-18,0.2001107710398757,0.8186400664439043,9.195395830011216E-8
50800000000000.0,0.9978457594360078,0.33720947378355365,0.606038141763478,46869.5041095275,112.64364772927802,2.2465164120593343E-18,0.20011065871462203,0.8186401583978626,9.195443273501104E-8
50850000000000.0,0.9978511269504372,0.3372171903648284,0.6060360984572566,46869.081463283444,112.64421460946225,2.246527717673661E-18,0.20011054638880144,0.8186402503522954,9.195490582546785E-8
50900000000000.0,0.9978564788665915,0.3372249016739305,0.6060340528294133,46868.65982465698,112.64477984752104,2.2465389905381444E-18,0.20011043406241555,0.8186403423072012,9.195537757556446E-8
50950000000000.0,0.9978618152314737,0.33723260772643365,0.6060320048892973,46868.239190690176,112.64534344843909,2.246550230752198E-18,0.20011032173546603,0.8186404342625787,9.195584798936948E-8
51000000000000.0,0.9978671360919352,0.33724030853785586,0.6060299546462208,46867.81955843422,112.64590541718499,2.246561438414913E-18,0.2001102094079545,0.8186405262184268,9.19563170709383E-8
51050000000000.0,0.9978724414946759,0.3372480041236592,0.6060279021094576,46867.400924949434,112.64646575871096,2.2465726136250542E-18,0.20011009707988256,0.8186406181747438,9.195678482431297E-8
51100000000000.0,0.9978777314862457,0.3372556944992504,0.6060258472882445,46866.98328730516,112.64702447795321,2.2465837564810673E-18,0.20010998475125188,0.8186407101315286,9.195725125352248E-8
51150000000000.0,0.9978830061130441,0.33726337967998093,0.6060237901917811,46866.5666425798,112.64758157983182,2.2465948670810765E-18,0.20010987242206407,0.8186408020887799,9.195771636258265E-8
51200000000000.0,0.9978882654213216,0.33727105968114723,0.60602173082923,46866.15098786073,112.6481370692509,2.246605945522887E-18,0.20010976009232073,0.8186408940464962,9.195818015549628E-8
51250000000000.0,0.9978935094571796,0.33727873451799095,0.6060196692097167,46865.73632024436,112.64869095109859,2.246616991903986E-18,0.20010964776202345,0.8186409860046764,9.195864263625308E-8
51300000000000.0,0.9978987382665712,0.3372864042056994,0.60601760534233,46865.32263683596,112.6492432302471,2.246628006321542E-18,0.20010953543117385,0.818641077963319,9.195910380882984E-8
51350000000000.0,0.9979039518953019,0.3372940687594053,0.606015539236122,46864.90993474976,112.64979391155288,2.246638988872411E-18,0.20010942309977353,0.8186411699224229,9.195956367719041E-8
51400000000000.0,0.9979091503890296,0.33730172819418774,0.6060134709001082,46864.49821110889,112.65034299985652,2.2466499396531314E-18,0.2001093107678241,0.8186412618819865,9.196002224528578E-8
51450000000000.0,0.9979143337932656,0.33730938252507187,0.6060114003432685,46864.08746304529,112.6508904999829,2.246660858759928E-18,0.20010919843532712,0.8186413538420088,9.196047951705402E-8
51500000000000.0,0.997919502153375,0.33731703176702904,0.6060093275745458,46863.67768769975,112.65143641674129,2.246671746288715E-18,0.20010908610228417,0.8186414458024882,9.196093549642052E-8
51550000000000.0,0.9979246555145772,0.3373246759349775,0.6060072526028474,46863.26888222183,112.6519807549253,2.2466826023350944E-18,0.20010897376869685,0.8186415377634237,9.19613901872979E-8
51600000000000.0,0.9979297939219466,0.3373323150437825,0.6060051754370445,46862.86104376991,112.652523519313,2.2466934269943578E-18,0.20010886143456674,0.8186416297248139,9.196184359358605E-8
51650000000000.0,0.9979349174204127,0.33733994910825627,0.6060030960859727,46862.45416951103,112.65306471466694,2.2467042203614874E-18,0.2001087490998954,0.8186417216866575,9.196229571917224E-8
51700000000000.0,0.9979400260547614,0.3373475781431585,0.6060010145584322,46862.04825662099,112.65360434573432,2.246714982531159E-18,0.20010863676468438,0.8186418136489533,9.196274656793114E-8
51750000000000.0,0.9979451198696343,0.3373552021631964,0.6059989308631873,46861.64330228425,112.65414241724687,2.246725713597741E-18,0.20010852442893526,0.8186419056116998,9.196319614372489E-8
51800000000000.0,0.9979501989095306,0.3373628211830252,0.6059968450089673,46861.23930369391,112.65467893392102,2.246736413655295E-18,0.20010841209264957,0.818641997574896,9.196364445040305E-8
51850000000000.0,0.9979552632188066,0.3373704352172479,0.6059947570044665,46860.83625805171,112.65521390045797,2.2467470827975806E-18,0.2001082997558289,0.8186420895385405,9.196409149180283E-8
51900000000000.0,0.9979603128416763,0.33737804428041623,0.6059926668583435,46860.434162567966,112.65574732154359,2.2467577211180497E-18,0.20010818741847475,0.8186421815026319,9.196453727174886E-8
51950000000000.0,0.9979653478222128,0.33738564838702984,0.605990574579223,46860.033014461565,112.65627920184873,2.246768328709857E-18,0.2001080750805887,0.8186422734671691,9.196498179405358E-8
52000000000000.0,0.9979703682043478,0.33739324755153777,0.6059884801756941,46859.6328109599,112.65680954602907,2.246778905665852E-18,0.20010796274217227,0.818642365432151,9.196542506251697E-8
52050000000000.0,0.9979753740318724,0.3374008417883375,0.6059863836563115,46859.2335492989,112.65733835872523,2.2467894520785862E-18,0.20010785040322698,0.818642457397576,9.196586708092676E-8
52100000000000.0,0.9979803653484377,0.33740843111177593,0.6059842850295961,46858.835226722986,112.6578656445628,2.2467999680403102E-18,0.20010773806375437,0.8186425493634432,9.196630785305844E-8
52150000000000.0,0.9979853421975553,0.33741601553614936,0.6059821843040338,46858.437840485,112.65839140815253,2.246810453642978E-18,0.20010762572375596,0.818642641329751,9.196674738267533E-8
52200000000000.0,0.997990304622598,0.33742359507570385,0.6059800814880766,46858.04138784619,112.65891565409021,2.2468209089782474E-18,0.20010751338323327,0.8186427332964984,9.196718567352856E-8
52250000000000.0,0.9979952526667998,0.3374311697446349,0.6059779765901421,46857.64586607623,112.65943838695681,2.2468313341374783E-18,0.20010740104218783,0.818642825263684,9.19676227293572E-8
52300000000000.0,0.9980001863732569,0.3374387395570885,0.6059758696186145,46857.251272453126,112.65995961131853,2.2468417292117374E-18,0.2001072887006211,0.8186429172313068,9.19680585538882E-8
52350000000000.0,0.9980051057849278,0.33744630452716057,0.6059737605818438,46856.857604263256,112.66047933172683,2.2468520942917974E-18,0.20010717635853464,0.8186430091993653,9.196849315083658E-8
52400000000000.0,0.9980100109446337,0.33745386466889776,0.6059716494881471,46856.464858801315,112.66099755271847,2.2468624294681365E-18,0.20010706401592993,0.8186431011678584,9.196892652390525E-8
52450000000000.0,0.9980149018950596,0.33746141999629725,0.605969536345807,46856.07303337023,112.66151427881562,2.2468727348309437E-18,0.20010695167280845,0.818643193136785,9.196935867678525E-8
52500000000000.0,0.9980197786787544,0.33746897052330715,0.6059674211630734,46855.68212528121,112.66202951452591,2.2468830104701172E-18,0.2001068393291717,0.8186432851061437,9.196978961315578E-8
52550000000000.0,0.9980246413381312,0.33747651626382696,0.6059653039481631,46855.29213185371,112.66254326434239,2.2468932564752644E-18,0.2001067269850212,0.8186433770759333,9.197021933668412E-8
52600000000000.0,0.9980294899154682,0.3374840572317072,0.6059631847092593,46854.903050415356,112.6630555327437,2.246903472935705E-18,0.20010661464035837,0.8186434690461526,9.19706478510258E-8
52650000000000.0,0.9980343244529087,0.3374915934407501,0.6059610634545126,46854.51487830196,112.66356632419402,2.246913659940471E-18,0.20010650229518473,0.8186435610168005,9.197107515982451E-8
52700000000000.0,0.9980391449924623,0.33749912490470957,0.6059589401920409,46854.12761285749,112.6640756431432,2.2469238175783086E-18,0.20010638994950172,0.8186436529878757,9.19715012667123E-8
52750000000000.0,0.9980439515760041,0.3375066516372914,0.605956814929929,46853.741251434025,112.66458349402676,2.246933945937677E-18,0.20010627760331084,0.8186437449593769,9.197192617530948E-8
52800000000000.0,0.998048744245277,0.33751417365215375,0.6059546876762295,46853.35579139171,112.66508988126598,2.246944045106753E-18,0.20010616525661354,0.818643836931303,9.197234988922478E-8
52850000000000.0,0.9980535230418907,0.33752169096290713,0.6059525584389625,46852.9712300988,112.66559480926797,2.2469541151734304E-18,0.20010605290941127,0.818643928903653,9.19727724120553E-8
52900000000000.0,0.9980582880073223,0.3375292035831144,0.6059504272261156,46852.587564931564,112.6660982824256,2.2469641562253176E-18,0.20010594056170553,0.8186440208764254,9.197319374738656E-8
52950000000000.0,0.9980630391829177,0.33753671152629133,0.6059482940456445,46852.20479327429,112.6666003051177,2.246974168349745E-18,0.2001058282134977,0.8186441128496191,9.197361389879266E-8
53000000000000.0,0.9980677766098911,0.3375442148059067,0.6059461589054729,46851.82291251924,112.66710088170899,2.2469841516337606E-18,0.20010571586478929,0.8186442048232331,9.19740328698361E-8
53050000000000.0,0.9980725003293255,0.3375517134353823,0.6059440218134924,46851.44192006666,112.6676000165502,2.2469941061641332E-18,0.2001056035155817,0.8186442967972659,9.197445066406801E-8
53100000000000.0,0.9980772103821746,0.3375592074280937,0.6059418827775631,46851.06181332472,112.66809771397817,2.2470040320273553E-18,0.2001054911658764,0.8186443887717165,9.19748672850282E-8
53150000000000.0,0.9980819068092609,0.33756669679736956,0.6059397418055131,46850.68258970948,112.66859397831577,2.2470139293096398E-18,0.20010537881567478,0.8186444807465839,9.1975282736245E-8
53200000000000.0,0.9980865896512784,0.3375741815564925,0.6059375989051393,46850.30424664492,112.66908881387204,2.2470237980969245E-18,0.2001052664649783,0.8186445727218666,9.197569702123553E-8
53250000000000.0,0.9980912589487914,0.3375816617186991,0.605935454084207,46849.92678156283,112.66958222494218,2.2470336384748713E-18,0.2001051541137884,0.8186446646975636,9.197611014350561E-8
53300000000000.0,0.9980959147422359,0.33758913729718015,0.6059333073504507,46849.55019190285,112.67007421580767,2.2470434505288683E-18,0.20010504176210647,0.8186447566736738,9.197652210654984E-8
53350000000000.0,0.9981005570719197,0.33759660830508076,0.6059311587115731,46849.17447511243,112.67056479073625,2.2470532343440287E-18,0.20010492940993393,0.8186448486501959,9.197693291385153E-8
53400000000000.0,0.9981051859780233,0.3376040747555006,0.6059290081752464,46848.799628646775,112.67105395398208,2.2470629900051964E-18,0.2001048170572722,0.8186449406271288,9.197734256888309E-8
53450000000000.0,0.9981098015005992,0.33761153666149396,0.6059268557491119,46848.42564996889,112.67154170978557,2.24707271759694E-18,0.2001047047041227,0.8186450326044714,9.197775107510554E-8
53500000000000.0,0.998114403679574,0.3376189940360703,0.6059247014407797,46848.05253654947,112.67202806237373,2.2470824172035613E-18,0.20010459235048683,0.8186451245822225,9.197815843596902E-8
53550000000000.0,0.9981189925547472,0.337626446892194,0.6059225452578297,46847.680285866925,112.67251301595991,2.2470920889090893E-18,0.20010447999636596,0.8186452165603809,9.197856465491253E-8
53600000000000.0,0.9981235681657928,0.3376338952427848,0.6059203872078113,46847.308895407325,112.67299657474406,2.247101732797286E-18,0.2001043676417615,0.8186453085389456,9.197896973536413E-8
53650000000000.0,0.9981281305522596,0.3376413391007179,0.6059182272982434,46846.9383626644,112.67347874291276,2.247111348951647E-18,0.20010425528667486,0.8186454005179153,9.197937368074097E-8
53700000000000.0,0.9981326797535707,0.33764877847882424,0.6059160655366147,46846.56868513952,112.67395952463912,2.247120937455399E-18,0.2001041429311074,0.818645492497289,9.19797764944492E-8
53750000000000.0,0.9981372158090254,0.3376562133898906,0.6059139019303835,46846.19986034164,112.67443892408299,2.247130498391504E-18,0.20010403057506052,0.8186455844770655,9.198017817988411E-8
53800000000000.0,0.9981417387577982,0.33766364384665987,0.6059117364869786,46845.83188578732,112.67491694539093,2.2471400318426596E-18,0.2001039182185356,0.8186456764572437,9.198057874043024E-8
53850000000000.0,0.9981462486389402,0.3376710698618311,0.6059095692137985,46845.46475900062,112.67539359269628,2.247149537891299E-18,0.200103805861534,0.8186457684378224,9.198097817946122E-8
53900000000000.0,0.9981507454913793,0.3376784914480598,0.605907400118212,46845.09847751319,112.67586887011915,2.247159016619592E-18,0.2001036935040571,0.8186458604188006,9.198137650033999E-8
53950000000000.0,0.9981552293539204,0.3376859086179581,0.6059052292075581,46844.73303886412,112.67634278176655,2.2471684681094473E-18,0.20010358114610627,0.8186459524001771,9.198177370641871E-8
54000000000000.0,0.9981597002652463,0.33769332138409464,0.6059030564891467,46844.36844060002,112.67681533173244,2.2471778924425124E-18,0.20010346878768287,0.8186460443819508,9.198216980103895E-8
54050000000000.0,0.9981641582639175,0.3377007297589955,0.6059008819702582,46844.00468027495,112.6772865240977,2.247187289700175E-18,0.20010335642878824,0.8186461363641206,9.198256478753157E-8
54100000000000.0,0.998168603388373,0.3377081337551437,0.6058987056581433,46843.64175545038,112.67775636293018,2.247196659963563E-18,0.20010324406942376,0.8186462283466854,9.198295866921682E-8
54150000000000.0,0.9981730356769308,0.3377155333849794,0.6058965275600241,46843.2796636952,112.67822485228481,2.2472060033135455E-18,0.20010313170959076,0.818646320329644,9.19833514494044E-8
54200000000000.0,0.9981774551677878,0.33772292866090037,0.6058943476830934,46842.91840258568,112.6786919962036,2.247215319830735E-18,0.2001030193492906,0.8186464123129955,9.198374313139342E-8
54250000000000.0,0.9981818618990214,0.3377303195952623,0.6058921660345147,46842.55796970542,112.67915779871576,2.2472246095954882E-18,0.2001029069885246,0.8186465042967387,9.198413371847262E-8
54300000000000.0,0.9981862559085882,0.33773770620037813,0.6058899826214232,46842.19836264541,112.6796222638376,2.2472338726879046E-18,0.2001027946272941,0.8186465962808724,9.198452321392015E-8
54350000000000.0,0.9981906372343259,0.3377450884885195,0.6058877974509251,46841.8395790039,112.68008539557266,2.2472431091878295E-18,0.20010268226560046,0.8186466882653957,9.198491162100375E-8
54400000000000.0,0.9981950059139533,0.3377524664719159,0.6058856105300982,46841.48161638644,112.68054719791186,2.2472523191748555E-18,0.200102569903445,0.8186467802503072,9.198529894298088E-8
54450000000000.0,0.9981993619850702,0.3377598401627553,0.6058834218659916,46841.12447240585,112.68100767483335,2.247261502728321E-18,0.20010245754082903,0.8186468722356062,9.198568518309854E-8
54500000000000.0,0.9982037054851581,0.33776720957318407,0.6058812314656267,46840.768144682166,112.68146683030264,2.247270659927313E-18,0.20010234517775388,0.8186469642212914,9.198607034459348E-8
54550000000000.0,0.9982080364515813,0.3377745747153074,0.6058790393359955,46840.412630842664,112.6819246682727,2.2472797908506676E-18,0.20010223281422088,0.8186470562073618,9.198645443069213E-8
54600000000000.0,0.9982123549215859,0.33778193560118946,0.605876845484063,46840.05792852179,112.68238119268392,2.2472888955769705E-18,0.20010212045023135,0.8186471481938161,9.198683744461074E-8
54650000000000.0,0.9982166609323019,0.33778929224285337,0.6058746499167655,46839.70403536116,112.68283640746418,2.247297974184557E-18,0.20010200808578657,0.8186472401806536,9.198721938955527E-8
54700000000000.0,0.9982209545207418,0.33779664465228126,0.6058724526410117,46839.350949009546,112.68329031652891,2.2473070267515155E-18,0.20010189572088785,0.818647332167873,9.198760026872155E-8
54750000000000.0,0.9982252357238025,0.33780399284141505,0.6058702536636824,46838.99866712283,112.68374292378113,2.2473160533556853E-18,0.20010178335553652,0.8186474241554732,9.19879800852953E-8
54800000000000.0,0.998229504578265,0.3378113368221559,0.6058680529916308,46838.64718736402,112.68419423311147,2.2473250540746606E-18,0.20010167098973386,0.8186475161434533,9.198835884245212E-8
54850000000000.0,0.998233761120795,0.3378186766063649,0.6058658506316825,46838.296507403145,112.68464424839826,2.247334028985788E-18,0.20010155862348117,0.8186476081318121,9.198873654335754E-8
54900000000000.0,0.998238005387943,0.3378260122058629,0.6058636465906356,46837.94662491732,112.68509297350752,2.2473429781661703E-18,0.20010144625677972,0.8186477001205487,9.198911319116707E-8
54950000000000.0,0.9982422374161449,0.3378333436324307,0.605861440875261,46837.5975375907,112.685540412293,2.247351901692665E-18,0.2001013338896308,0.8186477921096619,9.198948878902623E-8
55000000000000.0,0.9982464572417231,0.33784067089780967,0.6058592334923023,46837.2492431144,112.68598656859635,2.247360799641888E-18,0.20010122152203572,0.8186478840991507,9.198986334007058E-8
55050000000000.0,0.9982506649008853,0.33784799401370114,0.6058570244484758,46836.90173918658,112.68643144624696,2.2473696720902117E-18,0.20010110915399573,0.8186479760890141,9.199023684742576E-8
55100000000000.0,0.9982548604297261,0.33785531299176724,0.605854813750471,46836.5550235123,112.6868750490621,2.2473785191137656E-18,0.20010099678551213,0.8186480680792508,9.199060931420748E-8
55150000000000.0,0.9982590438642275,0.3378626278436308,0.6058526014049506,46836.20909380362,112.68731738084706,2.247387340788441E-18,0.2001008844165862,0.8186481600698602,9.19909807435217E-8
55200000000000.0,0.9982632152402582,0.3378699385808754,0.6058503874185505,46835.86394777946,112.68775844539502,2.247396137189887E-18,0.20010077204721916,0.8186482520608409,9.199135113846442E-8
55250000000000.0,0.9982673745935751,0.3378772452150457,0.6058481717978795,46835.519583165646,112.68819824648719,2.2474049083935146E-18,0.2001006596774123,0.818648344052192,9.199172050212196E-8
55300000000000.0,0.9982715219598233,0.33788454775764737,0.6058459545495204,46835.1759976949,112.68863678789283,2.2474136544744964E-18,0.2001005473071669,0.8186484360439126,9.199208883757084E-8
55350000000000.0,0.9982756573745362,0.3378918462201478,0.6058437356800289,46834.83318910678,112.68907407336931,2.247422375507768E-18,0.20010043493648416,0.8186485280360014,9.199245614787792E-8
55400000000000.0,0.9982797808731363,0.3378991406139754,0.6058415151959348,46834.491155147654,112.68951010666214,2.2474310715680278E-18,0.2001003225653654,0.8186486200284575,9.199282243610026E-8
55450000000000.0,0.9982838924909352,0.33790643095052075,0.6058392931037415,46834.14989357072,112.68994489150495,2.247439742729738E-18,0.2001002101938118,0.81864871202128,9.199318770528541E-8
55500000000000.0,0.9982879922631344,0.33791371724113567,0.6058370694099267,46833.80940213594,112.69037843161965,2.247448389067127E-18,0.20010009782182467,0.8186488040144677,9.199355195847116E-8
55550000000000.0,0.9982920802248254,0.3379209994971345,0.6058348441209412,46833.46967861005,112.6908107307164,2.2474570106541874E-18,0.20009998544940522,0.8186488960080196,9.199391519868586E-8
55600000000000.0,0.99829615641099,0.3379282777297931,0.6058326172432105,46833.13072076651,112.69124179249357,2.2474656075646797E-18,0.2000998730765547,0.8186489880019349,9.19942774289482E-8
55650000000000.0,0.9983002208565008,0.3379355519503502,0.6058303887831339,46832.79252638553,112.69167162063802,2.2474741798721318E-18,0.20009976070327432,0.8186490799962123,9.199463865226739E-8
55700000000000.0,0.9983042735961222,0.3379428221700064,0.6058281587470854,46832.45509325396,112.69210021882489,2.2474827276498397E-18,0.2000996483295653,0.818649171990851,9.199499887164319E-8
55750000000000.0,0.9983083146645092,0.3379500883999252,0.605825927141413,46832.118419165374,112.69252759071776,2.247491250970868E-18,0.20009953595542893,0.8186492639858498,9.199535809006587E-8
55800000000000.0,0.9983123440962094,0.3379573506512327,0.6058236939724395,46831.782501919966,112.69295373996866,2.247499749908051E-18,0.20009942358086638,0.8186493559812079,9.199571631051623E-8
55850000000000.0,0.9983163619256624,0.337964608935018,0.6058214592464618,46831.44733932458,112.69337867021815,2.247508224533995E-18,0.2000993112058789,0.8186494479769242,9.19960735359658E-8
55900000000000.0,0.9983203681872007,0.337971863262333,0.6058192229697519,46831.11292919267,112.69380238509531,2.2475166749210763E-18,0.20009919883046767,0.8186495399729977,9.199642976937668E-8
55950000000000.0,0.9983243629150496,0.33797911364419303,0.6058169851485565,46830.77926934426,112.6942248882178,2.2475251011414443E-18,0.20009908645463392,0.8186496319694275,9.199678501370167E-8
56000000000000.0,0.998328346143328,0.3379863600915765,0.6058147457890972,46830.446357605964,112.69464618319189,2.247533503267021E-18,0.20009897407837887,0.8186497239662125,9.199713927188428E-8
56050000000000.0,0.9983323179060487,0.3379936026154254,0.6058125048975707,46830.11419181092,112.69506627361258,2.247541881369503E-18,0.2000988617017037,0.8186498159633517,9.199749254685879E-8
56100000000000.0,0.998336278237118,0.33800084122664503,0.6058102624801485,46829.78276979881,112.69548516306342,2.2475502355203594E-18,0.20009874932460964,0.8186499079608444,9.199784484155016E-8
56150000000000.0,0.9983402271703371,0.33800807593610505,0.6058080185429775,46829.45208941581,112.6959028551168,2.2475585657908363E-18,0.20009863694709787,0.8186499999586891,9.199819615887423E-8
56200000000000.0,0.9983441647394022,0.33801530675463853,0.6058057730921796,46829.12214851458,112.6963193533339,2.247566872251957E-18,0.20009852456916957,0.8186500919568853,9.199854650173771E-8
56250000000000.0,0.9983480909779044,0.33802253369304286,0.6058035261338527,46828.79294495425,112.69673466126466,2.2475751549745184E-18,0.20009841219082597,0.8186501839554318,9.199889587303811E-8
56300000000000.0,0.9983520059193308,0.3380297567620793,0.6058012776740694,46828.46447660036,112.6971487824479,2.247583414029099E-18,0.20009829981206823,0.8186502759543277,9.199924427566388E-8
56350000000000.0,0.9983559095970637,0.3380369759724737,0.6057990277188787,46828.13674132492,112.69756172041129,2.247591649486052E-18,0.20009818743289753,0.8186503679535719,9.199959171249437E-8
56400000000000.0,0.9983598020443825,0.3380441913349161,0.605796776274305,46827.80973700631,112.69797347867151,2.2475998614155134E-18,0.20009807505331506,0.8186504599531637,9.199993818639995E-8
56450000000000.0,0.9983636832944625,0.33805140286006163,0.605794523346348,46827.48346152929,112.69838406073413,2.2476080498873955E-18,0.200097962673322,0.8186505519531019,9.200028370024192E-8
56500000000000.0,0.9983675533803764,0.3380586105585298,0.605792268940984,46827.15791278499,112.69879347009378,2.247616214971395E-18,0.20009785029291952,0.8186506439533855,9.200062825687267E-8
56550000000000.0,0.9983714123350943,0.33806581444090505,0.6057900130641649,46826.83308867087,112.69920171023408,2.247624356736987E-18,0.20009773791210878,0.8186507359540138,9.20009718591356E-8
56600000000000.0,0.9983752601914834,0.3380730145177369,0.6057877557218186,46826.50898709071,112.69960878462774,2.24763247525343E-18,0.20009762553089094,0.8186508279549857,9.200131450986517E-8
56650000000000.0,0.9983790969823093,0.33808021079954004,0.6057854969198496,46826.18560595458,112.70001469673662,2.2476405705897657E-18,0.2000975131492672,0.8186509199563001,9.200165621188704E-8
56700000000000.0,0.9983829227402364,0.33808740329679426,0.6057832366641382,46825.86294317886,112.70041945001174,2.24764864281482E-18,0.20009740076723867,0.8186510119579563,9.200199696801798E-8
56750000000000.0,0.9983867374978271,0.3380945920199452,0.6057809749605414,46825.54099668613,112.70082304789325,2.2476566919972015E-18,0.20009728838480653,0.8186511039599533,9.20023367810659E-8
56800000000000.0,0.9983905412875432,0.3381017769794039,0.6057787118148925,46825.21976440528,112.7012254938106,2.2476647182053054E-18,0.20009717600197194,0.8186511959622901,9.200267565382995E-8
56850000000000.0,0.9983943341417454,0.33810895818554704,0.6057764472330014,46824.89924427139,112.7016267911824,2.247672721507312E-18,0.20009706361873603,0.8186512879649658,9.200301358910054E-8
56900000000000.0,0.9983981160926948,0.338116135648717,0.6057741812206547,46824.57943422569,112.7020269434167,2.247680701971189E-18,0.20009695123509996,0.8186513799679793,9.20033505896593E-8
56950000000000.0,0.9984018871725525,0.33812330937922275,0.6057719137836156,46824.26033221566,112.70242595391082,2.2476886596646913E-18,0.20009683885106486,0.8186514719713299,9.200368665827925E-8
57000000000000.0,0.9984056474133797,0.3381304793873386,0.6057696449276243,46823.94193619489,112.70282382605144,2.2476965946553616E-18,0.20009672646663187,0.8186515639750166,9.20040217977246E-8
57050000000000.0,0.9984093968471386,0.33813764568330557,0.605767374658398,46823.624244123115,112.7032205632147,2.2477045070105322E-18,0.20009661408180215,0.8186516559790383,9.200435601075106E-8
57100000000000.0,0.9984131355056921,0.338144808277331,0.6057651029816308,46823.30725396624,112.70361616876613,2.2477123967973237E-18,0.2000965016965768,0.8186517479833944,9.20046893001056E-8
57150000000000.0,0.9984168634208048,0.3381519671795888,0.6057628299029939,46822.9909636962,112.70401064606077,2.247720264082647E-18,0.20009638931095697,0.8186518399880837,9.200502166852672E-8
57200000000000.0,0.9984205806241432,0.3381591224002193,0.6057605554281358,46822.675371291036,112.7044039984432,2.2477281089332063E-18,0.20009627692494375,0.8186519319931054,9.200535311874428E-8
57250000000000.0,0.9984242871472757,0.33816627394932974,0.6057582795626822,46822.36047473487,112.70479622924753,2.2477359314154947E-18,0.2000961645385383,0.8186520239984585,9.200568365347968E-8
57300000000000.0,0.998427983021673,0.3381734218369942,0.6057560023122364,46822.046272017855,112.70518734179747,2.2477437315957986E-18,0.20009605215174173,0.8186521160041421,9.200601327544575E-8
57350000000000.0,0.9984316682787087,0.3381805660732542,0.6057537236823788,46821.73276113614,112.70557733940636,2.2477515095401986E-18,0.20009593976455514,0.8186522080101554,9.200634198734694E-8
57400000000000.0,0.998435342949659,0.3381877066681178,0.605751443678668,46821.41994009191,112.70596622537715,2.2477592653145665E-18,0.20009582737697967,0.8186523000164974,9.200666979187914E-8
57450000000000.0,0.9984390070657044,0.33819484363156077,0.6057491623066396,46821.10780689331,112.70635400300262,2.2477669989845727E-18,0.2000957149890164,0.8186523920231672,9.200699669173E-8
57500000000000.0,0.9984426606579284,0.33820197697352605,0.6057468795718075,46820.796359554486,112.70674067556511,2.247774710615679E-18,0.20009560260066644,0.8186524840301639,9.200732268957866E-8
57550000000000.0,0.9984463037573188,0.33820910670392446,0.6057445954796632,46820.48559609551,112.70712624633687,2.247782400273145E-18,0.2000954902119309,0.8186525760374865,9.200764778809595E-8
57600000000000.0,0.9984499363947674,0.3382162328326341,0.605742310035676,46820.175514542345,112.70751071857983,2.2477900680220256E-18,0.2000953778228109,0.8186526680451344,9.200797198994432E-8
57650000000000.0,0.9984535586010715,0.338223355369501,0.6057400232452936,46819.866112926924,112.70789409554588,2.2477977139271754E-18,0.2000952654333075,0.8186527600531064,9.200829529777806E-8
57700000000000.0,0.9984571704069327,0.33823047432433934,0.6057377351139414,46819.55738928702,112.70827638047672,2.247805338053245E-18,0.2000951530434218,0.8186528520614017,9.200861771424305E-8
57750000000000.0,0.998460771842958,0.3382375897069312,0.6057354456470234,46819.24934166631,112.70865757660391,2.247812940464683E-18,0.2000950406531549,0.8186529440700193,9.2008939241977E-8
57800000000000.0,0.9984643629396601,0.33824470152702685,0.6057331548499216,46818.9419681143,112.70903768714903,2.24782052122574E-18,0.20009492826250788,0.8186530360789586,9.200925988360942E-8
57850000000000.0,0.9984679437274577,0.3382518097943446,0.6057308627279967,46818.63526668636,112.70941671532358,2.247828080400464E-18,0.2000948158714818,0.8186531280882184,9.20095796417616E-8
57900000000000.0,0.998471514236676,0.3382589145185716,0.6057285692865875,46818.329235443634,112.7097946643291,2.2478356180527056E-18,0.2000947034800778,0.8186532200977982,9.200989851904665E-8
57950000000000.0,0.9984750744975464,0.3382660157093632,0.6057262745310116,46818.0238724531,112.71017153735714,2.247843134246116E-18,0.20009459108829689,0.8186533121076967,9.201021651806967E-8
58000000000000.0,0.9984786245402071,0.3382731133763436,0.605723978466565,46817.71917578748,112.71054733758935,2.247850629044148E-18,0.20009447869614017,0.8186534041179132,9.201053364142752E-8
58050000000000.0,0.998482164394704,0.3382802075291056,0.6057216810985226,46817.41514352529,112.71092206819746,2.2478581025100575E-18,0.20009436630360872,0.8186534961284468,9.201084989170902E-8
58100000000000.0,0.9984856940909902,0.33828729817721126,0.6057193824321385,46817.11177375078,112.71129573234336,2.2478655547069037E-18,0.2000942539107036,0.8186535881392967,9.2011165271495E-8
58150000000000.0,0.9984892136589267,0.33829438533019135,0.6057170824726447,46816.809064553876,112.71166833317918,2.2478729856975515E-18,0.20009414151742586,0.818653680150462,9.201147978335827E-8
58200000000000.0,0.9984927231282824,0.3383014689975457,0.6057147812252532,46816.50701403028,112.71203987384708,2.247880395544667E-18,0.20009402912377658,0.8186537721619418,9.201179342986355E-8
58250000000000.0,0.998496222528735,0.3383085491887437,0.6057124786951549,46816.20562028134,112.71241035747964,2.2478877843107243E-18,0.2000939167297568,0.8186538641737352,9.201210621356765E-8
58300000000000.0,0.9984997118898707,0.338315625913224,0.6057101748875192,46815.90488141407,112.71277978719965,2.247895152058004E-18,0.20009380433536758,0.8186539561858414,9.201241813701955E-8
58350000000000.0,0.9985031912411854,0.33832269918039465,0.6057078698074955,46815.60479554116,112.71314816612025,2.247902498848592E-18,0.20009369194060997,0.8186540481982596,9.201272920276017E-8
58400000000000.0,0.9985066606120828,0.33832976899963346,0.605705563460212,46815.305360780934,112.71351549734476,2.247909824744381E-18,0.20009357954548504,0.8186541402109887,9.201303941332255E-8
58450000000000.0,0.9985101200318782,0.33833683538028786,0.6057032558507764,46815.0065752573,112.7138817839671,2.247917129807074E-18,0.2000934671499938,0.8186542322240281,9.201334877123203E-8
58500000000000.0,0.9985135695297954,0.33834389833167505,0.6057009469842762,46814.708437099776,112.71424702907143,2.2479244140981798E-18,0.2000933547541373,0.8186543242373769,9.201365727900591E-8
58550000000000.0,0.9985170091349689,0.3383509578630825,0.605698636865778,46814.41094444348,112.71461123573238,2.247931677679018E-18,0.20009324235791662,0.8186544162510342,9.201396493915378E-8
58600000000000.0,0.9985204388764438,0.33835801398376747,0.6056963255003285,46814.114095429075,112.7149744070151,2.247938920610719E-18,0.20009312996133274,0.8186545082649991,9.201427175417753E-8
58650000000000.0,0.9985238587831765,0.3383650667029574,0.6056940128929538,46813.81788820277,112.71533654597523,2.2479461429542225E-18,0.20009301756438672,0.8186546002792708,9.201457772657116E-8
58700000000000.0,0.9985272688840338,0.33837211602985023,0.6056916990486603,46813.5223209163,112.7156976556589,2.247953344770279E-18,0.20009290516707956,0.8186546922938486,9.201488285882103E-8
58750000000000.0,0.9985306692077941,0.3383791619736141,0.6056893839724337,46813.22739172692,112.71605773910281,2.247960526119452E-18,0.20009279276941233,0.8186547843087315,9.201518715340574E-8
58800000000000.0,0.9985340597831478,0.3383862045433877,0.60568706766924,46812.93309879736,112.71641679933428,2.2479676870621165E-18,0.20009268037138603,0.8186548763239186,9.201549061279627E-8
58850000000000.0,0.9985374406386972,0.3383932437482807,0.6056847501440252,46812.639440295854,112.71677483937128,2.247974827658462E-18,0.20009256797300168,0.8186549683394092,9.201579323945592E-8
58900000000000.0,0.998540811802957,0.33840027959737323,0.6056824314017155,46812.34641439607,112.71713186222237,2.2479819479684894E-18,0.2000924555742603,0.8186550603552024,9.201609503584038E-8
58950000000000.0,0.9985441733043544,0.3384073120997161,0.6056801114472173,46812.0540192771,112.71748787088688,2.2479890480520163E-18,0.20009234317516292,0.8186551523712975,9.201639600439774E-8
59000000000000.0,0.9985475251712295,0.33841434126433134,0.6056777902854174,46811.76225312351,112.71784286835482,2.2479961279686743E-18,0.2000922307757105,0.8186552443876935,9.201669614756852E-8
59050000000000.0,0.9985508674318356,0.3384213671002121,0.6056754679211824,46811.471114125234,112.71819685760696,2.24800318777791E-18,0.2000921183759041,0.8186553364043897,9.201699546778564E-8
59100000000000.0,0.9985542001143395,0.33842838961632277,0.6056731443593601,46811.180600477615,112.7185498416148,2.2480102275389868E-18,0.2000920059757447,0.8186554284213852,9.201729396747459E-8
59150000000000.0,0.998557523246822,0.3384354088215986,0.6056708196047786,46810.89071038134,112.7189018233408,2.2480172473109858E-18,0.20009189357523333,0.8186555204386791,9.201759164905333E-8
59200000000000.0,0.9985608368572773,0.3384424247249468,0.6056684936622467,46810.60144204248,112.71925280573808,2.248024247152803E-18,0.20009178117437096,0.8186556124562707,9.201788851493227E-8
59250000000000.0,0.9985641409736147,0.33844943733524574,0.6056661665365536,46810.31279367244,112.7196027917508,2.248031227123156E-18,0.2000916687731586,0.8186557044741593,9.201818456751451E-8
59300000000000.0,0.9985674356236577,0.33845644666134556,0.6056638382324693,46810.024763487934,112.71995178431392,2.2480381872805773E-18,0.20009155637159723,0.8186557964923439,9.20184798091956E-8
59350000000000.0,0.9985707208351445,0.33846345271206824,0.6056615087547448,46809.737349710995,112.72029978635338,2.2480451276834217E-18,0.20009144396968787,0.8186558885108236,9.201877424236381E-8
59400000000000.0,0.998573996635729,0.33847045549620736,0.6056591781081123,46809.45055056893,112.72064680078608,2.248052048389862E-18,0.20009133156743147,0.8186559805295979,9.201906786939993E-8
59450000000000.0,0.9985772630529802,0.3384774550225285,0.6056568462972848,46809.164364294345,112.72099283051993,2.248058949457892E-18,0.20009121916482905,0.8186560725486658,9.201936069267745E-8
59500000000000.0,0.998580520114383,0.33848445129976934,0.605654513326956,46808.87878912507,112.72133787845385,2.2480658309453273E-18,0.20009110676188158,0.8186561645680265,9.201965271456257E-8
59550000000000.0,0.9985837678473382,0.3384914443366398,0.6056521792018013,46808.59382330419,112.72168194747783,2.248072692909804E-18,0.20009099435859004,0.8186562565876792,9.201994393741416E-8
59600000000000.0,0.9985870062791626,0.3384984341418218,0.6056498439264768,46808.30946508,112.7220250404729,2.24807953540878E-18,0.2000908819549554,0.8186563486076232,9.202023436358375E-8
59650000000000.0,0.9985902354370902,0.3385054207239698,0.6056475075056205,46808.025712706025,112.72236716031128,2.2480863584995385E-18,0.20009076955097863,0.8186564406278575,9.20205239954157E-8
59700000000000.0,0.9985934553482715,0.33851240409171085,0.6056451699438513,46807.74256444096,112.72270830985627,2.2480931622391837E-18,0.2000906571466607,0.8186565326483815,9.202081283524718E-8
59750000000000.0,0.9985966660397743,0.3385193842536444,0.6056428312457699,46807.460018548656,112.72304849196246,2.2480999466846454E-18,0.20009054474200258,0.8186566246691943,9.202110088540809E-8
59800000000000.0,0.9985998675385834,0.3385263612183425,0.6056404914159583,46807.17807329818,112.72338770947549,2.2481067118926763E-18,0.20009043233700524,0.8186567166902952,9.20213881482211E-8
59850000000000.0,0.998603059871602,0.33853333499435007,0.6056381504589803,46806.89672696366,112.72372596523238,2.2481134579198574E-18,0.20009031993166965,0.8186568087116833,9.202167462600192E-8
59900000000000.0,0.9986062430656502,0.338540305590185,0.6056358083793811,46806.61597782443,112.72406326206128,2.248120184822591E-18,0.20009020752599674,0.818656900733358,9.20219603210589E-8
59950000000000.0,0.9986094171474669,0.3385472730143379,0.6056334651816881,46806.33582416488,112.72439960278172,2.2481268926571092E-18,0.2000900951199875,0.8186569927553183,9.202224523569337E-8
60000000000000.0,0.9986125821437098,0.33855423727527273,0.6056311208704102,46806.05626427451,112.72473499020457,2.248133581479471E-18,0.20008998271364287,0.8186570847775635,9.202252937219971E-8
60050000000000.0,0.998615738080955,0.3385611983814264,0.6056287754500382,46805.77729644787,112.72506942713197,2.248140251345561E-18,0.2000898703069638,0.8186571768000929,9.202281273286505E-8
60100000000000.0,0.9986188849856972,0.3385681563412093,0.605626428925045,46805.49891898461,112.7254029163575,2.248146902311092E-18,0.20008975789995123,0.8186572688229057,9.202309531996953E-8
60150000000000.0,0.9986220228843505,0.33857511116300504,0.6056240812998857,46805.22113018943,112.7257354606661,2.2481535344316077E-18,0.2000896454926061,0.8186573608460009,9.202337713578636E-8
60200000000000.0,0.9986251518032491,0.33858206285517084,0.6056217325789969,46804.943928372006,112.72606706283418,2.2481601477624775E-18,0.20008953308492938,0.8186574528693781,9.202365818258165E-8
60250000000000.0,0.9986282717686469,0.33858901142603715,0.605619382766798,46804.66731184707,112.72639772562964,2.248166742358905E-18,0.200089420676922,0.8186575448930362,9.202393846261466E-8
60300000000000.0,0.9986313828067169,0.3385959568839087,0.6056170318676909,46804.39127893436,112.7267274518118,2.2481733182759195E-18,0.2000893082685849,0.8186576369169747,9.202421797813759E-8
60350000000000.0,0.9986344849435538,0.3386028992370634,0.6056146798860589,46804.11582795856,112.72705624413159,2.2481798755683856E-18,0.200089195859919,0.8186577289411927,9.202449673139583E-8
60400000000000.0,0.9986375782051718,0.33860983849375326,0.6056123268262683,46803.84095724933,112.72738410533138,2.2481864142909946E-18,0.20008908345092521,0.8186578209656894,9.202477472462773E-8
60450000000000.0,0.9986406626175067,0.3386167746622043,0.605609972692668,46803.5666651413,112.72771103814526,2.2481929344982752E-18,0.2000889710416045,0.8186579129904642,9.202505196006495E-8
60500000000000.0,0.9986437382064148,0.3386237077506165,0.6056076174895891,46803.292949974035,112.72803704529879,2.2481994362445844E-18,0.20008885863195777,0.8186580050155161,9.202532843993216E-8
60550000000000.0,0.9986468049976742,0.33863063776716407,0.6056052612213456,46803.019810092,112.72836212950922,2.2482059195841135E-18,0.20008874622198597,0.8186580970408446,9.202560416644721E-8
60600000000000.0,0.9986498630169846,0.33863756471999545,0.605602903892234,46802.74724384458,112.7286862934855,2.248212384570889E-18,0.20008863381168998,0.8186581890664487,9.202587914182123E-8
60650000000000.0,0.9986529122899671,0.33864448861723345,0.605600545506534,46802.47524958602,112.72900953992821,2.2482188312587698E-18,0.20008852140107075,0.8186582810923279,9.202615336825852E-8
60700000000000.0,0.998655952842165,0.33865140946697514,0.6055981860685072,46802.203825675504,112.72933187152961,2.2482252597014496E-18,0.2000884089901292,0.8186583731184812,9.202642684795652E-8
60750000000000.0,0.9986589846990449,0.3386583272772923,0.605595825582399,46801.93297047701,112.72965329097384,2.2482316699524597E-18,0.2000882965788662,0.818658465144908,9.202669958310612E-8
60800000000000.0,0.998662007885995,0.3386652420562313,0.6055934640524372,46801.6626823594,112.72997380093668,2.248238062065164E-18,0.20008818416728272,0.8186585571716076,9.202697157589134E-8
60850000000000.0,0.9986650224283271,0.3386721538118132,0.605591101482833,46801.39295969632,112.73029340408578,2.248244436092766E-18,0.20008807175537963,0.8186586491985792,9.202724282848958E-8
60900000000000.0,0.9986680283512755,0.3386790625520339,0.6055887378777807,46801.123800866284,112.7306121030806,2.2482507920883042E-18,0.20008795934315782,0.818658741225822,9.202751334307157E-8
60950000000000.0,0.9986710256799983,0.3386859682848642,0.6055863732414573,46800.85520425258,112.7309299005724,2.2482571301046543E-18,0.2000878469306182,0.8186588332533354,9.202778312180132E-8
61000000000000.0,0.9986740144395767,0.33869287101824985,0.6055840075780236,46800.587168243284,112.73124679920434,2.2482634501945306E-18,0.2000877345177617,0.8186589252811185,9.202805216683625E-8
61050000000000.0,0.9986769946550168,0.33869977076011165,0.6055816408916235,46800.31969123121,112.73156280161156,2.2482697524104865E-18,0.2000876221045892,0.8186590173091707,9.20283204803272E-8
61100000000000.0,0.998679966351248,0.33870666751834577,0.6055792731863843,46800.052771614,112.73187791042105,2.248276036804914E-18,0.20008750969110156,0.8186591093374912,9.202858806441843E-8
61150000000000.0,0.9986829295531243,0.33871356130082336,0.6055769044664165,46799.786407793945,112.73219212825178,2.248282303430045E-18,0.2000873972772997,0.8186592013660793,9.202885492124752E-8
61200000000000.0,0.9986858842854246,0.33872045211539126,0.6055745347358147,46799.52059817812,112.73250545771474,2.2482885523379517E-18,0.20008728486318453,0.8186592933949342,9.202912105294574E-8
61250000000000.0,0.9986888305728521,0.3387273399698714,0.6055721639986563,46799.25534117831,112.73281790141283,2.248294783580545E-18,0.2000871724487569,0.8186593854240553,9.202938646163756E-8
61300000000000.0,0.9986917684400356,0.3387342248720615,0.605569792259003,46798.99063521095,112.73312946194112,2.24830099720958E-18,0.20008706003401772,0.8186594774534417,9.202965114944114E-8
61350000000000.0,0.9986946979115294,0.3387411068297348,0.6055674195208997,46798.726478697194,112.73344014188667,2.2483071932766524E-18,0.20008694761896786,0.8186595694830928,9.202991511846817E-8
61400000000000.0,0.9986976190118128,0.3387479858506404,0.6055650457883753,46798.46287006287,112.73374994382863,2.248313371833199E-18,0.2000868352036082,0.818659661513008,9.203017837082373E-8
61450000000000.0,0.9987005317652913,0.33875486194250304,0.6055626710654429,46798.19980773843,112.73405887033826,2.2483195329304996E-18,0.20008672278793962,0.8186597535431863,9.203044090860657E-8
61500000000000.0,0.9987034361962964,0.33876173511302327,0.6055602953560989,46797.93729015896,112.73436692397897,2.2483256766196786E-18,0.200086610371963,0.8186598455736273,9.203070273390907E-8
61550000000000.0,0.9987063323290863,0.3387686053698779,0.6055579186643238,46797.675315764194,112.73467410730639,2.2483318029517044E-18,0.20008649795567915,0.81865993760433,9.203096384881713E-8
61600000000000.0,0.9987092201878451,0.33877547272071956,0.6055555409940827,46797.41388299847,112.73498042286826,2.2483379119773873E-18,0.200086385539089,0.8186600296352938,9.20312242554103E-8
61650000000000.0,0.9987120997966844,0.3387823371731772,0.6055531623493239,46797.15299031071,112.73528587320459,2.2483440037473846E-18,0.2000862731221934,0.818660121666518,9.203148395576179E-8
61700000000000.0,0.9987149711796424,0.3387891987348557,0.6055507827339806,46796.8926361544,112.73559046084762,2.2483500783121985E-18,0.20008616070499322,0.818660213698002,9.203174295193852E-8
61750000000000.0,0.9987178343606844,0.33879605741333674,0.6055484021519696,46796.63281898764,112.73589418832184,2.248356135722176E-18,0.2000860482874893,0.818660305729745,9.203200124600099E-8
61800000000000.0,0.998720689363704,0.338802913216178,0.6055460206071925,46796.37353727301,112.73619705814407,2.248362176027511E-18,0.2000859358696825,0.8186603977617463,9.203225884000352E-8
61850000000000.0,0.9987235362125214,0.33880976615091396,0.6055436381035353,46796.11478947771,112.73649907282342,2.248368199278245E-18,0.20008582345157372,0.8186604897940051,9.20325157359941E-8
61900000000000.0,0.9987263749308861,0.33881661622505543,0.6055412546448679,46795.85657407341,112.73680023486139,2.248374205524266E-18,0.20008571103316375,0.8186605818265208,9.203277193601453E-8
61950000000000.0,0.9987292055424744,0.3388234634460899,0.605538870235045,46795.598889536304,112.73710054675172,2.2483801948153085E-18,0.20008559861445346,0.8186606738592928,9.203302744210022E-8
62000000000000.0,0.9987320280708918,0.33883030782148177,0.605536484877906,46795.34173434707,112.7374000109807,2.2483861672009584E-18,0.20008548619544372,0.8186607658923202,9.203328225628061E-8
62050000000000.0,0.9987348425396728,0.33883714935867226,0.6055340985772747,46795.08510699089,112.73769863002701,2.2483921227306487E-18,0.20008537377613536,0.8186608579256024,9.203353638057882E-8
62100000000000.0,0.9987376489722803,0.3388439880650793,0.6055317113369593,46794.82900595738,112.73799640636172,2.2483980614536617E-18,0.20008526135652924,0.8186609499591389,9.203378981701181E-8
62150000000000.0,0.9987404473921067,0.338850823948098,0.6055293231607533,46794.573429740645,112.73829334244837,2.2484039834191294E-18,0.20008514893662616,0.8186610419929287,9.20340425675904E-8
62200000000000.0,0.9987432378224731,0.3388576570151005,0.6055269340524344,46794.318376839205,112.73858944074306,2.2484098886760346E-18,0.20008503651642698,0.8186611340269712,9.20342946343193E-8
62250000000000.0,0.9987460202866313,0.3388644872734363,0.6055245440157656,46794.06384575603,112.73888470369437,2.2484157772732114E-18,0.20008492409593254,0.8186612260612659,9.203454601919711E-8
62300000000000.0,0.9987487948077616,0.3388713147304317,0.6055221530544946,46793.80983499848,112.73917913374335,2.248421649259343E-18,0.20008481167514366,0.8186613180958119,9.203479672421628E-8
62350000000000.0,0.9987515614089755,0.33887813939339057,0.6055197611723542,46793.55634307832,112.73947273332377,2.2484275046829664E-18,0.2000846992540612,0.8186614101306086,9.203504675136331E-8
62400000000000.0,0.9987543201133139,0.3388849612695942,0.6055173683730618,46793.3033685117,112.73976550486184,2.2484333435924703E-18,0.20008458683268596,0.8186615021656554,9.203529610261855E-8
62450000000000.0,0.9987570709437487,0.3388917803663014,0.6055149746603207,46793.05090981916,112.74005745077649,2.248439166036096E-18,0.2000844744110188,0.8186615942009514,9.20355447799564E-8
62500000000000.0,0.9987598139231822,0.3388985966907485,0.6055125800378185,46792.79896552556,112.74034857347922,2.2484449720619374E-18,0.2000843619890605,0.8186616862364963,9.203579278534516E-8
62550000000000.0,0.9987625490744483,0.3389054102501494,0.6055101845092287,46792.547534160134,112.74063887537427,2.2484507617179442E-18,0.2000842495668119,0.818661778272289,9.203604012074726E-8
62600000000000.0,0.9987652764203111,0.3389122210516959,0.6055077880782097,46792.296614256455,112.74092835885847,2.248456535051917E-18,0.2000841371442738,0.8186618703083292,9.203628678811904E-8
62650000000000.0,0.9987679959834665,0.33891902910255745,0.6055053907484053,46792.04620435238,112.74121702632141,2.2484622921115132E-18,0.20008402472144707,0.8186619623446159,9.203653278941097E-8
62700000000000.0,0.9987707077865425,0.3389258344098815,0.6055029925234445,46791.796302990115,112.74150488014546,2.248468032944246E-18,0.20008391229833247,0.8186620543811487,9.203677812656757E-8
62750000000000.0,0.9987734118520987,0.3389326369807934,0.6055005934069421,46791.546908716104,112.7417919227057,2.2484737575974825E-18,0.20008379987493083,0.8186621464179268,9.203702280152748E-8
62800000000000.0,0.9987761082026262,0.33893943682239647,0.6054981934024982,46791.29802008111,112.74207815636998,2.248479466118446E-18,0.20008368745124294,0.8186622384549497,9.203726681622339E-8
62850000000000.0,0.9987787968605487,0.3389462339417722,0.6054957925136984,46791.04963564015,112.74236358349897,2.2484851585542172E-18,0.20008357502726964,0.8186623304922165,9.20375101725821E-8
62900000000000.0,0.9987814778482226,0.3389530283459804,0.6054933907441141,46790.80175395249,112.74264820644619,2.2484908349517332E-18,0.2000834626030117,0.8186624225297267,9.203775287252469E-8
62950000000000.0,0.9987841511879365,0.338959820042059,0.6054909880973026,46790.55437358164,112.74293202755797,2.2484964953577887E-18,0.20008335017846995,0.8186625145674795,9.203799491796624E-8
63000000000000.0,0.9987868169019124,0.33896660903702436,0.6054885845768062,46790.30749309532,112.74321504917353,2.2485021398190355E-18,0.2000832377536452,0.8186626066054744,9.203823631081611E-8
63050000000000.0,0.9987894750123051,0.338973395337871,0.6054861801861536,46790.06111106549,112.743497273625,2.2485077683819853E-18,0.2000831253285382,0.8186626986437107,9.203847705297785E-8
63100000000000.0,0.9987921255412032,0.33898017895157273,0.6054837749288592,46789.815226068284,112.74377870323744,2.2485133810930074E-18,0.20008301290314978,0.8186627906821877,9.203871714634924E-8
63150000000000.0,0.998794768510628,0.33898695988508104,0.6054813688084232,46789.569836684044,112.7440593403288,2.2485189779983304E-18,0.20008290047748073,0.8186628827209049,9.203895659282223E-8
63200000000000.0,0.9987974039425354,0.3389937381453265,0.6054789618283322,46789.32494149727,112.74433918721006,2.2485245591440433E-18,0.20008278805153182,0.8186629747598615,9.20391953942831E-8
63250000000000.0,0.9988000318588153,0.3390005137392184,0.6054765539920581,46789.08053909661,112.7446182461852,2.2485301245760956E-18,0.20008267562530385,0.8186630667990569,9.203943355261249E-8
63300000000000.0,0.998802652281291,0.33900728667364455,0.6054741453030594,46788.836628074896,112.74489651955113,2.2485356743402965E-18,0.20008256319879764,0.8186631588384905,9.203967106968512E-8
63350000000000.0,0.9988052652317211,0.339014056955472,0.6054717357647806,46788.593207029066,112.74517400959789,2.2485412084823167E-18,0.20008245077201392,0.8186632508781615,9.203990794737021E-8
63400000000000.0,0.9988078707317981,0.3390208245915469,0.6054693253806525,46788.3502745602,112.74545071860848,2.2485467270476882E-18,0.2000823383449535,0.8186633429180694,9.204014418753126E-8
63450000000000.0,0.9988104688031499,0.3390275895886939,0.6054669141540919,46788.10782927347,112.74572664885909,2.2485522300818056E-18,0.20008222591761715,0.8186634349582137,9.204037979202607E-8
63500000000000.0,0.9988130594673386,0.3390343519537171,0.6054645020885021,46787.86586977818,112.74600180261885,2.248557717629924E-18,0.20008211349000565,0.8186635269985935,9.204061476270683E-8
63550000000000.0,0.9988156427458627,0.33904111169339957,0.6054620891872727,46787.62439468766,112.74627618215021,2.2485631897371647E-18,0.20008200106211976,0.8186636190392083,9.20408491014202E-8
63600000000000.0,0.9988182186601551,0.33904786881450377,0.6054596754537798,46787.383402619365,112.74654978970864,2.2485686464485092E-18,0.2000818886339603,0.8186637110800573,9.204108281000712E-8
63650000000000.0,0.9988207872315853,0.3390546233237717,0.6054572608913855,46787.142892194795,112.74682262754283,2.248574087808805E-18,0.20008177620552797,0.8186638031211401,9.20413158903031E-8
63700000000000.0,0.9988233484814576,0.3390613752279242,0.6054548455034392,46786.90286203948,112.74709469789462,2.2485795138627626E-18,0.20008166377682357,0.818663895162456,9.204154834413796E-8
63750000000000.0,0.9988259024310131,0.3390681245336621,0.6054524292932763,46786.66331078302,112.74736600299909,2.2485849246549567E-18,0.20008155134784789,0.8186639872040044,9.204178017333602E-8
63800000000000.0,0.9988284491014292,0.33907487124766544,0.6054500122642189,46786.424237058985,112.74763654508457,2.2485903202298288E-18,0.20008143891860164,0.8186640792457845,9.204201137971613E-8
63850000000000.0,0.9988309885138192,0.3390816153765943,0.605447594419576,46786.18563950502,112.74790632637263,2.2485957006316847E-18,0.20008132648908564,0.8186641712877959,9.204224196509158E-8
63900000000000.0,0.9988335206892341,0.33908835692708783,0.6054451757626432,46785.94751676269,112.74817534907812,2.2486010659046964E-18,0.2000812140593006,0.8186642633300378,9.204247193127023E-8
63950000000000.0,0.9988360456486599,0.33909509590576525,0.6054427562967029,46785.70986747764,112.74844361540912,2.2486064160929007E-18,0.2000811016292473,0.8186643553725098,9.204270128005432E-8
64000000000000.0,0.9988385634130218,0.33910183231922564,0.6054403360250245,46785.47269029941,112.74871112756716,2.2486117512402047E-18,0.2000809891989265,0.818664447415211,9.204293001324087E-8
64050000000000.0,0.9988410740031809,0.33910856617404805,0.6054379149508637,46785.23598388152,112.74897788774703,2.2486170713903796E-18,0.20008087676833894,0.8186645394581411,9.204315813262126E-8
64100000000000.0,0.9988435774399363,0.33911529747679126,0.605435493077464,46784.999746881454,112.74924389813691,2.2486223765870654E-18,0.20008076433748537,0.8186646315012992,9.20433856399816E-8
64150000000000.0,0.9988460737440249,0.33912202623399407,0.6054330704080553,46784.763977960654,112.74950916091836,2.248627666873771E-18,0.20008065190636654,0.8186647235446849,9.204361253710252E-8
64200000000000.0,0.9988485629361211,0.3391287524521757,0.6054306469458549,46784.52867578441,112.74977367826637,2.2486329422938728E-18,0.2000805394749832,0.8186648155882974,9.204383882575929E-8
64250000000000.0,0.9988510450368374,0.3391354761378351,0.6054282226940669,46784.29383902202,112.75003745234928,2.2486382028906157E-18,0.2000804270433361,0.8186649076321362,9.204406450772184E-8
64300000000000.0,0.9988535200667249,0.3391421972974521,0.6054257976558829,46784.05946634662,112.750300485329,2.2486434487071154E-18,0.20008031461142595,0.8186649996762008,9.20442895847547E-8
64350000000000.0,0.9988559880462727,0.3391489159374862,0.6054233718344812,46783.825556435244,112.7505627793608,2.248648679786356E-18,0.2000802021792535,0.8186650917204903,9.204451405861711E-8
64400000000000.0,0.998858448995909,0.33915563206437754,0.6054209452330279,46783.59210796882,112.75082433659351,2.2486538961711926E-18,0.2000800897468195,0.8186651837650044,9.2044737931063E-8
64450000000000.0,0.9988609029360006,0.3391623456845467,0.6054185178546762,46783.359119632136,112.75108515916942,2.2486590979043508E-18,0.2000799773141247,0.8186652758097424,9.204496120384097E-8
64500000000000.0,0.9988633498868534,0.33916905680439485,0.6054160897025664,46783.126590113825,112.75134524922443,2.248664285028427E-18,0.2000798648811698,0.8186653678547036,9.20451838786944E-8
64550000000000.0,0.9988657898687124,0.3391757654303035,0.6054136607798266,46782.894518106375,112.75160460888789,2.248669457585889E-18,0.20007975244795556,0.8186654598998874,9.204540595736133E-8
64600000000000.0,0.9988682229017626,0.33918247156863496,0.6054112310895723,46782.66290230609,112.75186324028283,2.248674615619077E-18,0.20007964001448267,0.8186655519452933,9.204562744157465E-8
64650000000000.0,0.9988706490061274,0.33918917522573244,0.6054088006349064,46782.43174141311,112.75212114552576,2.248679759170202E-18,0.2000795275807519,0.8186656439909208,9.204584833306191E-8
64700000000000.0,0.9988730682018716,0.3391958764079198,0.6054063694189195,46782.201034131336,112.75237832672696,2.24868488828135E-18,0.20007941514676394,0.8186657360367692,9.204606863354556E-8
64750000000000.0,0.9988754805089989,0.3392025751215015,0.6054039374446896,46781.97077916853,112.75263478599021,2.248690002994479E-18,0.20007930271251953,0.8186658280828377,9.204628834474282E-8
64800000000000.0,0.9988778859474533,0.33920927137276297,0.6054015047152823,46781.7409752362,112.75289052541295,2.2486951033514185E-18,0.20007919027801938,0.8186659201291261,9.204650746836564E-8
64850000000000.0,0.99888028453712,0.33921596516797115,0.6053990712337515,46781.51162104962,112.75314554708643,2.248700189393876E-18,0.2000790778432642,0.8186660121756336,9.204672600612098E-8
64900000000000.0,0.9988826762978236,0.3392226565133734,0.6053966370031381,46781.282715327834,112.75339985309546,2.24870526116343E-18,0.20007896540825473,0.8186661042223596,9.204694395971052E-8
64950000000000.0,0.9988850612493303,0.33922934541519856,0.6053942020264714,46781.05425679364,112.75365344551861,2.248710318701534E-18,0.2000788529729917,0.8186661962693035,9.204716133083085E-8
65000000000000.0,0.998887439411347,0.33923603187965645,0.6053917663067683,46780.826244173564,112.7539063264282,2.2487153620495176E-18,0.20007874053747576,0.8186662883164648,9.204737812117343E-8
65050000000000.0,0.9988898108035215,0.339242715912938,0.6053893298470334,46780.59867619788,112.75415849789029,2.2487203912485865E-18,0.20007862810170765,0.818666380363843,9.204759433242471E-8
65100000000000.0,0.9988921754454434,0.3392493975212158,0.6053868926502597,46780.37155160053,112.75440996196474,2.2487254063398206E-18,0.2000785156656881,0.8186664724114373,9.204780996626596E-8
65150000000000.0,0.9988945333566435,0.33925607671064373,0.6053844547194278,46780.14486911921,112.75466072070519,2.2487304073641767E-18,0.20007840322941778,0.8186665644592472,9.204802502437343E-8
65200000000000.0,0.9988968845565941,0.33926275348735685,0.6053820160575069,46779.91862749529,112.7549107761591,2.2487353943624893E-18,0.2000782907928974,0.8186666565072723,9.204823950841833E-8
65250000000000.0,0.9988992290647101,0.33926942785747194,0.6053795766674536,46779.6928254738,112.75516013036776,2.2487403673754683E-18,0.20007817835612768,0.8186667485555118,9.20484534200668E-8
65300000000000.0,0.9989015669003476,0.33927609982708734,0.6053771365522135,46779.467461803455,112.75540878536633,2.2487453264437025E-18,0.20007806591910932,0.8186668406039652,9.204866676098005E-8
65350000000000.0,0.9989038980828054,0.33928276940228286,0.6053746957147194,46779.24253523664,112.75565674318383,2.2487502716076578E-18,0.20007795348184299,0.818666932652632,9.20488795328142E-8
65400000000000.0,0.9989062226313248,0.3392894365891203,0.605372254157893,46779.01804452937,112.7559040058432,2.248755202907678E-18,0.2000778410443294,0.8186670247015115,9.20490917372204E-8
65450000000000.0,0.9989085405650895,0.33929610139364275,0.6053698118846443,46778.79398844133,112.75615057536127,2.2487601203839873E-18,0.20007772860656925,0.8186671167506033,9.204930337584488E-8
65500000000000.0,0.9989108519032259,0.33930276382187535,0.6053673688978715,46778.570365735766,112.75639645374883,2.2487650240766866E-18,0.20007761616856323,0.8186672087999066,9.204951445032891E-8
65550000000000.0,0.9989131566648038,0.3393094238798253,0.605364925200461,46778.34717517957,112.75664164301058,2.2487699140257577E-18,0.20007750373031202,0.8186673008494211,9.204972496230878E-8
65600000000000.0,0.9989154548688363,0.3393160815734813,0.6053624807952879,46778.12441554327,112.7568861451453,2.2487747902710633E-18,0.20007739129181631,0.818667392899146,9.204993491341601E-8
65650000000000.0,0.9989177465342783,0.33932273690881465,0.6053600356852157,46777.90208560095,112.75712996214557,2.248779652852342E-18,0.2000772788530768,0.818667484949081,9.205014430527691E-8
65700000000000.0,0.9989200316800302,0.339329389891778,0.6053575898730964,46777.68018413028,112.75737309599818,2.2487845018092184E-18,0.20007716641409415,0.8186675769992253,9.205035313951323E-8
65750000000000.0,0.9989223103249346,0.3393360405283066,0.6053551433617707,46777.4587099125,112.75761554868379,2.248789337181193E-18,0.20007705397486905,0.8186676690495784,9.20505614177416E-8
65800000000000.0,0.9989245824877793,0.3393426888243179,0.6053526961540676,46777.23766173241,112.75785732217729,2.248794159007653E-18,0.2000769415354022,0.8186677611001398,9.205076914157406E-8
65850000000000.0,0.9989268481872947,0.3393493347857112,0.6053502482528054,46777.01703837837,112.75809841844745,2.248798967327862E-18,0.20007682909569424,0.8186678531509091,9.205097631261751E-8
65900000000000.0,0.9989291074421563,0.33935597841836856,0.6053477996607902,46776.79683864225,112.75833883945722,2.248803762180969E-18,0.20007671665574586,0.8186679452018853,9.205118293247421E-8
65950000000000.0,0.9989313602709841,0.33936261972815396,0.6053453503808175,46776.57706131948,112.75857858716365,2.2488085436060033E-18,0.20007660421555776,0.8186680372530682,9.205138900274154E-8
66000000000000.0,0.9989336066923418,0.3393692587209142,0.6053429004156714,46776.357705209,112.7588176635179,2.2488133116418793E-18,0.20007649177513057,0.8186681293044573,9.205159452501212E-8
66050000000000.0,0.998935846724739,0.3393758954024782,0.605340449768125,46776.138769113226,112.75905607046535,2.248818066327394E-18,0.20007637933446498,0.8186682213560518,9.205179950087382E-8
66100000000000.0,0.9989380803866296,0.33938252977865757,0.60533799844094,46775.92025183809,112.75929380994542,2.2488228077012267E-18,0.20007626689356167,0.8186683134078513,9.205200393190965E-8
66150000000000.0,0.9989403076964122,0.33938916185524665,0.6053355464368675,46775.70215219302,112.75953088389177,2.2488275358019414E-18,0.20007615445242127,0.8186684054598552,9.205220781969793E-8
66200000000000.0,0.9989425286724309,0.33939579163802236,0.6053330937586472,46775.484468990915,112.75976729423223,2.2488322506679864E-18,0.20007604201104448,0.818668497512063,9.205241116581225E-8
66250000000000.0,0.9989447433329758,0.3394024191327442,0.6053306404090077,46775.26720104812,112.76000304288888,2.248836952337694E-18,0.20007592956943196,0.8186685895644742,9.205261397182142E-8
66300000000000.0,0.9989469516962826,0.3394090443451547,0.6053281863906672,46775.05034718442,112.76023813177811,2.248841640849284E-18,0.20007581712758435,0.8186686816170882,9.205281623928968E-8
66350000000000.0,0.9989491537805315,0.33941566728097883,0.6053257317063325,46774.83390622308,112.7604725628104,2.248846316240859E-18,0.20007570468550231,0.8186687736699044,9.205301796977647E-8
66400000000000.0,0.99895134960385,0.33942228794592477,0.6053232763586998,46774.6178769908,112.7607063378906,2.2488509785504075E-18,0.2000755922431865,0.8186688657229224,9.205321916483651E-8
66450000000000.0,0.998953539184311,0.33942890634568346,0.6053208203504544,46774.40225831765,112.76093945891782,2.248855627815805E-18,0.20007547980063756,0.8186689577761416,9.205341982601996E-8
66500000000000.0,0.998955722539934,0.33943552248592906,0.6053183636842709,46774.18704903715,112.76117192778551,2.2488602640748137E-18,0.20007536735785617,0.8186690498295613,9.205361995487232E-8
66550000000000.0,0.9989578996886851,0.33944213637231874,0.6053159063628132,46773.97224798622,112.76140374638146,2.2488648873650827E-18,0.20007525491484296,0.8186691418831813,9.205381955293443E-8
66600000000000.0,0.9989600706484764,0.3394487480104925,0.6053134483887344,46773.757854005155,112.76163491658772,2.2488694977241474E-18,0.2000751424715986,0.8186692339370009,9.205401862174255E-8
66650000000000.0,0.9989622354371672,0.3394553574060739,0.6053109897646772,46773.543865937645,112.76186544028079,2.2488740951894307E-18,0.2000750300281237,0.8186693259910195,9.205421716282826E-8
66700000000000.0,0.9989643940725638,0.3394619645646694,0.6053085304932735,46773.33028263074,112.76209531933148,2.2488786797982442E-18,0.20007491758441895,0.8186694180452366,9.205441517771862E-8
66750000000000.0,0.9989665465724196,0.33946856949186915,0.605306070577145,46773.117102934855,112.76232455560508,2.248883251587788E-18,0.20007480514048495,0.8186695100996518,9.205461266793614E-8
66800000000000.0,0.998968692954435,0.33947517219324624,0.6053036100189026,46772.90432570375,112.76255315096124,2.2488878105951504E-18,0.20007469269632236,0.8186696021542645,9.205480963499873E-8
66850000000000.0,0.998970833236258,0.33948177267435736,0.6053011488211466,46772.69194979454,112.762781107254,2.248892356857308E-18,0.20007458025193184,0.8186696942090742,9.20550060804197E-8
66900000000000.0,0.9989729674354847,0.33948837094074247,0.6052986869864672,46772.479974067646,112.76300842633198,2.2488968904111275E-18,0.200074467807314,0.8186697862640803,9.205520200570797E-8
66950000000000.0,0.9989750955696584,0.3394949669979255,0.605296224517444,46772.2683973868,112.76323511003818,2.2489014112933667E-18,0.20007435536246948,0.8186698783192823,9.205539741236786E-8
67000000000000.0,0.9989772176562703,0.3395015608514132,0.6052937614166466,46772.05721861907,112.7634611602101,2.2489059195406703E-18,0.20007424291739892,0.8186699703746797,9.205559230189917E-8
67050000000000.0,0.99897933371276,0.33950815250669675,0.6052912976866338,46771.846436634834,112.76368657867971,2.248910415189575E-18,0.20007413047210296,0.818670062430272,9.205578667579725E-8
67100000000000.0,0.998981443756515,0.33951474196925036,0.6052888333299545,46771.63605030772,112.76391136727352,2.2489148982765084E-18,0.2000740180265822,0.8186701544860586,9.205598053555296E-8
67150000000000.0,0.9989835478048715,0.3395213292445324,0.6052863683491474,46771.42605851467,112.76413552781263,2.2489193688377888E-18,0.2000739055808373,0.8186702465420391,9.205617388265269E-8
67200000000000.0,0.9989856458751143,0.3395279143379848,0.6052839027467409,46771.21646013588,112.7643590621126,2.2489238269096257E-18,0.20007379313486884,0.818670338598213,9.205636671857845E-8
67250000000000.0,0.9989877379844773,0.3395344972550333,0.6052814365252533,46771.007254054784,112.7645819719837,2.2489282725281223E-18,0.20007368068867748,0.8186704306545798,9.205655904480777E-8
67300000000000.0,0.9989898241501426,0.3395410780010878,0.6052789696871929,46770.79843915809,112.76480425923069,2.248932705729271E-18,0.20007356824226386,0.8186705227111388,9.205675086281376E-8
67350000000000.0,0.9989919043892413,0.33954765658154185,0.6052765022350577,46770.590014335765,112.76502592565289,2.2489371265489582E-18,0.20007345579562857,0.8186706147678897,9.205694217406513E-8
67400000000000.0,0.9989939787188544,0.3395542330017731,0.6052740341713361,46770.38197848098,112.76524697304434,2.2489415350229623E-18,0.20007334334877225,0.8186707068248319,9.205713298002619E-8
67450000000000.0,0.9989960471560122,0.33956080726714327,0.6052715654985062,46770.17433049011,112.76546740319371,2.248945931186956E-18,0.2000732309016955,0.8186707988819648,9.205732328215695E-8
67500000000000.0,0.998998109717694,0.33956737938299825,0.6052690962190364,46769.967069262784,112.76568721788429,2.2489503150765043E-18,0.20007311845439893,0.8186708909392881,9.205751308191295E-8
67550000000000.0,0.9990001664208294,0.3395739493546679,0.6052666263353849,46769.760193701775,112.76590641889408,2.2489546867270675E-18,0.2000730060068832,0.8186709829968012,9.20577023807455E-8
67600000000000.0,0.999002217282297,0.3395805171874664,0.6052641558500005,46769.55370271313,112.76612500799567,2.2489590461739972E-18,0.20007289355914884,0.8186710750545035,9.205789118010144E-8
67650000000000.0,0.9990042623189269,0.3395870828866922,0.6052616847653218,46769.34759520599,112.76634298695659,2.2489633934525437E-18,0.20007278111119653,0.8186711671123947,9.205807948142347E-8
67700000000000.0,0.9990063015474978,0.33959364645762813,0.6052592130837781,46769.14187009272,112.76656035753881,2.2489677285978474E-18,0.20007266866302686,0.8186712591704742,9.205826728614977E-8
67750000000000.0,0.9990083349847391,0.33960020790554135,0.605256740807788,46768.936526288824,112.76677712149917,2.248972051644946E-18,0.20007255621464043,0.8186713512287416,9.205845459571435E-8
67800000000000.0,0.9990103626473316,0.3396067672356831,0.6052542679397617,46768.73156271298,112.76699328058936,2.2489763626287747E-18,0.20007244376603783,0.8186714432871961,9.205864141154701E-8
67850000000000.0,0.9990123845519054,0.33961332445328973,0.6052517944820988,46768.526978287,112.76720883655568,2.24898066158416E-18,0.20007233131721971,0.8186715353458376,9.205882773507307E-8
67900000000000.0,0.9990144007150425,0.3396198795635816,0.6052493204371896,46768.32277193581,112.76742379113934,2.248984948545829E-18,0.20007221886818663,0.8186716274046653,9.205901356771387E-8
67950000000000.0,0.9990164111532753,0.33962643257176384,0.6052468458074153,46768.11894258751,112.76763814607627,2.248989223548401E-18,0.20007210641893922,0.8186717194636789,9.205919891088623E-8
68000000000000.0,0.9990184158830874,0.3396329834830262,0.6052443705951465,46767.91548917325,112.7678519030973,2.2489934866263962E-18,0.20007199396947803,0.8186718115228777,9.2059383766003E-8
68050000000000.0,0.9990204149209136,0.33963953230254307,0.6052418948027452,46767.71241062733,112.76806506392805,2.2489977378142295E-18,0.2000718815198037,0.8186719035822615,9.205956813447267E-8
68100000000000.0,0.9990224082831404,0.3396460790354736,0.6052394184325637,46767.50970588713,112.76827763028902,2.249001977146213E-18,0.2000717690699168,0.8186719956418297,9.205975201769954E-8
68150000000000.0,0.9990243959861049,0.3396526236869616,0.6052369414869448,46767.307373893134,112.76848960389556,2.2490062046565577E-18,0.20007165661981796,0.8186720877015816,9.205993541708378E-8
68200000000000.0,0.9990263780460967,0.3396591662621359,0.6052344639682219,46767.105413588884,112.76870098645787,2.2490104203793706E-18,0.20007154416950773,0.8186721797615171,9.206011833402128E-8
68250000000000.0,0.9990283544793573,0.33966570676611013,0.605231985878719,46766.903823921006,112.76891177968118,2.24901462434866E-18,0.20007143171898673,0.8186722718216354,9.206030076990394E-8
68300000000000.0,0.9990303253020801,0.33967224520398265,0.6052295072207511,46766.70260383916,112.76912198526553,2.249018816598331E-18,0.2000713192682555,0.8186723638819362,9.206048272611937E-8
68350000000000.0,0.9990322905304102,0.33967878158083703,0.6052270279966236,46766.50175229609,112.76933160490591,2.249022997162188E-18,0.20007120681731466,0.8186724559424189,9.206066420405109E-8
68400000000000.0,0.9990342501804454,0.3396853159017418,0.6052245482086329,46766.30126824756,112.7695406402923,2.249027166073935E-18,0.2000710943661648,0.8186725480030831,9.206084520507852E-8
68450000000000.0,0.9990362042682358,0.3396918481717506,0.6052220678590661,46766.10115065237,112.76974909310961,2.249031323367175E-18,0.2000709819148065,0.8186726400639284,9.206102573057693E-8
68500000000000.0,0.9990381528097846,0.3396983783959021,0.6052195869502011,46765.901398472335,112.76995696503779,2.249035469075412E-18,0.20007086946324032,0.8186727321249541,9.206120578191759E-8
68550000000000.0,0.9990400958210466,0.33970490657922003,0.6052171054843066,46765.7020106723,112.77016425775169,2.2490396032320488E-18,0.20007075701146687,0.8186728241861598,9.206138536046752E-8
68600000000000.0,0.9990420333179305,0.33971143272671367,0.6052146234636425,46765.502986220105,112.77037097292124,2.24904372587039E-18,0.2000706445594867,0.8186729162475452,9.206156446758985E-8
68650000000000.0,0.9990439653162976,0.3397179568433775,0.6052121408904595,46765.30432408657,112.77057711221141,2.249047837023641E-18,0.20007053210730041,0.8186730083091097,9.206174310464352E-8
68700000000000.0,0.9990458918319624,0.3397244789341909,0.6052096577669991,46765.10602324554,112.7707826772822,2.2490519367249077E-18,0.20007041965490857,0.8186731003708527,9.206192127298352E-8
68750000000000.0,0.9990478128806928,0.339730999004119,0.6052071740954943,46764.908082673806,112.77098766978867,2.249056025007198E-18,0.20007030720231173,0.818673192432774,9.206209897396073E-8
68800000000000.0,0.99904972847821,0.33973751705811245,0.6052046898781686,46764.71050135113,112.77119209138093,2.249060101903421E-18,0.2000701947495105,0.818673284494873,9.206227620892208E-8
68850000000000.0,0.9990516386401891,0.339744033101107,0.605202205117237,46764.51327826024,112.77139594370422,2.249064167446389E-18,0.20007008229650539,0.8186733765571492,9.206245297921046E-8
68900000000000.0,0.9990535433822585,0.339750547138024,0.6051997198149054,46764.31641238682,112.77159922839888,2.249068221668816E-18,0.200069969843297,0.8186734686196022,9.206262928616475E-8
68950000000000.0,0.9990554427200009,0.3397570591737707,0.6051972339733711,46764.11990271948,112.77180194710034,2.2490722646033183E-18,0.20006985738988592,0.8186735606822315,9.206280513111987E-8
69000000000000.0,0.999057336668953,0.33976356921323947,0.6051947475948224,46763.92374824978,112.77200410143924,2.2490762962824164E-18,0.2000697449362727,0.8186736527450367,9.206298051540678E-8
69050000000000.0,0.9990592252446056,0.33977007726130853,0.6051922606814387,46763.72794797219,112.7722056930413,2.2490803167385334E-18,0.20006963248245788,0.8186737448080171,9.206315544035249E-8
69100000000000.0,0.9990611084624035,0.33977658332284194,0.6051897732353912,46763.53250088412,112.77240672352744,2.2490843260039963E-18,0.20006952002844203,0.8186738368711726,9.206332990728006E-8
69150000000000.0,0.999062986337746,0.33978308740268925,0.6051872852588418,46763.337405985854,112.77260719451371,2.2490883241110344E-18,0.20006940757422573,0.8186739289345025,9.206350391750852E-8
69200000000000.0,0.9990648588859878,0.3397895895056859,0.6051847967539442,46763.14266228061,112.77280710761144,2.2490923110917837E-18,0.20006929511980953,0.8186740209980065,9.206367747235311E-8
69250000000000.0,0.9990667261224375,0.3397960896366531,0.6051823077228433,46762.94826877444,112.77300646442717,2.2490962869782845E-18,0.20006918266519397,0.8186741130616839,9.20638505731252E-8
69300000000000.0,0.9990685880623589,0.33980258780039824,0.6051798181676753,46762.75422447634,112.7732052665626,2.2491002518024803E-18,0.20006907021037962,0.8186742051255345,9.20640232211321E-8
69350000000000.0,0.9990704447209708,0.3398090840017142,0.6051773280905683,46762.56052839813,112.77340351561475,2.2491042055962207E-18,0.20006895775536704,0.8186742971895576,9.206419541767736E-8
69400000000000.0,0.999072296113447,0.33981557824538017,0.6051748374936413,46762.36717955453,112.7736012131758,2.2491081483912603E-18,0.20006884530015676,0.8186743892537531,9.206436716406058E-8
69450000000000.0,0.9990741422549165,0.3398220705361611,0.605172346379005,46762.17417696309,112.77379836083327,2.2491120802192602E-18,0.20006873284474933,0.8186744813181203,9.20645384615776E-8
69500000000000.0,0.9990759831604644,0.33982856087880825,0.6051698547487618,46761.98151964421,112.77399496017,2.2491160011117867E-18,0.2000686203891453,0.8186745733826587,9.206470931152035E-8
69550000000000.0,0.9990778188451307,0.3398350492780587,0.6051673626050057,46761.78920662112,112.77419101276405,2.249119911100313E-18,0.20006850793334524,0.8186746654473681,9.20648797151769E-8
69600000000000.0,0.9990796493239111,0.339841535738636,0.6051648699498219,46761.59723691991,112.77438652018883,2.249123810216218E-18,0.2000683954773497,0.8186747575122477,9.206504967383153E-8
69650000000000.0,0.9990814746117578,0.3398480202652497,0.6051623767852877,46761.405609569454,112.77458148401313,2.249127698490789E-18,0.2000682830211592,0.8186748495772974,9.206521918876476E-8
69700000000000.0,0.9990832947235783,0.3398545028625955,0.6051598831134722,46761.214323601474,112.77477590580101,2.2491315759552187E-18,0.20006817056477427,0.8186749416425166,9.20653882612532E-8
69750000000000.0,0.9990851096742362,0.33986098353535577,0.605157388936436,46761.02337805048,112.77496978711191,2.2491354426406088E-18,0.20006805810819547,0.8186750337079048,9.206555689256979E-8
69800000000000.0,0.999086919478552,0.3398674622881987,0.605154894256231,46760.83277195375,112.77516312950068,2.2491392985779674E-18,0.20006794565142333,0.8186751257734618,9.206572508398358E-8
69850000000000.0,0.999088724151302,0.33987393912577923,0.6051523990749017,46760.64250435139,112.77535593451753,2.2491431437982123E-18,0.2000678331944584,0.8186752178391868,9.206589283675995E-8
69900000000000.0,0.9990905237072192,0.3398804140527387,0.6051499033944836,46760.45257428627,112.77554820370808,2.2491469783321676E-18,0.2000677207373012,0.8186753099050798,9.206606015216047E-8
69950000000000.0,0.999092318160993,0.33988688707370474,0.6051474072170048,46760.26298080402,112.77573993861333,2.2491508022105673E-18,0.2000676082799523,0.8186754019711399,9.2066227031443E-8
70000000000000.0,0.9990941075272702,0.33989335819329153,0.6051449105444848,46760.07372295305,112.7759311407698,2.2491546154640548E-18,0.20006749582241218,0.818675494037367,9.206639347586169E-8
70050000000000.0,0.9990958918206541,0.3398998274160997,0.6051424133789352,46759.884799784515,112.77612181170936,2.2491584181231808E-18,0.2000673833646814,0.8186755861037603,9.206655948666691E-8
70100000000000.0,0.9990976710557051,0.3399062947467167,0.6051399157223595,46759.696210352304,112.77631195295942,2.2491622102184073E-18,0.2000672709067605,0.8186756781703198,9.206672506510538E-8
70150000000000.0,0.9990994452469407,0.33991276018971656,0.6051374175767532,46759.50795371308,112.77650156604282,2.2491659917801056E-18,0.20006715844864997,0.818675770237045,9.206689021242012E-8
70200000000000.0,0.9991012144088358,0.33991922374965994,0.6051349189441039,46759.32002892619,112.7766906524779,2.2491697628385565E-18,0.20006704599035038,0.8186758623039352,9.206705492985043E-8
70250000000000.0,0.9991029785558225,0.3399256854310943,0.6051324198263912,46759.132435053725,112.77687921377844,2.24917352342395E-18,0.20006693353186225,0.81867595437099,9.206721921863194E-8
70300000000000.0,0.9991047377022915,0.33993214523855375,0.6051299202255868,46758.9451711605,112.77706725145389,2.2491772735663905E-18,0.20006682107318607,0.8186760464382092,9.206738307999672E-8
70350000000000.0,0.9991064918625895,0.33993860317655916,0.6051274201436543,46758.75823631402,112.77725476700905,2.2491810132958885E-18,0.2000667086143224,0.8186761385055924,9.206754651517302E-8
70400000000000.0,0.9991082410510221,0.33994505924961843,0.6051249195825494,46758.57162958448,112.77744176194436,2.2491847426423684E-18,0.20006659615527175,0.8186762305731389,9.206770952538557E-8
70450000000000.0,0.9991099852818535,0.3399515134622261,0.6051224185442202,46758.38535004478,112.77762823775588,2.249188461635667E-18,0.2000664836960346,0.8186763226408484,9.206787211185554E-8
70500000000000.0,0.9991117245693044,0.33995796581886384,0.6051199170306073,46758.199396770506,112.7778141959351,2.24919217030553E-18,0.20006637123661153,0.8186764147087205,9.206803427580031E-8
70550000000000.0,0.9991134589275547,0.3399644163240002,0.605117415043643,46758.013768839875,112.77799963796915,2.2491958686816157E-18,0.20006625877700301,0.8186765067767547,9.206819601843374E-8
70600000000000.0,0.9991151883707425,0.33997086498209106,0.605114912585252,46757.82846533382,112.7781845653408,2.249199556793496E-18,0.2000661463172096,0.8186765988449508,9.206835734096611E-8
70650000000000.0,0.9991169129129649,0.339977311797579,0.6051124096573511,46757.6434853359,112.77836897952842,2.2492032346706553E-18,0.20006603385723176,0.8186766909133081,9.206851824460416E-8
70700000000000.0,0.9991186325682764,0.3399837567748936,0.6051099062618501,46757.458827932336,112.77855288200597,2.249206902342489E-18,0.20006592139707002,0.8186767829818263,9.206867873055099E-8
70750000000000.0,0.9991203473506912,0.339990199918452,0.6051074024006509,46757.27449221198,112.77873627424309,2.2492105598383073E-18,0.2000658089367249,0.8186768750505051,9.206883880000614E-8
70800000000000.0,0.999122057274182,0.3399966412326582,0.605104898075647,46757.09047726634,112.778919157705,2.2492142071873322E-18,0.2000656964761969,0.8186769671193439,9.206899845416561E-8
70850000000000.0,0.9991237623526807,0.3400030807219036,0.6051023932887255,46756.906782189515,112.77910153385271,2.2492178444187006E-18,0.20006558401548655,0.8186770591883423,9.206915769422193E-8
70900000000000.0,0.9991254626000778,0.34000951839056676,0.6050998880417651,46756.72340607826,112.77928340414279,2.2492214715614625E-18,0.20006547155459434,0.8186771512575001,9.206931652136401E-8
70950000000000.0,0.9991271580302239,0.34001595424301345,0.6050973823366372,46756.540348031886,112.77946477002759,2.2492250886445827E-18,0.20006535909352077,0.8186772433268166,9.20694749367773E-8
71000000000000.0,0.9991288486569279,0.34002238828359715,0.605094876175206,46756.35760715237,112.77964563295507,2.2492286956969386E-18,0.20006524663226635,0.8186773353962915,9.20696329416437E-8
71050000000000.0,0.9991305344939589,0.3400288205166582,0.6050923695593278,46756.175182544255,112.77982599436899,2.249232292747324E-18,0.20006513417083158,0.8186774274659244,9.206979053714166E-8
71100000000000.0,0.9991322155550455,0.3400352509465249,0.605089862490852,46755.99307331466,112.78000585570885,2.2492358798244475E-18,0.20006502170921694,0.818677519535715,9.206994772444615E-8
71150000000000.0,0.9991338918538762,0.3400416795775125,0.60508735497162,46755.811278573274,112.78018521840988,2.2492394569569332E-18,0.20006490924742296,0.8186776116056627,9.20701045047287E-8
71200000000000.0,0.9991355634040988,0.34004810641392424,0.6050848470034663,46755.629797432375,112.780364083903,2.249243024173318E-18,0.2000647967854501,0.8186777036757672,9.207026087915721E-8
71250000000000.0,0.9991372302193217,0.3400545314600506,0.6050823385882177,46755.44862900683,112.78054245361501,2.249246581502058E-18,0.2000646843232989,0.8186777957460281,9.207041684889634E-8
71300000000000.0,0.9991388923131126,0.34006095472016973,0.605079829727694,46755.267772414016,112.78072032896839,2.249250128971522E-18,0.20006457186096982,0.8186778878164449,9.207057241510717E-8
71350000000000.0,0.9991405496990007,0.3400673761985474,0.6050773204237079,46755.08722677388,112.78089771138156,2.2492536666099993E-18,0.20006445939846337,0.8186779798870173,9.207072757894749E-8
71400000000000.0,0.9991422023904745,0.340073795899437,0.605074810678064,46754.906991208896,112.78107460226865,2.249257194445692E-18,0.20006434693578004,0.8186780719577449,9.207088234157154E-8
71450000000000.0,0.9991438504009831,0.3400802138270797,0.6050723004925604,46754.7270648441,112.78125100303957,2.2492607125067184E-18,0.20006423447292032,0.8186781640286273,9.207103670413015E-8
71500000000000.0,0.999145493743936,0.34008662998570444,0.6050697898689879,46754.547446807024,112.78142691510014,2.249264220821116E-18,0.2000641220098847,0.8186782560996639,9.207119066777082E-8
71550000000000.0,0.9991471324327041,0.3400930443795277,0.6050672788091298,46754.36813622774,112.78160233985204,2.24926771941684E-18,0.20006400954667364,0.8186783481708546,9.207134423363765E-8
71600000000000.0,0.9991487664806189,0.34009945701275407,0.605064767314763,46754.1891322388,112.78177727869281,2.249271208321761E-18,0.20006389708328767,0.8186784402421988,9.207149740287138E-8
71650000000000.0,0.9991503959009723,0.34010586788957575,0.6050622553876565,46754.0104339753,112.78195173301582,2.2492746875636685E-18,0.20006378461972726,0.8186785323136963,9.20716501766093E-8
71700000000000.0,0.9991520207070184,0.3401122770141732,0.6050597430295724,46753.83204057481,112.78212570421037,2.24927815717027E-18,0.20006367215599288,0.8186786243853464,9.207180255598545E-8
71750000000000.0,0.999153640911971,0.34011868439071435,0.6050572302422661,46753.65395117737,112.78229919366166,2.249281617169191E-18,0.20006355969208503,0.818678716457149,9.207195454213047E-8
71800000000000.0,0.9991552565290064,0.3401250900233556,0.6050547170274856,46753.47616492552,112.78247220275075,2.2492850675879758E-18,0.20006344722800418,0.8186788085291036,9.207210613617164E-8
71850000000000.0,0.9991568675712615,0.3401314939162408,0.6050522033869721,46753.2986809643,112.78264473285469,2.2492885084540866E-18,0.2000633347637508,0.8186789006012096,9.207225733923297E-8
71900000000000.0,0.9991584740518351,0.3401378960735023,0.6050496893224598,46753.12149844116,112.78281678534641,2.249291939794905E-18,0.20006322229932538,0.818678992673467,9.207240815243511E-8
71950000000000.0,0.999160075983788,0.3401442964992603,0.6050471748356759,46752.944616506065,112.78298836159487,2.249295361637733E-18,0.2000631098347284,0.8186790847458751,9.207255857689544E-8
72000000000000.0,0.9991616733801424,0.34015069519762325,0.6050446599283407,46752.768034311375,112.78315946296496,2.249298774009791E-18,0.2000629973699603,0.8186791768184337,9.207270861372806E-8
72050000000000.0,0.9991632662538822,0.34015709217268786,0.6050421446021678,46752.591751011954,112.78333009081751,2.249302176938219E-18,0.2000628849050216,0.8186792688911424,9.207285826404372E-8
72100000000000.0,0.9991648546179537,0.3401634874285385,0.6050396288588638,46752.41576576504,112.78350024650936,2.2493055704500775E-18,0.20006277243991277,0.8186793609640006,9.207300752894995E-8
72150000000000.0,0.9991664384852649,0.3401698809692485,0.6050371127001283,46752.240077730356,112.78366993139338,2.2493089545723473E-18,0.20006265997463424,0.8186794530370082,9.207315640955097E-8
72200000000000.0,0.9991680178686864,0.340176272798879,0.6050345961276544,46752.06468607002,112.7838391468184,2.249312329331929E-18,0.2000625475091865,0.8186795451101645,9.207330490694781E-8
72250000000000.0,0.9991695927810511,0.34018266292147953,0.6050320791431283,46751.889589948565,112.78400789412932,2.2493156947556445E-18,0.20006243504357005,0.8186796371834695,9.20734530222382E-8
72300000000000.0,0.9991711632351544,0.340189051341088,0.6050295617482292,46751.71478853294,112.78417617466708,2.249319050870237E-18,0.2000623225777853,0.8186797292569225,9.207360075651668E-8
72350000000000.0,0.999172729243754,0.3401954380617309,0.6050270439446301,46751.54028099248,112.78434398976863,2.2493223977023704E-18,0.20006221011183276,0.8186798213305232,9.207374811087454E-8
72400000000000.0,0.9991742908195704,0.3402018230874228,0.605024525733997,46751.366066498944,112.784511340767,2.2493257352786293E-18,0.20006209764571287,0.8186799134042714,9.20738950863998E-8
72450000000000.0,0.9991758479752871,0.34020820642216665,0.6050220071179891,46751.19214422646,112.78467822899132,2.2493290636255225E-18,0.2000619851794261,0.8186800054781664,9.207404168417745E-8
72500000000000.0,0.9991774007235503,0.34021458806995447,0.6050194880982591,46751.01851335151,112.78484465576676,2.2493323827694774E-18,0.20006187271297293,0.8186800975522082,9.207418790528903E-8
72550000000000.0,0.9991789490769692,0.34022096803476637,0.6050169686764534,46750.845173053,112.7850106224146,2.2493356927368457E-18,0.2000617602463538,0.818680189626396,9.207433375081313E-8
72600000000000.0,0.9991804930481165,0.3402273463205711,0.6050144488542114,46750.672122512166,112.7851761302523,2.249338993553902E-18,0.20006164777956917,0.8186802817007298,9.207447922182504E-8
72650000000000.0,0.9991820326495278,0.3402337229313259,0.6050119286331662,46750.49936091261,112.78534118059335,2.249342285246842E-18,0.2000615353126195,0.818680373775209,9.207462431939693E-8
72700000000000.0,0.9991835678937022,0.3402400978709769,0.6050094080149439,46750.32688744028,112.7855057747474,2.2493455678417853E-18,0.20006142284550524,0.8186804658498333,9.207476904459777E-8
72750000000000.0,0.9991850987931025,0.3402464711434587,0.6050068870011646,46750.15470128349,112.78566991402029,2.2493488413647743E-18,0.20006131037822686,0.8186805579246024,9.207491339849346E-8
72800000000000.0,0.9991866253601542,0.3402528427526948,0.6050043655934418,46749.98280163289,112.78583359971392,2.249352105841774E-18,0.20006119791078478,0.8186806499995157,9.207505738214665E-8
72850000000000.0,0.9991881476072477,0.34025921270259696,0.6050018437933825,46749.811187681415,112.78599683312648,2.249355361298674E-18,0.2000610854431795,0.8186807420745731,9.207520099661699E-8
72900000000000.0,0.9991896655467366,0.3402655809970664,0.6049993216025873,46749.63985862439,112.78615961555226,2.249358607761289E-18,0.20006097297541142,0.8186808341497741,9.207534424296094E-8
72950000000000.0,0.9991911791909385,0.34027194763999263,0.6049967990226501,46749.4688136594,112.78632194828178,2.249361845255355E-18,0.20006086050748104,0.8186809262251183,9.207548712223185E-8
73000000000000.0,0.9991926885521347,0.3402783126352543,0.6049942760551589,46749.29805198637,112.78648383260173,2.2493650738065334E-18,0.20006074803938878,0.8186810183006055,9.207562963548001E-8
73050000000000.0,0.9991941936425712,0.34028467598671885,0.6049917527016951,46749.127572807534,112.78664526979503,2.24936829344041E-18,0.2000606355711351,0.8186811103762351,9.207577178375255E-8
73100000000000.0,0.9991956944744581,0.34029103769824254,0.6049892289638339,46748.9573753274,112.78680626114087,2.2493715041824976E-18,0.20006052310272043,0.8186812024520069,9.207591356809364E-8
73150000000000.0,0.9991971910599696,0.34029739777367074,0.6049867048431438,46748.787458752784,112.78696680791461,2.2493747060582302E-18,0.20006041063414523,0.8186812945279205,9.207605498954425E-8
73200000000000.0,0.9991986834112446,0.3403037562168376,0.6049841803411875,46748.61782229276,112.78712691138793,2.2493778990929703E-18,0.20006029816540993,0.8186813866039754,9.207619604914241E-8
73250000000000.0,0.9992001715403863,0.3403101130315665,0.6049816554595213,46748.44846515871,112.78728657282869,2.2493810833120033E-18,0.20006018569651499,0.8186814786801715,9.2076336747923E-8
73300000000000.0,0.999201655459463,0.3403164682216697,0.6049791301996952,46748.279386564274,112.7874457935011,2.249384258740542E-18,0.20006007322746083,0.8186815707565082,9.20764770869179E-8
73350000000000.0,0.9992031351805074,0.3403228217909488,0.6049766045632531,46748.11058572536,112.78760457466562,2.2493874254037248E-18,0.2000599607582479,0.8186816628329853,9.207661706715597E-8
73400000000000.0,0.9992046107155169,0.3403291737431942,0.6049740785517328,46747.9420618601,112.78776291757896,2.2493905833266145E-18,0.20005984828887663,0.8186817549096024,9.207675668966297E-8
73450000000000.0,0.9992060820764548,0.3403355240821857,0.6049715521666655,46747.77381418893,112.78792082349426,2.2493937325342033E-18,0.20005973581934747,0.818681846986359,9.20768959554618E-8
73500000000000.0,0.9992075492752485,0.3403418728116923,0.6049690254095769,46747.60584193448,112.78807829366086,2.249396873051408E-18,0.20005962334966085,0.818681939063255,9.207703486557222E-8
73550000000000.0,0.9992090123237916,0.340348219935472,0.6049664982819861,46747.43814432161,112.78823532932454,2.249400004903073E-18,0.2000595108798172,0.8186820311402899,9.207717342101105E-8
73600000000000.0,0.9992104712339419,0.3403545654572721,0.6049639707854063,46747.27072057747,112.78839193172729,2.249403128113969E-18,0.20005939840981693,0.8186821232174633,9.207731162279212E-8
73650000000000.0,0.9992119260175235,0.3403609093808293,0.6049614429213449,46747.10356993139,112.78854810210757,2.249406242708795E-18,0.20005928593966052,0.8186822152947749,9.207744947192626E-8
73700000000000.0,0.9992133766863259,0.34036725170986976,0.6049589146913026,46746.936691614894,112.78870384170013,2.249409348712176E-18,0.20005917346934837,0.8186823073722244,9.207758696942137E-8
73750000000000.0,0.9992148232521035,0.3403735924481085,0.6049563860967747,46746.77008486178,112.78885915173612,2.249412446148666E-18,0.20005906099888093,0.8186823994498114,9.207772411628233E-8
73800000000000.0,0.9992162657265774,0.3403799315992505,0.6049538571392507,46746.603748908004,112.78901403344308,2.2494155350427455E-18,0.20005894852825862,0.8186824915275355,9.207786091351112E-8
73850000000000.0,0.9992177041214341,0.3403862691669899,0.6049513278202132,46746.437682991724,112.78916848804496,2.249418615418826E-18,0.20005883605748187,0.8186825836053964,9.207799736210685E-8
73900000000000.0,0.999219138448326,0.3403926051550104,0.6049487981411399,46746.2718863533,112.78932251676211,2.2494216873012443E-18,0.2000587235865511,0.8186826756833938,9.20781334630655E-8
73950000000000.0,0.9992205687188713,0.34039893956698497,0.604946268103502,46746.10635823525,112.78947612081124,2.2494247507142666E-18,0.20005861111546674,0.8186827677615273,9.207826921738032E-8
74000000000000.0,0.9992219949446548,0.3404052724065763,0.604943737708765,46745.94109788229,112.78962930140555,2.2494278056820883E-18,0.2000584986442292,0.8186828598397965,9.20784046260415E-8
74050000000000.0,0.9992234171372273,0.3404116036774364,0.6049412069583886,46745.77610454135,112.7897820597547,2.2494308522288342E-18,0.20005838617283891,0.8186829519182011,9.207853969003644E-8
74100000000000.0,0.9992248353081065,0.34041793338320725,0.6049386758538263,46745.61137746142,112.7899343970648,2.2494338903785583E-18,0.2000582737012963,0.8186830439967407,9.207867441034962E-8
74150000000000.0,0.9992262494687757,0.3404242615275201,0.6049361443965262,46745.44691589373,112.79008631453833,2.249436920155243E-18,0.2000581612296018,0.8186831360754152,9.207880878796258E-8
74200000000000.0,0.999227659630685,0.340430588113996,0.6049336125879303,46745.28271909164,112.79023781337432,2.249439941582801E-18,0.2000580487577558,0.818683228154224,9.207894282385402E-8
74250000000000.0,0.9992290658052517,0.3404369131462456,0.6049310804294752,46745.118786310646,112.79038889476831,2.2494429546850755E-18,0.20005793628575871,0.8186833202331668,9.207907651899978E-8
74300000000000.0,0.9992304680038591,0.3404432366278694,0.6049285479225913,46744.95511680841,112.79053955991223,2.2494459594858373E-18,0.20005782381361098,0.8186834123122433,9.207920987437274E-8
74350000000000.0,0.9992318662378579,0.34044955856245757,0.6049260150687037,46744.79170984468,112.79068980999466,2.249448956008792E-18,0.200057711341313,0.8186835043914532,9.207934289094312E-8
74400000000000.0,0.9992332605185653,0.34045587895359,0.6049234818692315,46744.628564681385,112.79083964620057,2.249451944277571E-18,0.2000575988688652,0.818683596470796,9.207947556967811E-8
74450000000000.0,0.9992346508572663,0.3404621978048364,0.6049209483255886,46744.465680582514,112.79098906971154,2.24945492431574E-18,0.200057486396268,0.8186836885502716,9.207960791154221E-8
74500000000000.0,0.9992360372652119,0.34046851511975634,0.6049184144391827,46744.30305681424,112.79113808170561,2.2494578961467934E-18,0.20005737392352177,0.8186837806298796,9.207973991749695E-8
74550000000000.0,0.9992374197536215,0.3404748309018991,0.6049158802114157,46744.140692644796,112.79128668335741,2.249460859794157E-18,0.20005726145062697,0.8186838727096195,9.207987158850112E-8
74600000000000.0,0.9992387983336815,0.3404811451548043,0.6049133456436847,46743.97858734452,112.79143487583819,2.2494638152811903E-18,0.20005714897758398,0.818683964789491,9.208000292551078E-8
74650000000000.0,0.9992401730165453,0.3404874578820013,0.6049108107373805,46743.81674018585,112.79158266031565,2.2494667626311806E-18,0.20005703650439322,0.818684056869494,9.208013392947901E-8
74700000000000.0,0.9992415438133342,0.340493769087009,0.6049082754938888,46743.65515044332,112.79173003795415,2.2494697018673503E-18,0.20005692403105507,0.8186841489496279,9.208026460135629E-8
74750000000000.0,0.9992429107351372,0.3405000787733369,0.6049057399145892,46743.49381739355,112.79187700991459,2.2494726330128507E-18,0.20005681155757,0.8186842410298925,9.20803949420901E-8
74800000000000.0,0.9992442737930104,0.3405063869444842,0.6049032040008564,46743.332740315236,112.79202357735447,2.2494755560907678E-18,0.20005669908393833,0.8186843331102874,9.208052495262531E-8
74850000000000.0,0.9992456329979789,0.34051269360394015,0.6049006677540594,46743.17191848912,112.79216974142797,2.2494784711241194E-18,0.20005658661016054,0.8186844251908124,9.208065463390402E-8
74900000000000.0,0.9992469883610351,0.3405189987551842,0.6048981311755617,46743.01135119803,112.79231550328586,2.249481378135856E-18,0.20005647413623698,0.8186845172714671,9.208078398686551E-8
74950000000000.0,0.9992483398931393,0.34052530240168594,0.604895594266721,46742.85103772686,112.79246086407551,2.24948427714886E-18,0.20005636166216806,0.8186846093522511,9.208091301244632E-8
75000000000000.0,0.9992496876052201,0.3405316045469049,0.6048930570288901,46742.690977362545,112.7926058249409,2.2494871681859474E-18,0.2000562491879542,0.8186847014331641,9.208104171158025E-8
75050000000000.0,0.9992510315081742,0.34053790519429095,0.6048905194634162,46742.53116939408,112.79275038702275,2.2494900512698672E-18,0.2000561367135958,0.8186847935142058,9.208117008519838E-8
75100000000000.0,0.9992523716128672,0.3405442043472842,0.6048879815716409,46742.371613112446,112.79289455145842,2.2494929264233026E-18,0.20005602423909322,0.8186848855953759,9.208129813422907E-8
75150000000000.0,0.9992537079301322,0.340550502009315,0.6048854433549009,46742.21230781073,112.7930383193819,2.24949579366887E-18,0.2000559117644469,0.818684977676674,9.208142585959795E-8
75200000000000.0,0.9992550404707716,0.3405567981838037,0.604882904814527,46742.05325278402,112.79318169192389,2.249498653029119E-18,0.20005579928965722,0.8186850697580998,9.208155326222794E-8
75250000000000.0,0.9992563692455557,0.34056309287416114,0.604880365951845,46741.89444732941,112.79332467021175,2.249501504526533E-18,0.20005568681472458,0.8186851618396531,9.208168034303925E-8
75300000000000.0,0.999257694265224,0.3405693860837886,0.6048778267681755,46741.735890746044,112.79346725536956,2.249504348183531E-18,0.20005557433964935,0.8186852539213334,9.208180710294945E-8
75350000000000.0,0.9992590155404845,0.34057567781607767,0.6048752872648334,46741.57758233504,112.79360944851813,2.2495071840224655E-18,0.20005546186443193,0.8186853460031406,9.20819335428733E-8
75400000000000.0,0.9992603330820143,0.34058196807441027,0.6048727474431287,46741.419521399555,112.79375125077499,2.249510012065624E-18,0.20005534938907274,0.8186854380850741,9.208205966372306E-8
75450000000000.0,0.9992616469004598,0.3405882568621585,0.6048702073043664,46741.2617072447,112.79389266325438,2.2495128323352286E-18,0.20005523691357213,0.8186855301671337,9.208218546640821E-8
75500000000000.0,0.9992629570064356,0.34059454418268537,0.6048676668498456,46741.10413917764,112.7940336870673,2.2495156448534362E-18,0.20005512443793053,0.8186856222493192,9.208231095183558E-8
75550000000000.0,0.9992642634105265,0.340600830039344,0.604865126080861,46740.94681650746,112.79417432332151,2.2495184496423396E-18,0.20005501196214828,0.8186857143316302,9.208243612090938E-8
75600000000000.0,0.9992655661232858,0.3406071144354782,0.604862584998701,46740.789738545296,112.79431457312148,2.2495212467239665E-18,0.2000548994862258,0.8186858064140663,9.208256097453115E-8
75650000000000.0,0.9992668651552363,0.34061339737442226,0.60486004360465,46740.632904604194,112.79445443756852,2.24952403612028E-18,0.20005478701016347,0.8186858984966272,9.20826855135998E-8
75700000000000.0,0.9992681605168703,0.34061967885950095,0.6048575018999864,46740.476313999214,112.79459391776066,2.2495268178531796E-18,0.20005467453396167,0.8186859905793128,9.208280973901163E-8
75750000000000.0,0.9992694522186497,0.3406259588940298,0.6048549598859844,46740.31996604736,112.79473301479275,2.2495295919445E-18,0.2000545620576208,0.8186860826621225,9.208293365166028E-8
75800000000000.0,0.999270740271006,0.3406322374813147,0.6048524175639123,46740.1638600676,112.79487172975647,2.249532358416013E-18,0.20005444958114119,0.8186861747450561,9.208305725243685E-8
75850000000000.0,0.9992720246843404,0.34063851462465244,0.6048498749350335,46740.00799538087,112.79501006374022,2.249535117289426E-18,0.20005433710452328,0.8186862668281134,9.208318054222973E-8
75900000000000.0,0.9992733054690239,0.3406447903273304,0.6048473320006066,46739.85237130999,112.7951480178293,2.249537868586383E-18,0.20005422462776742,0.8186863589112939,9.208330352192479E-8
75950000000000.0,0.9992745826353975,0.3406510645926265,0.6048447887618851,46739.69698717983,112.79528559310585,2.249540612328466E-18,0.200054112150874,0.8186864509945975,9.208342619240534E-8
76000000000000.0,0.9992758561937721,0.3406573374238096,0.6048422452201172,46739.54184231708,112.79542279064877,2.2495433485371922E-18,0.20005399967384338,0.8186865430780237,9.208354855455203E-8
76050000000000.0,0.9992771261544285,0.34066360882413926,0.6048397013765464,46739.38693605042,112.79555961153389,2.2495460772340175E-18,0.20005388719667597,0.8186866351615721,9.2083670609243E-8
76100000000000.0,0.9992783925276184,0.3406698787968658,0.6048371572324112,46739.23226771046,112.79569605683386,2.249548798440334E-18,0.2000537747193721,0.8186867272452428,9.208379235735377E-8
76150000000000.0,0.9992796553235626,0.3406761473452304,0.6048346127889451,46739.077836629695,112.79583212761816,2.2495515121774714E-18,0.2000536622419322,0.8186868193290351,9.208391379975736E-8
76200000000000.0,0.9992809145524528,0.34068241447246517,0.6048320680473767,46738.92364214258,112.7959678249532,2.2495542184666974E-18,0.20005354976435658,0.8186869114129489,9.208403493732417E-8
76250000000000.0,0.9992821702244518,0.3406886801817927,0.6048295230089296,46738.769683585415,112.7961031499023,2.2495569173292185E-18,0.20005343728664565,0.8186870034969839,9.208415577092215E-8
76300000000000.0,0.9992834223496921,0.3406949444764272,0.6048269776748225,46738.615960296454,112.79623810352561,2.2495596087861784E-18,0.20005332480879978,0.8186870955811396,9.208427630141666E-8
76350000000000.0,0.9992846709382768,0.34070120735957293,0.6048244320462692,46738.462471615814,112.7963726868802,2.249562292858658E-18,0.20005321233081935,0.8186871876654159,9.208439652967055E-8
76400000000000.0,0.99928591600028,0.3407074688344257,0.6048218861244791,46738.30921688554,112.79650690102008,2.2495649695676785E-18,0.2000530998527047,0.8186872797498125,9.208451645654409E-8
76450000000000.0,0.9992871575457468,0.3407137289041721,0.604819339910656,46738.1561954495,112.7966407469962,2.2495676389341992E-18,0.20005298737445623,0.8186873718343289,9.208463608289514E-8
76500000000000.0,0.9992883955846926,0.34071998757198985,0.6048167934059993,46738.0034066535,112.79677422585637,2.2495703009791178E-18,0.2000528748960743,0.818687463918965,9.208475540957903E-8
76550000000000.0,0.9992896301271039,0.34072624484104747,0.6048142466117039,46737.8508498452,112.79690733864538,2.249572955723271E-18,0.20005276241755923,0.8186875560037205,9.20848744374485E-8
76600000000000.0,0.9992908611829391,0.3407325007145049,0.6048116995289594,46737.69852437411,112.79704008640503,2.2495756031874352E-18,0.20005264993891145,0.8186876480885948,9.208499316735393E-8
76650000000000.0,0.9992920887621266,0.34073875519551283,0.6048091521589509,46737.54642959162,112.79717247017399,2.249578243392326E-18,0.2000525374601313,0.818687740173588,9.208511160014314E-8
76700000000000.0,0.9992933128745667,0.34074500828721316,0.6048066045028587,46737.394564850976,112.79730449098798,2.2495808763585994E-18,0.20005242498121914,0.8186878322586996,9.208522973666157E-8
76750000000000.0,0.9992945335301305,0.340751259992739,0.6048040565618584,46737.24292950729,112.79743614987964,2.2495835021068494E-18,0.2000523125021753,0.8186879243439293,9.208534757775206E-8
76800000000000.0,0.9992957507386613,0.3407575103152147,0.604801508337121,46737.09152291747,112.79756744787862,2.249586120657611E-18,0.2000522000230002,0.8186880164292769,9.208546512425509E-8
76850000000000.0,0.9992969645099731,0.34076375925775554,0.6047989598298126,46736.94034444032,112.79769838601158,2.24958873203136E-18,0.20005208754369416,0.818688108514742,9.208558237700866E-8
76900000000000.0,0.9992981748538513,0.3407700068234683,0.6047964110410946,46736.789393436484,112.79782896530209,2.2495913362485097E-18,0.20005197506425756,0.8186882006003244,9.208569933684828E-8
76950000000000.0,0.999299381780054,0.3407762530154509,0.6047938619721241,46736.63866926837,112.79795918677091,2.2495939333294173E-18,0.20005186258469076,0.8186882926860237,9.208581600460711E-8
77000000000000.0,0.9993005852983101,0.34078249783679265,0.6047913126240534,46736.488171300276,112.79808905143568,2.249596523294379E-18,0.2000517501049941,0.8186883847718398,9.208593238111582E-8
77050000000000.0,0.9993017854183208,0.3407887412905739,0.60478876299803,46736.33789889828,112.79821856031114,2.2495991061636315E-18,0.20005163762516792,0.8186884768577721,9.208604846720267E-8
77100000000000.0,0.9993029821497591,0.3407949833798666,0.6047862130951972,46736.1878514303,112.79834771440908,2.249601681957354E-18,0.2000515251452126,0.8186885689438207,9.208616426369357E-8
77150000000000.0,0.9993041755022697,0.3408012241077336,0.6047836629166934,46736.03802826608,112.79847651473827,2.249604250695665E-18,0.2000514126651285,0.8186886610299849,9.208627977141189E-8
77200000000000.0,0.9993053654854699,0.3408074634772298,0.6047811124636526,46735.88842877709,112.79860496230462,2.2496068123986258E-18,0.20005130018491596,0.8186887531162647,9.208639499117873E-8
77250000000000.0,0.9993065521089485,0.34081370149140106,0.6047785617372043,46735.73905233667,112.79873305811107,2.2496093670862385E-18,0.20005118770457533,0.8186888452026597,9.208650992381271E-8
77300000000000.0,0.9993077353822671,0.34081993815328476,0.6047760107384732,46735.58989831994,112.79886080315764,2.2496119147784472E-18,0.20005107522410698,0.8186889372891696,9.208662457013014E-8
77350000000000.0,0.9993089153149596,0.3408261734659097,0.6047734594685799,46735.44096610378,112.79898819844144,2.2496144554951376E-18,0.20005096274351125,0.8186890293757941,9.208673893094489E-8
77400000000000.0,0.999310091916532,0.3408324074322964,0.6047709079286403,46735.29225506689,112.7991152449567,2.2496169892561387E-18,0.2000508502627885,0.8186891214625331,9.208685300706847E-8
77450000000000.0,0.9993112651964631,0.34083864005545667,0.6047683561197659,46735.1437645897,112.79924194369471,2.24961951608122E-18,0.20005073778193902,0.8186892135493861,9.208696679931007E-8
77500000000000.0,0.9993124351642036,0.3408448713383937,0.6047658040430636,46734.99549405446,112.79936829564389,2.249622035990094E-18,0.2000506253009632,0.8186893056363529,9.208708030847645E-8
77550000000000.0,0.9993136018291776,0.34085110128410284,0.6047632516996361,46734.84744284519,112.79949430178976,2.2496245490024162E-18,0.20005051281986141,0.8186893977234332,9.208719353537209E-8
77600000000000.0,0.9993147652007819,0.34085732989557027,0.6047606990905816,46734.699610347605,112.79961996311508,2.2496270551377853E-18,0.20005040033863397,0.8186894898106267,9.208730648079911E-8
77650000000000.0,0.9993159252883859,0.34086355717577427,0.6047581462169939,46734.551995949245,112.79974528059962,2.249629554415742E-18,0.2000502878572812,0.8186895818979332,9.208741914555729E-8
77700000000000.0,0.9993170821013314,0.3408697831276846,0.6047555930799625,46734.40459903937,112.7998702552203,2.2496320468557695E-18,0.2000501753758035,0.8186896739853524,9.208753153044401E-8
77750000000000.0,0.9993182356489341,0.34087600775426274,0.6047530396805724,46734.25741900901,112.79999488795129,2.249634532477296E-18,0.20005006289420116,0.8186897660728839,9.208764363625444E-8
77800000000000.0,0.9993193859404821,0.3408822310584617,0.6047504860199042,46734.1104552509,112.80011917976385,2.2496370112996925E-18,0.20004995041247453,0.8186898581605275,9.208775546378138E-8
77850000000000.0,0.9993205329852369,0.34088845304322646,0.6047479320990347,46733.96370715954,112.80024313162646,2.2496394833422736E-18,0.20004983793062397,0.818689950248283,9.20878670138154E-8
77900000000000.0,0.9993216767924332,0.34089467371149346,0.6047453779190356,46733.81717413113,112.80036674450471,2.2496419486242963E-18,0.2000497254486498,0.8186900423361501,9.208797828714459E-8
77950000000000.0,0.9993228173712789,0.3409008930661912,0.6047428234809752,46733.670855563636,112.80049001936148,2.249644407164964E-18,0.20004961296655235,0.8186901344241283,9.208808928455492E-8
78000000000000.0,0.9993239547309555,0.34090711111023975,0.6047402687859166,46733.52475085673,112.80061295715676,2.249646858983423E-18,0.20004950048433198,0.8186902265122176,9.208820000683003E-8
78050000000000.0,0.9993250888806178,0.340913327846551,0.6047377138349193,46733.378859411794,112.8007355588478,2.2496493040987637E-18,0.20004938800198904,0.8186903186004176,9.208831045475122E-8
78100000000000.0,0.9993262198293938,0.3409195432780286,0.6047351586290384,46733.23318063192,112.80085782538906,2.249651742530021E-18,0.20004927551952384,0.818690410688728,9.208842062909758E-8
78150000000000.0,0.9993273475863855,0.34092575740756836,0.6047326031693248,46733.08771392192,112.80097975773216,2.2496541742961744E-18,0.2000491630369367,0.8186905027771487,9.20885305306459E-8
78200000000000.0,0.9993284721606684,0.3409319702380579,0.604730047456825,46732.94245868828,112.80110135682602,2.2496565994161483E-18,0.200049050554228,0.8186905948656792,9.20886401601707E-8
78250000000000.0,0.9993295935612925,0.34093818177237645,0.6047274914925818,46732.797414339206,112.80122262361682,2.249659017908813E-18,0.20004893807139804,0.8186906869543193,9.208874951844433E-8
78300000000000.0,0.9993307117972807,0.34094439201339544,0.6047249352776329,46732.652580284586,112.80134355904796,2.2496614297929837E-18,0.20004882558844714,0.8186907790430689,9.208885860623683E-8
78350000000000.0,0.9993318268776299,0.3409506009639782,0.6047223788130132,46732.507955935995,112.80146416406004,2.249663835087418E-18,0.20004871310537564,0.8186908711319275,9.208896742431596E-8
78400000000000.0,0.9993329388113117,0.3409568086269801,0.6047198220997522,46732.36354070669,112.80158443959098,2.2496662338108235E-18,0.20004860062218388,0.818690963220895,9.208907597344733E-8
78450000000000.0,0.9993340476072712,0.3409630150052482,0.6047172651388759,46732.2193340116,112.80170438657602,2.2496686259818504E-18,0.2000484881388722,0.8186910553099709,9.208918425439428E-8
78500000000000.0,0.9993351532744275,0.3409692201016219,0.6047147079314064,46732.075335267335,112.80182400594755,2.2496710116190945E-18,0.2000483756554409,0.8186911473991552,9.208929226791792E-8
78550000000000.0,0.9993362558216746,0.3409754239189326,0.604712150478361,46731.93154389216,112.8019432986354,2.2496733907410997E-18,0.2000482631718903,0.8186912394884475,9.208940001477718E-8
78600000000000.0,0.9993373552578803,0.3409816264600037,0.6047095927807538,46731.78795930601,112.80206226556656,2.2496757633663544E-18,0.20004815068822077,0.8186913315778475,9.208950749572878E-8
78650000000000.0,0.999338451591887,0.3409878277276508,0.6047070348395939,46731.644580930486,112.80218090766546,2.249678129513294E-18,0.2000480382044326,0.8186914236673549,9.208961471152724E-8
78700000000000.0,0.9993395448325114,0.34099402772468157,0.6047044766558872,46731.50140818881,112.80229922585373,2.2496804892002992E-18,0.20004792572052613,0.8186915157569696,9.208972166292485E-8
78750000000000.0,0.999340634988545,0.3410002264538959,0.6047019182306352,46731.35844050588,112.80241722105038,2.249682842445699E-18,0.20004781323650167,0.8186916078466913,9.208982835067177E-8
78800000000000.0,0.9993417220687536,0.34100642391808555,0.6046993595648354,46731.21567730822,112.80253489417174,2.249685189267768E-18,0.20004770075235956,0.8186916999365197,9.208993477551597E-8
78850000000000.0,0.9993428060818781,0.3410126201200349,0.6046968006594814,46731.07311802399,112.80265224613149,2.2496875296847276E-18,0.2000475882681001,0.8186917920264545,9.209004093820318E-8
78900000000000.0,0.9993438870366339,0.34101881506252035,0.6046942415155626,46730.93076208299,112.80276927784065,2.2496898637147475E-18,0.20004747578372362,0.8186918841164954,9.209014683947707E-8
78950000000000.0,0.999344964941711,0.34102500874831043,0.6046916821340649,46730.78860891666,112.80288599020756,2.249692191375943E-18,0.20004736329923042,0.8186919762066422,9.209025248007907E-8
79000000000000.0,0.9993460398057746,0.341031201180166,0.6046891225159696,46730.64665795805,112.80300238413794,2.249694512686378E-18,0.20004725081462085,0.8186920682968947,9.20903578607485E-8
79050000000000.0,0.999347111637465,0.34103739236084024,0.604686562662255,46730.50490864184,112.8031184605349,2.2496968276640627E-18,0.2000471383298952,0.8186921603872526,9.209046298222246E-8
79100000000000.0,0.9993481804453975,0.34104358229307874,0.6046840025738945,46730.36336040429,112.80323422029896,2.249699136326957E-18,0.20004702584505382,0.8186922524777155,9.209056784523608E-8
79150000000000.0,0.999349246238162,0.3410497709796193,0.6046814422518583,46730.22201268331,112.8033496643279,2.249701438692966E-18,0.200046913360097,0.8186923445682834,9.20906724505221E-8
79200000000000.0,0.9993503090243246,0.34105595842319225,0.6046788816971125,46730.08086491839,112.80346479351702,2.249703734779946E-18,0.20004680087502508,0.8186924366589559,9.209077679881138E-8
79250000000000.0,0.9993513688124257,0.34106214462651985,0.6046763209106192,46729.93991655064,112.80357960875897,2.2497060246056977E-18,0.20004668838983833,0.8186925287497326,9.20908808908325E-8
79300000000000.0,0.9993524256109816,0.3410683295923172,0.6046737598933369,46729.799167022735,112.8036941109438,2.2497083081879738E-18,0.2000465759045371,0.8186926208406136,9.209098472731198E-8
79350000000000.0,0.9993534794284843,0.34107451332329153,0.6046711986462201,46729.65861577896,112.80380830095899,2.249710585544473E-18,0.2000464634191217,0.8186927129315983,9.209108830897426E-8
79400000000000.0,0.9993545302734005,0.34108069582214284,0.6046686371702196,46729.518262265185,112.80392217968948,2.2497128566928435E-18,0.2000463509335924,0.8186928050226866,9.20911916365416E-8
79450000000000.0,0.999355578154173,0.34108687709156316,0.604666075466282,46729.37810592887,112.80403574801755,2.2497151216506824E-18,0.20004623844794958,0.8186928971138782,9.209129471073426E-8
79500000000000.0,0.9993566230792202,0.3410930571342375,0.6046635135353511,46729.23814621903,112.80414900682302,2.2497173804355354E-18,0.2000461259621935,0.8186929892051729,9.209139753227033E-8
79550000000000.0,0.9993576650569366,0.34109923595284297,0.6046609513783655,46729.098382586264,112.80426195698313,2.249719633064898E-18,0.2000460134763245,0.8186930812965704,9.209150010186586E-8
79600000000000.0,0.9993587040956918,0.3411054135500494,0.6046583889962615,46728.95881448274,112.80437459937252,2.249721879556215E-18,0.20004590099034286,0.8186931733880705,9.209160242023483E-8
79650000000000.0,0.9993597402038312,0.34111158992851925,0.6046558263899705,46728.81944136218,112.80448693486335,2.2497241199268783E-18,0.2000457885042489,0.8186932654796729,9.209170448808909E-8
79700000000000.0,0.9993607733896769,0.3411177650909074,0.604653263560421,46728.680262679874,112.80459896432521,2.2497263541942317E-18,0.2000456760180429,0.8186933575713774,9.209180630613846E-8
79750000000000.0,0.9993618036615266,0.3411239390398613,0.6046507005085373,46728.54127789266,112.80471068862522,2.2497285823755686E-18,0.2000455635317252,0.8186934496631837,9.209190787509075E-8
79800000000000.0,0.9993628310276536,0.3411301117780213,0.6046481372352402,46728.402486458945,112.80482210862793,2.2497308044881316E-18,0.20004545104529609,0.8186935417550916,9.209200919565165E-8
79850000000000.0,0.9993638554963081,0.3411362833080202,0.6046455737414468,46728.263887838635,112.8049332251954,2.249733020549112E-18,0.20004533855875586,0.8186936338471008,9.209211026852479E-8
79900000000000.0,0.9993648770757162,0.3411424536324834,0.6046430100280703,46728.12548149323,112.8050440391872,2.249735230575654E-18,0.20004522607210484,0.8186937259392111,9.20922110944118E-8
79950000000000.0,0.9993658957740806,0.3411486227540291,0.6046404460960209,46727.98726688572,112.80515455146045,2.2497374345848514E-18,0.20004511358534333,0.8186938180314222,9.209231167401236E-8
80000000000000.0,0.9993669115995799,0.341154790675268,0.6046378819462043,46727.849243480654,112.80526476286971,2.2497396325937466E-18,0.2000450010984716,0.8186939101237338,9.209241200802396E-8
80050000000000.0,0.9993679245603694,0.34116095739880387,0.6046353175795232,46727.711410744094,112.8053746742671,2.249741824619334E-18,0.20004488861148997,0.8186940022161457,9.209251209714216E-8
80100000000000.0,0.9993689346645805,0.34116712292723295,0.6046327529968765,46727.57376814365,112.80548428650224,2.2497440106785587E-18,0.20004477612439875,0.8186940943086579,9.209261194206046E-8
80150000000000.0,0.9993699419203218,0.34117328726314444,0.6046301881991595,46727.43631514842,112.80559360042233,2.2497461907883164E-18,0.20004466363719822,0.8186941864012698,9.209271154347042E-8
80200000000000.0,0.9993709463356782,0.3411794504091201,0.6046276231872639,46727.29905122902,112.80570261687211,2.249748364965454E-18,0.20004455114988867,0.8186942784939814,9.209281090206152E-8
80250000000000.0,0.9993719479187116,0.3411856123677348,0.6046250579620779,46727.16197585757,112.80581133669386,2.24975053322677E-18,0.20004443866247043,0.8186943705867923,9.209291001852127E-8
80300000000000.0,0.9993729466774601,0.34119177314155613,0.604622492524486,46727.025088507726,112.8059197607274,2.2497526955890137E-18,0.20004432617494378,0.8186944626797023,9.209300889353523E-8
80350000000000.0,0.9993739426199386,0.3411979327331444,0.6046199268753693,46726.888388654625,112.80602788981008,2.249754852068884E-18,0.20004421368730899,0.8186945547727111,9.209310752778689E-8
80400000000000.0,0.9993749357541398,0.3412040911450529,0.6046173610156055,46726.7518757749,112.80613572477696,2.2497570026830357E-18,0.2000441011995664,0.8186946468658187,9.209320592195782E-8
80450000000000.0,0.9993759260880329,0.34121024837982794,0.6046147949460685,46726.61554934665,112.80624326646061,2.2497591474480727E-18,0.20004398871171625,0.8186947389590247,9.209330407672763E-8
80500000000000.0,0.9993769136295637,0.34121640444000856,0.6046122286676292,46726.47940884952,112.8063505156911,2.24976128638055E-18,0.20004387622375888,0.8186948310523288,9.209340199277387E-8
80550000000000.0,0.999377898386656,0.3412225593281267,0.6046096621811543,46726.34345376459,112.80645747329622,2.2497634194969764E-18,0.20004376373569457,0.8186949231457307,9.209349967077225E-8
80600000000000.0,0.9993788803672098,0.34122871304670743,0.6046070954875075,46726.20768357443,112.80656414010127,2.2497655468138115E-18,0.2000436512475236,0.8186950152392304,9.209359711139638E-8
80650000000000.0,0.9993798595791031,0.34123486559826893,0.6046045285875491,46726.07209776308,112.80667051692926,2.2497676683474688E-18,0.20004353875924627,0.8186951073328275,9.209369431531809E-8
80700000000000.0,0.9993808360301911,0.34124101698532217,0.6046019614821356,46725.93669581607,112.80677660460074,2.249769784114313E-18,0.20004342627086286,0.8186951994265218,9.209379128320713E-8
80750000000000.0,0.9993818097283064,0.3412471672103711,0.6045993941721206,46725.801477220375,112.80688240393393,2.2497718941306626E-18,0.20004331378237364,0.8186952915203131,9.209388801573142E-8
80800000000000.0,0.9993827806812583,0.3412533162759127,0.6045968266583538,46725.66644146446,112.80698791574457,2.2497739984127866E-18,0.20004320129377892,0.8186953836142011,9.209398451355676E-8
80850000000000.0,0.9993837488968348,0.3412594641844372,0.6045942589416816,46725.53158803821,112.80709314084622,2.2497760969769093E-18,0.200043088805079,0.8186954757081856,9.209408077734723E-8
80900000000000.0,0.9993847143828006,0.34126561093842783,0.6045916910229473,46725.39691643299,112.80719808004994,2.2497781898392075E-18,0.20004297631627416,0.8186955678022664,9.209417680776492E-8
80950000000000.0,0.9993856771468987,0.34127175654036085,0.6045891229029905,46725.26242614159,112.80730273416451,2.24978027701581E-18,0.20004286382736466,0.8186956598964432,9.209427260546991E-8
81000000000000.0,0.9993866371968494,0.34127790099270583,0.6045865545826478,46725.12811665828,112.80740710399635,2.2497823585228E-18,0.2000427513383508,0.8186957519907158,9.209436817112052E-8
81050000000000.0,0.9993875945403506,0.34128404429792536,0.604583986062752,46724.99398747874,112.80751119034953,2.249784434376214E-18,0.20004263884923287,0.818695844085084,9.209446350537305E-8
81100000000000.0,0.999388549185079,0.3412901864584751,0.604581417344133,46724.86003810007,112.80761499402585,2.2497865045920423E-18,0.20004252636001116,0.8186959361795475,9.209455860888197E-8
81150000000000.0,0.9993895011386881,0.341296327476804,0.6045788484276173,46724.726268020866,112.80771851582473,2.2497885691862283E-18,0.20004241387068594,0.818696028274106,9.209465348229982E-8
81200000000000.0,0.9993904504088098,0.34130246735535424,0.6045762793140278,46724.59267674109,112.80782175654329,2.2497906281746693E-18,0.20004230138125748,0.8186961203687596,9.209474812627724E-8
81250000000000.0,0.9993913970030543,0.34130860609656116,0.6045737100041843,46724.45926376218,112.80792471697634,2.249792681573217E-18,0.20004218889172606,0.8186962124635077,9.209484254146303E-8
81300000000000.0,0.9993923409290099,0.3413147437028536,0.6045711404989035,46724.32602858694,112.80802739791648,2.2497947293976784E-18,0.20004207640209198,0.8186963045583503,9.209493672850413E-8
81350000000000.0,0.9993932821942424,0.34132088017665324,0.6045685707989986,46724.19297071963,112.80812980015384,2.2497967716638112E-18,0.2000419639123555,0.818696396653287,9.209503068804548E-8
81400000000000.0,0.9993942208062964,0.3413270155203753,0.6045660009052796,46724.060089665894,112.8082319244764,2.249798808387331E-18,0.20004185142251693,0.8186964887483177,9.20951244207303E-8
81450000000000.0,0.999395156772695,0.3413331497364283,0.6045634308185532,46723.9273849328,112.80833377166984,2.2498008395839074E-18,0.2000417389325765,0.8186965808434421,9.209521792719989E-8
81500000000000.0,0.9993960901009391,0.3413392828272139,0.6045608605396232,46723.79485602882,112.80843534251753,2.2498028652691628E-18,0.20004162644253454,0.81869667293866,9.209531120809366E-8
81550000000000.0,0.9993970207985088,0.3413454147951275,0.6045582900692896,46723.66250246382,112.80853663780064,2.249804885458677E-18,0.20004151395239128,0.8186967650339712,9.209540426404931E-8
81600000000000.0,0.9993979488728617,0.3413515456425574,0.60455571940835,46723.53032374906,112.80863765829801,2.2498069001679825E-18,0.200041401462147,0.8186968571293755,9.209549709570253E-8
81650000000000.0,0.9993988743314346,0.34135767537188555,0.604553148557598,46723.398319397194,112.80873840478623,2.2498089094125673E-18,0.20004128897180198,0.8186969492248726,9.209558970368719E-8
81700000000000.0,0.9993997971816428,0.3413638039854872,0.6045505775178245,46723.26648892227,112.80883887803971,2.2498109132078767E-18,0.20004117648135653,0.8186970413204623,9.209568208863546E-8
81750000000000.0,0.9994007174308804,0.34136993148573114,0.6045480062898173,46723.13483183969,112.80893907883058,2.2498129115693084E-18,0.20004106399081087,0.8186971334161444,9.209577425117757E-8
81800000000000.0,0.99940163508652,0.34137605787497954,0.6045454348743606,46723.00334766629,112.80903900792873,2.2498149045122182E-18,0.2000409515001653,0.8186972255119186,9.209586619194196E-8
81850000000000.0,0.9994025501559131,0.341382183155588,0.604542863272236,46722.87203592022,112.8091386661018,2.2498168920519143E-18,0.20004083900942007,0.8186973176077847,9.209595791155523E-8
81900000000000.0,0.9994034626463905,0.3413883073299056,0.604540291484222,46722.74089612103,112.80923805411535,2.2498188742036657E-18,0.20004072651857546,0.8186974097037427,9.209604941064223E-8
81950000000000.0,0.999404372565261,0.34139443040027495,0.604537719511093,46722.60992778965,112.80933717273254,2.2498208509826916E-18,0.20004061402763176,0.8186975017997921,9.209614068982593E-8
82000000000000.0,0.9994052799198131,0.3414005523690322,0.6045351473536216,46722.479130448366,112.8094360227144,2.24982282240417E-18,0.20004050153658923,0.8186975938959328,9.209623174972752E-8
82050000000000.0,0.9994061847173141,0.341406673238507,0.6045325750125767,46722.34850362079,112.80953460481979,2.249824788483236E-18,0.2000403890454481,0.8186976859921645,9.209632259096647E-8
82100000000000.0,0.999407086965011,0.34141279301102245,0.6045300024887238,46722.21804683193,112.80963291980541,2.2498267492349804E-18,0.20004027655420867,0.8186977780884871,9.209641321416038E-8
82150000000000.0,0.9994079866701291,0.3414189116888955,0.604527429782826,46722.08775960814,112.80973096842565,2.2498287046744482E-18,0.2000401640628712,0.8186978701849004,9.209650361992505E-8
82200000000000.0,0.9994088838398734,0.3414250292744364,0.6045248568956431,46721.9576414771,112.80982875143285,2.2498306548166435E-18,0.20004005157143598,0.818697962281404,9.209659380887455E-8
82250000000000.0,0.9994097784814284,0.341431145769949,0.6045222838279316,46721.82769196784,112.80992626957708,2.249832599676526E-18,0.20003993907990325,0.8186980543779978,9.209668378162117E-8
82300000000000.0,0.9994106706019578,0.34143726117773104,0.6045197105804455,46721.69791061075,112.81002352360635,2.2498345392690135E-18,0.20003982658827327,0.8186981464746815,9.209677353877548E-8
82350000000000.0,0.9994115602086039,0.3414433755000738,0.6045171371539353,46721.56829693754,112.81012051426633,2.249836473608977E-18,0.2000397140965463,0.8186982385714551,9.209686308094612E-8
82400000000000.0,0.9994124473084901,0.3414494887392624,0.6045145635491486,46721.43885048125,112.81021724230075,2.2498384027112497E-18,0.20003960160472262,0.8186983306683182,9.209695240874019E-8
82450000000000.0,0.9994133319087178,0.341455600897575,0.6045119897668304,46721.30957077626,112.81031370845105,2.2498403265906183E-18,0.20003948911280248,0.8186984227652706,9.209704152276288E-8
82500000000000.0,0.9994142140163691,0.3414617119772841,0.6045094158077223,46721.180457358234,112.81040991345657,2.2498422452618275E-18,0.20003937662078614,0.8186985148623122,9.209713042361767E-8
82550000000000.0,0.9994150936385051,0.34146782198065584,0.6045068416725632,46721.05150976425,112.81050585805451,2.2498441587395805E-18,0.20003926412867387,0.8186986069594425,9.209721911190635E-8
82600000000000.0,0.9994159707821667,0.3414739309099498,0.6045042673620887,46720.92272753259,112.81060154297994,2.2498460670385364E-18,0.20003915163646593,0.8186986990566617,9.209730758822887E-8
82650000000000.0,0.999416845454375,0.3414800387674198,0.6045016928770318,46720.79411020291,112.81069696896583,2.249847970173314E-18,0.20003903914416257,0.8186987911539693,9.209739585318356E-8
82700000000000.0,0.9994177176621309,0.3414861455553129,0.6044991182181225,46720.66565731616,112.81079213674303,2.249849868158488E-18,0.20003892665176407,0.8186988832513651,9.209748390736697E-8
82750000000000.0,0.9994185874124148,0.3414922512758703,0.6044965433860876,46720.537368414625,112.81088704704027,2.249851761008593E-18,0.20003881415927066,0.8186989753488491,9.209757175137393E-8
82800000000000.0,0.9994194547121874,0.3414983559313268,0.6044939683816513,46720.40924304183,112.81098170058416,2.24985364873812E-18,0.2000387016666826,0.8186990674464207,9.209765938579757E-8
82850000000000.0,0.9994203195683893,0.34150445952391134,0.6044913932055351,46720.28128074265,112.81107609809928,2.249855531361519E-18,0.20003858917400016,0.8186991595440801,9.20977468112293E-8
82900000000000.0,0.9994211819879409,0.3415105620558464,0.6044888178584571,46720.153481063266,112.811170240308,2.249857408893197E-18,0.2000384766812236,0.818699251641827,9.209783402825878E-8
82950000000000.0,0.9994220419777432,0.3415166635293485,0.6044862423411329,46720.02584355108,112.81126412793071,2.2498592813475213E-18,0.20003836418835316,0.818699343739661,9.209792103747402E-8
83000000000000.0,0.9994228995446771,0.34152276394662795,0.6044836666542751,46719.898367754846,112.81135776168568,2.249861148738817E-18,0.2000382516953891,0.818699435837582,9.209800783946133E-8
83050000000000.0,0.9994237546956042,0.3415288633098889,0.6044810907985935,46719.771053224555,112.81145114228914,2.2498630110813678E-18,0.20003813920233168,0.8186995279355899,9.209809443480534E-8
83100000000000.0,0.9994246074373658,0.3415349616213296,0.604478514774795,46719.6438995115,112.81154427045523,2.2498648683894164E-18,0.20003802670918114,0.8186996200336842,9.209818082408896E-8
83150000000000.0,0.9994254577767838,0.3415410588831422,0.6044759385835837,46719.51690616827,112.81163714689595,2.2498667206771622E-18,0.20003791421593772,0.8186997121318651,9.209826700789335E-8
83200000000000.0,0.9994263057206608,0.34154715509751266,0.6044733622256611,46719.390072748676,112.81172977232141,2.2498685679587683E-18,0.2000378017226017,0.8186998042301321,9.20983529867982E-8
83250000000000.0,0.9994271512757795,0.34155325026662114,0.6044707857017255,46719.263398807845,112.81182214743956,2.2498704102483528E-18,0.20003768922917328,0.818699896328485,9.209843876138134E-8
83300000000000.0,0.9994279944489035,0.3415593443926415,0.6044682090124724,46719.13688390214,112.81191427295633,2.249872247559995E-18,0.20003757673565278,0.8186999884269238,9.2098524332219E-8
83350000000000.0,0.9994288352467766,0.3415654374777419,0.6044656321585954,46719.01052758918,112.8120061495756,2.2498740799077327E-18,0.2000374642420404,0.8187000805254482,9.209860969988574E-8
83400000000000.0,0.9994296736761233,0.34157152952408426,0.6044630551407842,46718.88432942787,112.81209777799926,2.249875907305564E-18,0.20003735174833642,0.8187001726240579,9.209869486495447E-8
83450000000000.0,0.9994305097436494,0.3415776205338247,0.6044604779597262,46718.75828897834,112.81218915892715,2.2498777297674464E-18,0.20003723925454106,0.8187002647227527,9.209877982799647E-8
83500000000000.0,0.9994313434560411,0.3415837105091134,0.6044579006161064,46718.63240580199,112.81228029305711,2.249879547307297E-18,0.20003712676065458,0.8187003568215325,9.209886458958131E-8
83550000000000.0,0.9994321748199652,0.34158979945209467,0.6044553231106065,46718.50667946144,112.81237118108497,2.2498813599389928E-18,0.20003701426667722,0.8187004489203972,9.209894915027698E-8
83600000000000.0,0.9994330038420693,0.34159588736490665,0.6044527454439056,46718.38110952058,112.8124618237045,2.249883167676371E-18,0.20003690177260922,0.8187005410193463,9.209903351064981E-8
83650000000000.0,0.999433830528983,0.3416019742496818,0.6044501676166801,46718.25569554452,112.81255222160755,2.249884970533229E-18,0.20003678927845084,0.8187006331183798,9.209911767126452E-8
83700000000000.0,0.9994346548873151,0.3416080601085469,0.6044475896296043,46718.13043709962,112.81264237548388,2.2498867685233232E-18,0.2000366767842023,0.8187007252174975,9.209920163268411E-8
83750000000000.0,0.9994354769236572,0.34161414494362224,0.604445011483349,46718.00533375348,112.81273228602139,2.2498885616603725E-18,0.20003656428986388,0.8187008173166991,9.20992853954701E-8
83800000000000.0,0.9994362966445809,0.34162022875702314,0.6044424331785824,46717.88038507489,112.81282195390585,2.249890349958054E-18,0.2000364517954358,0.8187009094159845,9.209936896018226E-8
83850000000000.0,0.9994371140566395,0.3416263115508583,0.6044398547159705,46717.7555906339,112.81291137982119,2.2498921334300077E-18,0.2000363393009183,0.8187010015153534,9.209945232737886E-8
83900000000000.0,0.9994379291663672,0.34163239332723117,0.6044372760961764,46717.63095000176,112.81300056444927,2.249893912089832E-18,0.20003622680631164,0.8187010936148058,9.209953549761646E-8
83950000000000.0,0.9994387419802797,0.34163847408823905,0.6044346973198605,46717.50646275095,112.81308950847004,2.2498956859510877E-18,0.20003611431161603,0.8187011857143413,9.20996184714501E-8
84000000000000.0,0.9994395525048742,0.34164455383597364,0.6044321183876806,46717.38212845517,112.8131782125615,2.2498974550272966E-18,0.20003600181683173,0.8187012778139597,9.209970124943319E-8
84050000000000.0,0.9994403607466289,0.34165063257252104,0.6044295393002921,46717.2579466893,112.81326667739967,2.249899219331941E-18,0.20003588932195898,0.818701369913661,9.209978383211754E-8
84100000000000.0,0.9994411667120033,0.34165671029996136,0.6044269600583473,46717.13391702947,112.81335490365858,2.249900978878463E-18,0.20003577682699802,0.8187014620134448,9.20998662200533E-8
84150000000000.0,0.999441970407439,0.3416627870203688,0.6044243806624962,46717.01003905298,112.8134428920104,2.249902733680269E-18,0.20003566433194908,0.818701554113311,9.209994841378921E-8
84200000000000.0,0.9994427718393586,0.34166886273581243,0.6044218011133861,46716.88631233834,112.8135306431253,2.2499044837507237E-18,0.2000355518368124,0.8187016462132595,9.210003041387224E-8
84250000000000.0,0.9994435710141665,0.3416749374483552,0.6044192214116619,46716.76273646527,112.81361815767158,2.2499062291031558E-18,0.2000354393415882,0.8187017383132899,9.210011222084794E-8
84300000000000.0,0.9994443679382486,0.3416810111600546,0.6044166415579658,46716.639311014675,112.81370543631554,2.2499079697508534E-18,0.20003532684627676,0.818701830413402,9.210019383526016E-8
84350000000000.0,0.9994451626179728,0.34168708387296215,0.6044140615529373,46716.516035568646,112.81379247972163,2.249909705707068E-18,0.20003521435087826,0.818701922513596,9.210027525765125E-8
84400000000000.0,0.9994459550596888,0.341693155589124,0.6044114813972137,46716.39290971045,112.81387928855236,2.2499114369850132E-18,0.20003510185539297,0.8187020146138712,9.210035648856204E-8
84450000000000.0,0.9994467452697278,0.3416992263105808,0.6044089010914292,46716.26993302454,112.81396586346833,2.2499131635978627E-18,0.2000349893598211,0.8187021067142277,9.210043752853172E-8
84500000000000.0,0.9994475332544032,0.34170529603936733,0.604406320636216,46716.14710509658,112.81405220512825,2.2499148855587543E-18,0.20003487686416294,0.8187021988146652,9.210051837809798E-8
84550000000000.0,0.9994483190200096,0.34171136477751274,0.6044037400322037,46716.024425513366,112.81413831418891,2.249916602880786E-18,0.20003476436841866,0.8187022909151835,9.210059903779693E-8
84600000000000.0,0.9994491025728245,0.34171743252704107,0.6044011592800189,46715.9018938629,112.8142241913052,2.2499183155770193E-18,0.2000346518725885,0.8187023830157827,9.210067950816311E-8
84650000000000.0,0.9994498839191074,0.34172349928997015,0.6043985783802862,46715.779509734326,112.81430983713024,2.2499200236604794E-18,0.20003453937667273,0.8187024751164621,9.210075978972966E-8
84700000000000.0,0.9994506630650988,0.3417295650683128,0.6043959973336277,46715.657272717974,112.8143952523151,2.2499217271441512E-18,0.20003442688067155,0.8187025672172219,9.210083988302805E-8
84750000000000.0,0.9994514400170221,0.341735629864076,0.6043934161406629,46715.53518240535,112.81448043750905,2.2499234260409833E-18,0.2000343143845852,0.8187026593180619,9.210091978858821E-8
84800000000000.0,0.9994522147810834,0.34174169367926127,0.6043908348020088,46715.413238389076,112.81456539335956,2.2499251203638885E-18,0.2000342018884139,0.8187027514189816,9.210099950693865E-8
84850000000000.0,0.9994529873634701,0.34174775651586464,0.6043882533182797,46715.29144026297,112.81465012051214,2.2499268101257405E-18,0.2000340893921579,0.8187028435199811,9.21010790386063E-8
84900000000000.0,0.9994537577703521,0.3417538183758767,0.6043856716900878,46715.16978762198,112.81473461961045,2.2499284953393765E-18,0.2000339768958174,0.8187029356210601,9.210115838411651E-8
84950000000000.0,0.9994545260078815,0.3417598792612826,0.604383089918043,46715.04828006221,112.81481889129631,2.2499301760175965E-18,0.20003386439939264,0.8187030277222185,9.210123754399325E-8
85000000000000.0,0.9994552920821939,0.3417659391740621,0.6043805080027521,46714.92691718091,112.81490293620979,2.2499318521731656E-18,0.20003375190288383,0.818703119823456,9.210131651875893E-8
85050000000000.0,0.9994560559994061,0.3417719981161896,0.6043779259448203,46714.80569857648,112.814986754989,2.2499335238188104E-18,0.20003363940629124,0.8187032119247726,9.210139530893441E-8
85100000000000.0,0.9994568177656176,0.34177805608963363,0.6043753437448497,46714.68462384844,112.81507034827023,2.2499351909672204E-18,0.20003352690961504,0.8187033040261679,9.21014739150391E-8
85150000000000.0,0.9994575773869108,0.34178411309635776,0.6043727614034401,46714.56369259747,112.81515371668795,2.2499368536310494E-18,0.2000334144128555,0.8187033961276418,9.210155233759089E-8
85200000000000.0,0.9994583348693505,0.34179016913832,0.6043701789211894,46714.44290442536,112.81523686087486,2.249938511822916E-18,0.20003330191601282,0.8187034882291941,9.21016305771062E-8
85250000000000.0,0.9994590902189843,0.3417962242174731,0.6043675962986926,46714.32225893504,112.81531978146175,2.2499401655553997E-18,0.20003318941908724,0.8187035803308247,9.210170863409995E-8
85300000000000.0,0.9994598434418422,0.34180227833576415,0.6043650135365424,46714.20175573057,112.81540247907768,2.2499418148410468E-18,0.20003307692207897,0.8187036724325333,9.210178650908561E-8
85350000000000.0,0.9994605945439374,0.34180833149513545,0.6043624306353295,46714.08139441713,112.81548495434984,2.2499434596923653E-18,0.20003296442498822,0.8187037645343198,9.210186420257514E-8
85400000000000.0,0.9994613435312655,0.34181438369752354,0.6043598475956418,46713.96117460103,112.81556720790365,2.249945100121829E-18,0.20003285192781523,0.8187038566361841,9.210194171507904E-8
85450000000000.0,0.9994620904098053,0.3418204349448597,0.604357264418065,46713.84109588965,112.81564924036275,2.249946736141874E-18,0.2000327394305602,0.8187039487381258,9.210201904710635E-8
85500000000000.0,0.9994628351855177,0.34182648523906994,0.6043546811031827,46713.72115789157,112.81573105234888,2.2499483677649017E-18,0.2000326269332234,0.8187040408401448,9.210209619916458E-8
85550000000000.0,0.9994635778643475,0.34183253458207513,0.6043520976515757,46713.6013602164,112.81581264448212,2.249949995003278E-18,0.20003251443580503,0.818704132942241,9.210217317175992E-8
85600000000000.0,0.9994643184522218,0.3418385829757906,0.6043495140638228,46713.48170247489,112.8158940173807,2.2499516178693325E-18,0.20003240193830527,0.8187042250444142,9.210224996539694E-8
85650000000000.0,0.9994650569550516,0.3418446304221269,0.6043469303405006,46713.36218427889,112.81597517166114,2.2499532363753607E-18,0.20003228944072438,0.8187043171466641,9.210232658057893E-8
85700000000000.0,0.9994657933787304,0.341850676922989,0.6043443464821829,46713.24280524134,112.8160561079381,2.2499548505336218E-18,0.20003217694306255,0.8187044092489907,9.21024030178076E-8
85750000000000.0,0.9994665277291348,0.34185672248027665,0.6043417624894418,46713.123564976304,112.81613682682452,2.2499564603563395E-18,0.20003206444532,0.8187045013513937,9.21024792775833E-8
85800000000000.0,0.9994672600121247,0.3418627670958844,0.6043391783628468,46713.004463098914,112.81621732893157,2.2499580658557027E-18,0.20003195194749698,0.818704593453873,9.210255536040487E-8
85850000000000.0,0.9994679902335429,0.3418688107717019,0.6043365941029651,46712.88549922542,112.81629761486863,2.2499596670438644E-18,0.20003183944959368,0.8187046855564284,9.210263126676972E-8
85900000000000.0,0.9994687183992164,0.34187485350961305,0.604334009710362,46712.76667297313,112.81637768524344,2.2499612639329457E-18,0.20003172695161034,0.8187047776590597,9.210270699717395E-8
85950000000000.0,0.9994694445149545,0.3418808953114972,0.6043314251856001,46712.64798396044,112.81645754066183,2.2499628565350286E-18,0.20003161445354714,0.8187048697617667,9.210278255211204E-8
86000000000000.0,0.9994701685865507,0.3418869361792282,0.6043288405292396,46712.529431806855,112.81653718172805,2.249964444862164E-18,0.2000315019554043,0.8187049618645492,9.210285793207728E-8
86050000000000.0,0.9994708906197814,0.341892976114675,0.6043262557418392,46712.41101613295,112.81661660904447,2.2499660289263658E-18,0.20003138945718207,0.8187050539674071,9.210293313756132E-8
86100000000000.0,0.9994716106204071,0.3418990151197011,0.6043236708239543,46712.29273656035,112.81669582321187,2.249967608739615E-18,0.20003127695888062,0.8187051460703403,9.210300816905457E-8
86150000000000.0,0.999472328594171,0.3419050531961652,0.6043210857761394,46712.174592711766,112.81677482482918,2.249969184313857E-18,0.20003116446050018,0.8187052381733485,9.210308302704592E-8
86200000000000.0,0.9994730445468003,0.3419110903459209,0.6043185005989458,46712.05658421098,112.81685361449368,2.249970755661003E-18,0.20003105196204096,0.8187053302764314,9.210315771202287E-8
86250000000000.0,0.9994737584840061,0.3419171265708167,0.604315915292923,46711.938710682865,112.81693219280092,2.2499723227929312E-18,0.20003093946350317,0.8187054223795892,9.210323222447161E-8
86300000000000.0,0.999474470411483,0.3419231618726957,0.6043133298586181,46711.82097175331,112.81701056034473,2.249973885721484E-18,0.20003082696488703,0.8187055144828215,9.210330656487678E-8
86350000000000.0,0.9994751803349091,0.34192919625339646,0.604310744296576,46711.703367049304,112.81708871771727,2.249975444458472E-18,0.20003071446619275,0.818705606586128,9.210338073372183E-8
86400000000000.0,0.9994758882599463,0.3419352297147524,0.6043081586073398,46711.58589619887,112.81716666550892,2.2499769990156684E-18,0.20003060196742053,0.8187056986895087,9.210345473148861E-8
86450000000000.0,0.9994765941922408,0.34194126225859156,0.6043055727914503,46711.46855883108,112.81724440430847,2.2499785494048163E-18,0.20003048946857058,0.8187057907929635,9.210352855865775E-8
86500000000000.0,0.9994772981374221,0.3419472938867374,0.6043029868494456,46711.351354576094,112.81732193470293,2.2499800956376232E-18,0.2000303769696431,0.818705882896492,9.210360221570839E-8
86550000000000.0,0.9994780001011042,0.3419533246010083,0.6043004007818623,46711.234283065074,112.81739925727771,2.2499816377257638E-18,0.20003026447063832,0.8187059750000942,9.21036757031184E-8
86600000000000.0,0.9994787000888842,0.34195935440321756,0.6042978145892345,46711.117343930266,112.81747637261641,2.249983175680877E-18,0.20003015197155644,0.8187060671037699,9.210374902136412E-8
86650000000000.0,0.9994793981063439,0.3419653832951736,0.6042952282720946,46711.000536804924,112.8175532813011,2.249984709514572E-18,0.20003003947239764,0.818706159207519,9.21038221709207E-8
86700000000000.0,0.999480094159049,0.3419714112786798,0.6042926418309723,46710.88386132335,112.81762998391208,2.2499862392384213E-18,0.20002992697316216,0.8187062513113411,9.210389515226184E-8
86750000000000.0,0.9994807882525492,0.34197743835553474,0.6042900552663956,46710.767317120924,112.81770648102801,2.2499877648639658E-18,0.2000298144738502,0.8187063434152363,9.210396796585983E-8
86800000000000.0,0.9994814803923783,0.3419834645275321,0.6042874685788902,46710.650903834,112.81778277322591,2.2499892864027135E-18,0.20002970197446196,0.8187064355192043,9.21040406121857E-8
86850000000000.0,0.9994821705840548,0.34198948979646066,0.6042848817689795,46710.534621099985,112.81785886108116,2.249990803866139E-18,0.20002958947499763,0.8187065276232449,9.210411309170909E-8
86900000000000.0,0.9994828588330806,0.3419955141641041,0.6042822948371857,46710.41846855731,112.8179347451674,2.2499923172656836E-18,0.20002947697545745,0.8187066197273579,9.210418540489829E-8
86950000000000.0,0.999483545144943,0.34200153763224156,0.6042797077840274,46710.30244584545,112.81801042605676,2.2499938266127567E-18,0.20002936447584158,0.8187067118315434,9.210425755222027E-8
87000000000000.0,0.9994842295251122,0.34200756020264683,0.6042771206100226,46710.18655260488,112.81808590431957,2.2499953319187334E-18,0.20002925197615024,0.818706803935801,9.210432953414058E-8
87050000000000.0,0.9994849119790438,0.3420135818770896,0.6042745333156866,46710.070788477096,112.81816118052461,2.249996833194957E-18,0.20002913947638365,0.8187068960401305,9.210440135112351E-8
87100000000000.0,0.9994855925121778,0.3420196026573341,0.6042719459015324,46709.9551531046,112.8182362552391,2.2499983304527394E-18,0.20002902697654198,0.8187069881445318,9.210447300363203E-8
87150000000000.0,0.9994862711299382,0.3420256225451398,0.6042693583680715,46709.83964613094,112.81831112902847,2.2499998237033584E-18,0.20002891447662546,0.8187070802490048,9.210454449212772E-8
87200000000000.0,0.9994869478377338,0.3420316415422617,0.6042667707158129,46709.72426720064,112.81838580245666,2.2500013129580595E-18,0.20002880197663428,0.8187071723535493,9.210461581707087E-8
87250000000000.0,0.9994876226409583,0.34203765965044963,0.604264182945264,46709.60901595924,112.81846027608593,2.2500027982280574E-18,0.20002868947656863,0.8187072644581651,9.210468697892047E-8
87300000000000.0,0.9994882955449893,0.34204367687144904,0.6042615950569296,46709.493892053295,112.81853455047698,2.250004279524534E-18,0.20002857697642873,0.8187073565628521,9.210475797813419E-8
87350000000000.0,0.9994889665551893,0.34204969320700046,0.604259007051313,46709.37889513034,112.81860862618882,2.250005756858638E-18,0.20002846447621475,0.81870744866761,9.210482881516831E-8
87400000000000.0,0.9994896356769053,0.34205570865883955,0.6042564189289152,46709.26402483893,112.81868250377889,2.2500072302414867E-18,0.20002835197592692,0.8187075407724389,9.210489949047786E-8
87450000000000.0,0.99949030291547,0.34206172322869727,0.6042538306902354,46709.1492808286,112.8187561838031,2.250008699684167E-18,0.20002823947556542,0.8187076328773384,9.210497000451662E-8
87500000000000.0,0.9994909682761998,0.34206773691829984,0.6042512423357707,46709.034662749866,112.81882966681566,2.2500101651977315E-18,0.20002812697513042,0.8187077249823084,9.210504035773697E-8
87550000000000.0,0.9994916317643958,0.34207374972936905,0.6042486538660161,46708.92017025429,112.81890295336922,2.2500116267932024E-18,0.20002801447462215,0.8187078170873487,9.210511055059E-8
87600000000000.0,0.9994922933853451,0.34207976166362153,0.6042460652814651,46708.80580299435,112.81897604401489,2.250013084481571E-18,0.2000279019740408,0.8187079091924593,9.210518058352558E-8
87650000000000.0,0.9994929531443189,0.34208577272276963,0.6042434765826086,46708.69156062354,112.81904893930218,2.250014538273796E-18,0.20002778947338656,0.8187080012976399,9.21052504569923E-8
87700000000000.0,0.9994936110465737,0.342091782908521,0.6042408877699358,46708.57744279634,112.81912163977903,2.2500159881808055E-18,0.20002767697265966,0.8187080934028903,9.210532017143736E-8
87750000000000.0,0.9994942670973509,0.3420977922225783,0.604238298843934,46708.4634491682,112.8191941459918,2.2500174342134955E-18,0.20002756447186026,0.8187081855082106,9.210538972730674E-8
87800000000000.0,0.9994949213018766,0.34210380066663987,0.6042357098050885,46708.349579395544,112.81926645848523,2.250018876382731E-18,0.20002745197098856,0.8187082776136002,9.210545912504513E-8
87850000000000.0,0.9994955736653621,0.3421098082423993,0.6042331206538827,46708.23583313579,112.81933857780258,2.250020314699345E-18,0.20002733947004475,0.8187083697190594,9.210552836509592E-8
87900000000000.0,0.9994962241930048,0.3421158149515455,0.6042305313907982,46708.12221004725,112.81941050448556,2.250021749174143E-18,0.20002722696902903,0.8187084618245877,9.210559744790137E-8
87950000000000.0,0.9994968728899856,0.3421218207957631,0.6042279420163144,46708.00870978931,112.81948223907422,2.250023179817894E-18,0.20002711446794158,0.8187085539301852,9.210566637390224E-8
88000000000000.0,0.9994975197614722,0.3421278257767317,0.6042253525309086,46707.89533202226,112.81955378210716,2.2500246066413406E-18,0.20002700196678258,0.8187086460358515,9.210573514353823E-8
88050000000000.0,0.9994981648126163,0.3421338298961266,0.6042227629350572,46707.78207640734,112.81962513412144,2.250026029655193E-18,0.20002688946555225,0.8187087381415866,9.210580375724767E-8
88100000000000.0,0.9994988080485555,0.3421398331556184,0.6042201732292336,46707.6689426068,112.81969629565246,2.2500274488701295E-18,0.20002677696425078,0.8187088302473904,9.210587221546761E-8
88150000000000.0,0.9994994494744135,0.34214583555687345,0.6042175834139095,46707.55593028377,112.8197672672343,2.250028864296801E-18,0.20002666446287834,0.8187089223532626,9.2105940518634E-8
88200000000000.0,0.9995000890952979,0.34215183710155295,0.6042149934895554,46707.44303910242,112.8198380493993,2.2500302759458245E-18,0.20002655196143512,0.8187090144592032,9.210600866718135E-8
88250000000000.0,0.9995007269163029,0.34215783779131415,0.6042124034566392,46707.330268727805,112.8199086426784,2.2500316838277895E-18,0.20002643945992132,0.8187091065652118,9.21060766615431E-8
88300000000000.0,0.999501362942507,0.34216383762780983,0.6042098133156273,46707.21761882597,112.81997904760094,2.250033087953252E-18,0.20002632695833714,0.8187091986712884,9.21061445021513E-8
88350000000000.0,0.9995019971789756,0.3421698366126878,0.6042072230669838,46707.10508906388,112.8200492646948,2.2500344883327404E-18,0.20002621445668273,0.8187092907774329,9.210621218943686E-8
88400000000000.0,0.9995026296307585,0.3421758347475916,0.6042046327111719,46706.99267910944,112.82011929448632,2.2500358849767516E-18,0.20002610195495832,0.8187093828836451,9.210627972382941E-8
88450000000000.0,0.9995032603028922,0.3421818320341603,0.6042020422486518,46706.8803886315,112.82018913750036,2.2500372778957528E-18,0.20002598945316408,0.8187094749899249,9.210634710575734E-8
88500000000000.0,0.9995038892003975,0.3421878284740286,0.6041994516798824,46706.768217299854,112.82025879426023,2.2500386671001813E-18,0.20002587695130017,0.818709567096272,9.210641433564785E-8
88550000000000.0,0.9995045163282822,0.34219382406882676,0.604196861005321,46706.656164785214,112.82032826528781,2.250040052600445E-18,0.20002576444936682,0.8187096592026863,9.210648141392695E-8
88600000000000.0,0.9995051416915393,0.3421998188201804,0.6041942702254227,46706.54423075925,112.82039755110344,2.250041434406921E-18,0.20002565194736419,0.8187097513091678,9.210654834101932E-8
88650000000000.0,0.9995057652951469,0.34220581272971085,0.6041916793406409,46706.43241489454,112.82046665222593,2.2500428125299566E-18,0.20002553944529247,0.8187098434157161,9.21066151173485E-8
88700000000000.0,0.99950638714407,0.3422118057990351,0.6041890883514273,46706.3207168646,112.82053556917269,2.250044186979871E-18,0.20002542694315184,0.8187099355223312,9.21066817433368E-8
88750000000000.0,0.9995070072432588,0.34221779802976565,0.6041864972582316,46706.20913634385,112.82060430245959,2.2500455577669522E-18,0.2000253144409425,0.8187100276290129,9.210674821940536E-8
88800000000000.0,0.9995076255976497,0.3422237894235106,0.6041839060615017,46706.09767300765,112.82067285260104,2.2500469249014592E-18,0.2000252019386646,0.8187101197357611,9.210681454597403E-8
88850000000000.0,0.9995082422121648,0.3422297799818738,0.6041813147616842,46705.98632653227,112.82074122011,2.2500482883936225E-18,0.20002508943631836,0.8187102118425758,9.210688072346151E-8
88900000000000.0,0.9995088570917122,0.34223576970645453,0.6041787233592234,46705.87509659491,112.8208094054979,2.2500496482536418E-18,0.20002497693390395,0.8187103039494564,9.21069467522853E-8
88950000000000.0,0.9995094702411856,0.34224175859884776,0.6041761318545616,46705.763982873665,112.82087740927473,2.2500510044916882E-18,0.20002486443142153,0.8187103960564032,9.210701263286171E-8
89000000000000.0,0.9995100816654658,0.3422477466606445,0.6041735402481402,46705.652985047534,112.82094523194907,2.2500523571179046E-18,0.2000247519288713,0.8187104881634159,9.210707836560582E-8
89050000000000.0,0.9995106913694193,0.3422537338934309,0.6041709485403979,46705.54210279645,112.82101287402801,2.250053706142404E-18,0.20002463942625345,0.8187105802704941,9.210714395093159E-8
89100000000000.0,0.9995112993578981,0.3422597202987892,0.6041683567317722,46705.43133580122,112.82108033601718,2.2500550515752704E-18,0.20002452692356815,0.8187106723776382,9.210720938925174E-8
89150000000000.0,0.999511905635741,0.3422657058782971,0.604165764822699,46705.320683743594,112.82114761842077,2.2500563934265593E-18,0.20002441442081556,0.8187107644848475,9.210727468097782E-8
89200000000000.0,0.999512510207773,0.3422716906335281,0.604163172813612,46705.21014630618,112.82121472174154,2.2500577317062978E-18,0.2000243019179959,0.8187108565921222,9.210733982652024E-8
89250000000000.0,0.9995131130788052,0.34227767456605146,0.6041605807049432,46705.09972317249,112.8212816464808,2.2500590664244834E-18,0.2000241894151093,0.818710948699462,9.210740482628816E-8
89300000000000.0,0.9995137142536347,0.3422836576774321,0.6041579884971233,46704.98941402696,112.8213483931384,2.250060397591085E-18,0.20002407691215598,0.8187110408068669,9.210746968068964E-8
89350000000000.0,0.9995143137370451,0.3422896399692307,0.604155396190581,46704.8792185549,112.82141496221277,2.2500617252160433E-18,0.2000239644091361,0.8187111329143365,9.210753439013151E-8
89400000000000.0,0.9995149115338072,0.34229562144300374,0.6041528037857431,46704.769136442505,112.821481354201,2.250063049309272E-18,0.20002385190604985,0.8187112250218709,9.210759895501954E-8
89450000000000.0,0.9995155076486767,0.3423016021003034,0.604150211283035,46704.65916737687,112.82154756959858,2.2500643698806524E-18,0.2000237394028974,0.8187113171294699,9.210766337575818E-8
89500000000000.0,0.9995161020863972,0.342307581942678,0.6041476186828806,46704.54931104595,112.82161360889977,2.2500656869400426E-18,0.2000236268996789,0.8187114092371333,9.210772765275086E-8
89550000000000.0,0.9995166948516976,0.34231356097167104,0.6041450259857014,46704.43956713861,112.82167947259727,2.250067000497268E-18,0.20002351439639454,0.8187115013448609,9.210779178639978E-8
89600000000000.0,0.9995172859492941,0.34231953918882235,0.6041424331919178,46704.32993534458,112.82174516118246,2.250068310562129E-18,0.20002340189304452,0.8187115934526527,9.210785577710603E-8
89650000000000.0,0.9995178753838896,0.34232551659566735,0.6041398403019486,46704.220415354466,112.82181067514534,2.250069617144398E-18,0.200023289389629,0.8187116855605084,9.210791962526959E-8
89700000000000.0,0.9995184631601729,0.3423314931937374,0.6041372473162102,46704.11100685976,112.8218760149744,2.2500709202538173E-18,0.20002317688614812,0.8187117776684281,9.210798333128921E-8
89750000000000.0,0.9995190492828194,0.3423374689845596,0.604134654235118,46704.00170955283,112.82194118115675,2.2500722199001006E-18,0.20002306438260212,0.8187118697764114,9.210804689556244E-8
89800000000000.0,0.9995196337564923,0.3423434439696567,0.6041320610590857,46703.89252312689,112.8220061741782,2.250073516092938E-18,0.20002295187899113,0.8187119618844583,9.210811031848593E-8
89850000000000.0,0.9995202165858403,0.3423494181505478,0.6041294677885252,46703.78344727602,112.8220709945231,2.2500748088419886E-18,0.20002283937531534,0.8187120539925686,9.210817360045496E-8
89900000000000.0,0.9995207977755,0.34235539152874767,0.6041268744238467,46703.67448169519,112.82213564267445,2.2500760981568853E-18,0.2000227268715749,0.8187121461007422,9.210823674186384E-8
89950000000000.0,0.9995213773300937,0.34236136410576695,0.6041242809654588,46703.56562608022,112.82220011911384,2.2500773840472325E-18,0.20002261436777,0.818712238208979,9.210829974310566E-8
90000000000000.0,0.9995219552542313,0.342367335883112,0.6041216874137685,46703.45688012778,112.8222644243215,2.2500786665226077E-18,0.2000225018639008,0.8187123303172787,9.210836260457242E-8
90050000000000.0,0.9995225315525089,0.34237330686228545,0.6041190937691814,46703.348243535416,112.82232855877626,2.2500799455925605E-18,0.20002238935996747,0.8187124224256414,9.210842532665495E-8
90100000000000.0,0.9995231062295103,0.3423792770447856,0.604116500032101,46703.23971600151,112.82239252295562,2.2500812212666143E-18,0.20002227685597018,0.8187125145340667,9.210848790974304E-8
90150000000000.0,0.9995236792898058,0.3423852464321068,0.6041139062029296,46703.1312972253,112.82245631733569,2.250082493554264E-18,0.20002216435190912,0.8187126066425545,9.210855035422533E-8
90200000000000.0,0.9995242507379521,0.3423912150257394,0.6041113122820676,46703.02298690692,112.82251994239117,2.2500837624649767E-18,0.20002205184778443,0.8187126987511049,9.210861266048931E-8
90250000000000.0,0.9995248205784946,0.3423971828271694,0.604108718269914,46702.91478474727,112.82258339859553,2.2500850280081957E-18,0.2000219393435963,0.8187127908597176,9.210867482892144E-8
90300000000000.0,0.9995253888159643,0.3424031498378791,0.6041061241668662,46702.80669044813,112.8226466864208,2.2500862901933346E-18,0.2000218268393449,0.8187128829683924,9.210873685990703E-8
90350000000000.0,0.9995259554548794,0.34240911605934665,0.6041035299733197,46702.69870371216,112.82270980633763,2.25008754902978E-18,0.2000217143350304,0.8187129750771293,9.210879875383028E-8
90400000000000.0,0.9995265204997462,0.34241508149304634,0.6041009356896692,46702.590824242805,112.8227727588154,2.2500888045268925E-18,0.20002160183065296,0.818713067185928,9.210886051107431E-8
90450000000000.0,0.9995270839550573,0.3424210461404482,0.604098341316307,46702.48305174436,112.82283554432215,2.2500900566940072E-18,0.20002148932621272,0.8187131592947885,9.210892213202118E-8
90500000000000.0,0.9995276458252927,0.3424270100030187,0.6040957468536243,46702.375385921994,112.82289816332448,2.2500913055404293E-18,0.2000213768217099,0.8187132514037107,9.210898361705174E-8
90550000000000.0,0.9995282061149198,0.3424329730822197,0.6040931523020102,46702.26782648166,112.82296061628777,2.2500925510754405E-18,0.20002126431714462,0.8187133435126943,9.210904496654588E-8
90600000000000.0,0.9995287648283933,0.3424389353795097,0.604090557661853,46702.16037313016,112.82302290367602,2.250093793308294E-18,0.20002115181251706,0.8187134356217393,9.210910618088235E-8
90650000000000.0,0.9995293219701552,0.342444896896343,0.6040879629335388,46702.05302557513,112.82308502595191,2.250095032248218E-18,0.2000210393078274,0.8187135277308454,9.210916726043885E-8
90700000000000.0,0.9995298775446348,0.3424508576341699,0.6040853681174528,46701.945783525036,112.8231469835768,2.250096267904413E-18,0.20002092680307576,0.8187136198400127,9.210922820559193E-8
90750000000000.0,0.9995304315562487,0.3424568175944368,0.6040827732139781,46701.83864668916,112.82320877701073,2.2500975002860547E-18,0.20002081429826238,0.8187137119492409,9.210928901671712E-8
90800000000000.0,0.9995309840094011,0.34246277677858633,0.6040801782234965,46701.73161477759,112.82327040671241,2.2500987294022905E-18,0.20002070179338735,0.8187138040585299,9.210934969418887E-8
90850000000000.0,0.9995315349084835,0.34246873518805704,0.6040775831463884,46701.62468750127,112.82333187313927,2.2500999552622433E-18,0.20002058928845087,0.8187138961678796,9.210941023838053E-8
90900000000000.0,0.9995320842578752,0.3424746928242838,0.6040749879830322,46701.5178645719,112.82339317674742,2.2501011778750104E-18,0.2000204767834531,0.8187139882772898,9.210947064966448E-8
90950000000000.0,0.999532632061943,0.34248064968869735,0.6040723927338052,46701.41114570206,112.82345431799165,2.250102397249661E-18,0.20002036427839423,0.8187140803867605,9.210953092841187E-8
91000000000000.0,0.9995331783250412,0.3424866057827247,0.6040697973990834,46701.3045306051,112.82351529732551,2.2501036133952414E-18,0.20002025177327437,0.8187141724962914,9.210959107499301E-8
91050000000000.0,0.9995337230515112,0.34249256110778903,0.6040672019792408,46701.1980189952,112.82357611520116,2.2501048263207685E-18,0.2000201392680937,0.8187142646058825,9.210965108977692E-8
91100000000000.0,0.9995342662456828,0.3424985156653095,0.6040646064746501,46701.09161058734,112.82363677206953,2.2501060360352357E-18,0.20002002676285238,0.8187143567155336,9.210971097313168E-8
91150000000000.0,0.9995348079118732,0.34250446945670154,0.6040620108856827,46700.98530509732,112.82369726838027,2.2501072425476106E-18,0.20001991425755059,0.8187144488252446,9.210977072542434E-8
91200000000000.0,0.9995353480543876,0.3425104224833769,0.6040594152127082,46700.879102241684,112.82375760458174,2.2501084458668353E-18,0.20001980175218845,0.8187145409350153,9.210983034702092E-8
91250000000000.0,0.9995358866775181,0.3425163747467432,0.6040568194560949,46700.773001737856,112.82381778112097,2.2501096460018248E-18,0.20001968924676616,0.8187146330448456,9.210988983828626E-8
91300000000000.0,0.9995364237855454,0.3425223262482045,0.6040542236162098,46700.667003304006,112.82387779844373,2.2501108429614697E-18,0.20001957674128387,0.8187147251547354,9.210994919958428E-8
91350000000000.0,0.9995369593827382,0.3425282769891609,0.604051627693418,46700.56110665913,112.8239376569946,2.2501120367546366E-18,0.2000194642357417,0.8187148172646846,9.211000843127786E-8
91400000000000.0,0.9995374934733522,0.34253422697100877,0.6040490316880834,46700.45531152297,112.82399735721678,2.250113227390164E-18,0.20001935173013988,0.8187149093746932,9.211006753372874E-8
91450000000000.0,0.9995380260616318,0.3425401761951409,0.6040464356005685,46700.349617616106,112.82405689955229,2.2501144148768677E-18,0.2000192392244785,0.8187150014847606,9.211012650729779E-8
91500000000000.0,0.999538557151809,0.342546124662946,0.6040438394312344,46700.24402465991,112.82411628444184,2.250115599223537E-18,0.20001912671875777,0.8187150935948871,9.211018535234471E-8
91550000000000.0,0.9995390867481034,0.3425520723758092,0.6040412431804406,46700.13853237649,112.82417551232489,2.250116780438936E-18,0.2000190142129778,0.8187151857050725,9.211024406922822E-8
91600000000000.0,0.9995396148547232,0.3425580193351119,0.6040386468485451,46700.0331404888,112.8242345836396,2.2501179585318037E-18,0.20001890170713876,0.8187152778153166,9.211030265830598E-8
91650000000000.0,0.9995401414758645,0.34256396554223156,0.6040360504359047,46699.92784872054,112.82429349882298,2.2501191335108556E-18,0.20001878920124083,0.8187153699256192,9.211036111993475E-8
91700000000000.0,0.9995406666157114,0.3425699109985422,0.6040334539428746,46699.822656796176,112.82435225831075,2.250120305384781E-18,0.20001867669528417,0.8187154620359803,9.211041945447016E-8
91750000000000.0,0.9995411902784358,0.3425758557054141,0.6040308573698087,46699.71756444098,112.82441086253733,2.2501214741622442E-18,0.2000185641892689,0.8187155541463998,9.211047766226678E-8
91800000000000.0,0.9995417124681985,0.3425817996642135,0.6040282607170593,46699.61257138102,112.824469311936,2.2501226398518858E-18,0.20001845168319518,0.8187156462568774,9.211053574367834E-8
91850000000000.0,0.9995422331891476,0.34258774287630345,0.6040256639849776,46699.50767734307,112.8245276069387,2.2501238024623213E-18,0.2000183391770632,0.8187157383674132,9.211059369905742E-8
91900000000000.0,0.9995427524454202,0.3425936853430429,0.6040230671739132,46699.40288205473,112.82458574797623,2.250124962002141E-18,0.20001822667087307,0.8187158304780069,9.211065152875565E-8
91950000000000.0,0.9995432702411409,0.3425996270657873,0.6040204702842144,46699.29818524437,112.82464373547809,2.250126118479912E-18,0.20001811416462498,0.8187159225886584,9.211070923312362E-8
92000000000000.0,0.9995437865804233,0.34260556804588843,0.6040178733162277,46699.19358664107,112.82470156987259,2.2501272719041754E-18,0.20001800165831907,0.8187160146993676,9.211076681251098E-8
92050000000000.0,0.9995443014673688,0.3426115082846945,0.6040152762702988,46699.08908597473,112.82475925158681,2.2501284222834493E-18,0.20001788915195548,0.8187161068101345,9.211082426726628E-8
92100000000000.0,0.9995448149060675,0.3426174477835499,0.6040126791467718,46698.984682976006,112.82481678104664,2.250129569626227E-18,0.20001777664553436,0.8187161989209587,9.211088159773723E-8
92150000000000.0,0.9995453269005974,0.3426233865437953,0.6040100819459893,46698.8803773763,112.82487415867666,2.2501307139409767E-18,0.20001766413905586,0.8187162910318404,9.211093880427039E-8
92200000000000.0,0.9995458374550251,0.34262932456676826,0.6040074846682927,46698.77616890776,112.82493138490035,2.2501318552361436E-18,0.20001755163252016,0.8187163831427792,9.21109958872114E-8
92250000000000.0,0.9995463465734062,0.3426352618538023,0.604004887314022,46698.67205730332,112.82498846013995,2.2501329935201484E-18,0.2000174391259274,0.818716475253775,9.211105284690494E-8
92300000000000.0,0.999546854259784,0.34264119840622753,0.6040022898835159,46698.568042296654,112.82504538481645,2.250134128801388E-18,0.20001732661927774,0.8187165673648279,9.211110968369467E-8
92350000000000.0,0.9995473605181907,0.34264713422537035,0.6039996923771115,46698.46412362217,112.8251021593497,2.250135261088235E-18,0.20001721411257128,0.8187166594759375,9.211116639792331E-8
92400000000000.0,0.9995478653526468,0.34265306931255346,0.6039970947951447,46698.36030101507,112.82515878415829,2.250136390389038E-18,0.20001710160580824,0.818716751587104,9.211122298993251E-8
92450000000000.0,0.9995483687671619,0.3426590036690963,0.6039944971379503,46698.256574211235,112.82521525965966,2.2501375167121218E-18,0.2000169890989887,0.818716843698327,9.211127946006304E-8
92500000000000.0,0.9995488707657335,0.3426649372963145,0.6039918994058615,46698.15294294736,112.82527158627006,2.2501386400657887E-18,0.20001687659211287,0.8187169358096065,9.211133580865467E-8
92550000000000.0,0.9995493713523484,0.3426708701955202,0.60398930159921,46698.04940696085,112.82532776440455,2.2501397604583157E-18,0.20001676408518088,0.8187170279209423,9.21113920360462E-8
92600000000000.0,0.9995498705309821,0.34267680236802234,0.6039867037183267,46697.94596598983,112.82538379447702,2.2501408778979575E-18,0.20001665157819284,0.8187171200323343,9.211144814257549E-8
92650000000000.0,0.9995503683055978,0.34268273381512565,0.6039841057635407,46697.842619773204,112.82543967690012,2.2501419923929438E-18,0.20001653907114894,0.8187172121437825,9.211150412857935E-8
92700000000000.0,0.9995508646801485,0.3426886645381322,0.6039815077351798,46697.73936805061,112.82549541208533,2.2501431039514812E-18,0.20001642656404933,0.8187173042552865,9.211155999439369E-8
92750000000000.0,0.9995513596585757,0.3426945945383396,0.6039789096335708,46697.63621056239,112.82555100044306,2.2501442125817543E-18,0.20001631405689413,0.8187173963668466,9.211161574035347E-8
92800000000000.0,0.9995518532448091,0.3427005238170425,0.6039763114590392,46697.533147049646,112.82560644238241,2.2501453182919223E-18,0.2000162015496835,0.8187174884784623,9.21116713667927E-8
92850000000000.0,0.9995523454427682,0.34270645237553216,0.603973713211909,46697.43017725417,112.82566173831142,2.250146421090123E-18,0.20001608904241758,0.8187175805901337,9.21117268740444E-8
92900000000000.0,0.9995528362563612,0.3427123802150962,0.6039711148925028,46697.32730091854,112.82571688863696,2.250147520984471E-18,0.20001597653509653,0.8187176727018605,9.21117822624407E-8
92950000000000.0,0.9995533256894844,0.3427183073370187,0.6039685165011421,46697.224517786024,112.82577189376465,2.2501486179830553E-18,0.20001586402772048,0.8187177648136428,9.211183753231272E-8
93000000000000.0,0.9995538137460241,0.34272423374258043,0.6039659180381474,46697.12182760061,112.82582675409907,2.250149712093945E-18,0.20001575152028958,0.8187178569254803,9.21118926839907E-8
93050000000000.0,0.9995543004298547,0.3427301594330584,0.603963319503837,46697.01923010703,112.82588147004356,2.250150803325184E-18,0.20001563901280398,0.818717949037373,9.211194771780382E-8
93100000000000.0,0.9995547857448397,0.3427360844097266,0.603960720898529,46696.91672505072,112.8259360420003,2.2501518916847937E-18,0.2000155265052638,0.8187180411493207,9.211200263408045E-8
93150000000000.0,0.9995552696948321,0.34274200867385524,0.6039581222225398,46696.814312177856,112.82599047037037,2.2501529771807727E-18,0.20001541399766923,0.8187181332613234,9.211205743314797E-8
93200000000000.0,0.9995557522836739,0.34274793222671135,0.6039555234761843,46696.71199123529,112.82604475555375,2.2501540598210977E-18,0.20001530149002036,0.8187182253733808,9.211211211533285E-8
93250000000000.0,0.9995562335151961,0.3427538550695585,0.6039529246597763,46696.609761970605,112.82609889794924,2.2501551396137225E-18,0.20001518898231738,0.818718317485493,9.21121666809606E-8
93300000000000.0,0.9995567133932186,0.3427597772036568,0.603950325773629,46696.50762413212,112.82615289795446,2.250156216566577E-18,0.2000150764745604,0.8187184095976596,9.211222113035582E-8
93350000000000.0,0.9995571919215505,0.3427656986302628,0.6039477268180529,46696.40557746883,112.8262067559659,2.250157290687569E-18,0.2000149639667496,0.8187185017098807,9.211227546384217E-8
93400000000000.0,0.9995576691039906,0.3427716193506299,0.6039451277933584,46696.30362173045,112.82626047237905,2.2501583619845853E-18,0.20001485145888506,0.8187185938221562,9.211232968174242E-8
93450000000000.0,0.9995581449443257,0.3427775393660081,0.6039425286998547,46696.20175666742,112.82631404758803,2.2501594304654868E-18,0.20001473895096697,0.8187186859344858,9.211238378437835E-8
93500000000000.0,0.9995586194463334,0.34278345867764404,0.603939929537849,46696.09998203088,112.82636748198608,2.2501604961381155E-18,0.20001462644299545,0.8187187780468697,9.211243777207092E-8
93550000000000.0,0.9995590926137797,0.34278937728678094,0.6039373303076482,46695.9982975726,112.8264207759652,2.25016155901029E-18,0.20001451393497063,0.8187188701593074,9.211249164514011E-8
93600000000000.0,0.9995595644504198,0.3427952951946587,0.603934731009557,46695.89670304516,112.82647392991629,2.250162619089805E-18,0.2000144014268927,0.8187189622717991,9.211254540390499E-8
93650000000000.0,0.999560034959999,0.34280121240251377,0.6039321316438797,46695.79519820176,112.82652694422916,2.2501636763844357E-18,0.20001428891876175,0.8187190543843444,9.211259904868377E-8
93700000000000.0,0.9995605041462509,0.3428071289115795,0.6039295322109189,46695.69378279633,112.82657981929245,2.250164730901933E-18,0.20001417641057792,0.8187191464969434,9.21126525797937E-8
93750000000000.0,0.9995609720128991,0.3428130447230857,0.6039269327109763,46695.59245658349,112.82663255549373,2.2501657826500257E-18,0.2000140639023414,0.8187192386095961,9.211270599755111E-8
93800000000000.0,0.9995614385636572,0.34281895983825916,0.6039243331443521,46695.49121931853,112.82668515321951,2.250166831636423E-18,0.20001395139405226,0.8187193307223021,9.211275930227157E-8
93850000000000.0,0.999561903802227,0.3428248742583231,0.6039217335113456,46695.390070757465,112.82673761285511,2.2501678778688093E-18,0.20001383888571067,0.8187194228350614,9.211281249426952E-8
93900000000000.0,0.999562367732301,0.3428307879844975,0.6039191338122546,46695.28901065695,112.82678993478486,2.250168921354849E-18,0.20001372637731676,0.8187195149478739,9.21128655738587E-8
93950000000000.0,0.9995628303575604,0.3428367010179989,0.6039165340473761,46695.18803877439,112.82684211939188,2.2501699621021836E-18,0.2000136138688707,0.8187196070607394,9.211291854135189E-8
94000000000000.0,0.9995632916816763,0.34284261336004096,0.6039139342170055,46695.08715486781,112.82689416705826,2.250171000118433E-18,0.2000135013603726,0.8187196991736579,9.211297139706095E-8
94050000000000.0,0.9995637517083095,0.34284852501183394,0.6039113343214372,46694.986358695955,112.82694607816504,2.2501720354111964E-18,0.2000133888518226,0.8187197912866293,9.211302414129691E-8
94100000000000.0,0.9995642104411098,0.3428544359745848,0.6039087343609644,46694.88565001825,112.82699785309205,2.2501730679880494E-18,0.20001327634322083,0.8187198833996535,9.211307677436984E-8
94150000000000.0,0.9995646678837177,0.34286034624949696,0.6039061343358793,46694.78502859478,112.8270494922182,2.250174097856548E-18,0.20001316383456744,0.8187199755127302,9.2113129296589E-8
94200000000000.0,0.9995651240397624,0.34286625583777103,0.6039035342464728,46694.68449418629,112.82710099592119,2.250175125024226E-18,0.20001305132586256,0.8187200676258596,9.211318170826271E-8
94250000000000.0,0.9995655789128634,0.3428721647406042,0.6039009340930345,46694.58404655425,112.82715236457773,2.2501761494985955E-18,0.2000129388171063,0.8187201597390412,9.21132340096985E-8
94300000000000.0,0.9995660325066292,0.34287807295919065,0.6038983338758531,46694.48368546077,112.82720359856337,2.2501771712871466E-18,0.20001282630829884,0.8187202518522753,9.21132862012029E-8
94350000000000.0,0.9995664848246593,0.342883980494721,0.6038957335952159,46694.38341066865,112.82725469825269,2.2501781903973497E-18,0.20001271379944027,0.8187203439655615,9.211333828308166E-8
94400000000000.0,0.9995669358705419,0.34288988734838294,0.6038931332514093,46694.2832219413,112.82730566401916,2.250179206836653E-18,0.20001260129053075,0.8187204360788998,9.211339025563966E-8
94450000000000.0,0.9995673856478554,0.3428957935213608,0.6038905328447183,46694.18311904288,112.82735649623515,2.2501802206124832E-18,0.2000124887815704,0.81872052819229,9.211344211918083E-8
94500000000000.0,0.9995678341601681,0.34290169901483586,0.6038879323754271,46694.08310173817,112.82740719527204,2.2501812317322468E-18,0.20001237627255938,0.8187206203057321,9.211349387400835E-8
94550000000000.0,0.999568281411038,0.3429076038299861,0.6038853318438185,46693.983169792606,112.82745776150007,2.2501822402033274E-18,0.2000122637634978,0.818720712419226,9.211354552042442E-8
94600000000000.0,0.9995687274040131,0.34291350796798653,0.6038827312501743,46693.88332297231,112.82750819528849,2.2501832460330895E-18,0.2000121512543858,0.8187208045327715,9.211359705873044E-8
94650000000000.0,0.9995691721426316,0.34291941143000876,0.6038801305947752,46693.78356104403,112.8275584970055,2.2501842492288763E-18,0.2000120387452235,0.8187208966463686,9.2113648489227E-8
94700000000000.0,0.9995696156304213,0.3429253142172213,0.6038775298779004,46693.68388377521,112.82760866701821,2.2501852497980093E-18,0.20001192623601102,0.8187209887600171,9.211369981221372E-8
94750000000000.0,0.9995700578709003,0.3429312163307898,0.6038749290998287,46693.58429093392,112.82765870569274,2.25018624774779E-18,0.20001181372674853,0.8187210808737169,9.211375102798951E-8
94800000000000.0,0.9995704988675763,0.34293711777187663,0.6038723282608369,46693.48478228888,112.8277086133941,2.2501872430854984E-18,0.20001170121743614,0.8187211729874679,9.211380213685225E-8
94850000000000.0,0.9995709386239472,0.34294301854164083,0.6038697273612015,46693.385357609506,112.82775839048628,2.2501882358183938E-18,0.20001158870807398,0.8187212651012701,9.211385313909914E-8
94900000000000.0,0.9995713771435015,0.3429489186412385,0.6038671264011974,46693.286016665814,112.82780803733232,2.2501892259537158E-18,0.2000114761986622,0.8187213572151232,9.211390403502646E-8
94950000000000.0,0.9995718144297172,0.3429548180718226,0.6038645253810988,46693.18675922846,112.82785755429408,2.250190213498682E-18,0.2000113636892009,0.8187214493290272,9.21139548249296E-8
95000000000000.0,0.9995722504860629,0.34296071683454304,0.6038619243011781,46693.08758506882,112.82790694173255,2.2501911984604913E-18,0.2000112511796902,0.818721541442982,9.211400550910324E-8
95050000000000.0,0.9995726853159965,0.34296661493054664,0.6038593231617077,46692.98849395883,112.82795620000753,2.2501921808463196E-18,0.2000111386701303,0.8187216335569876,9.211405608784108E-8
95100000000000.0,0.9995731189229672,0.34297251236097714,0.6038567219629579,46692.889485671134,112.82800532947793,2.2501931606633248E-18,0.20001102616052124,0.8187217256710436,9.211410656143607E-8
95150000000000.0,0.9995735513104137,0.34297840912697497,0.6038541207051986,46692.79055997896,112.82805433050156,2.2501941379186425E-18,0.2000109136508632,0.8187218177851502,9.211415693018029E-8
95200000000000.0,0.9995739824817657,0.34298430522967793,0.6038515193886981,46692.69171665621,112.82810320343528,2.2501951126193905E-18,0.20001080114115632,0.8187219098993072,9.211420719436507E-8
95250000000000.0,0.9995744124404421,0.34299020067022057,0.6038489180137239,46692.59295547742,112.82815194863485,2.250196084772664E-18,0.2000106886314007,0.8187220020135143,9.211425735428077E-8
95300000000000.0,0.9995748411898528,0.34299609544973425,0.6038463165805423,46692.494276217745,112.8282005664551,2.250197054385539E-18,0.20001057612159645,0.8187220941277716,9.211430741021705E-8
95350000000000.0,0.9995752687333985,0.34300198956934747,0.603843715089419,46692.39567865298,112.82824905724979,2.2501980214650705E-18,0.20001046361174374,0.818722186242079,9.211435736246267E-8
95400000000000.0,0.999575695074469,0.3430078830301857,0.6038411135406181,46692.29716255956,112.8282974213717,2.250198986018295E-18,0.20001035110184268,0.8187222783564364,9.211440721130561E-8
95450000000000.0,0.9995761202164453,0.3430137758333712,0.6038385119344031,46692.19872771455,112.8283456591726,2.2501999480522277E-18,0.20001023859189337,0.8187223704708436,9.2114456957033E-8
95500000000000.0,0.9995765441626988,0.3430196679800237,0.6038359102710357,46692.10037389562,112.82839377100326,2.250200907573864E-18,0.20001012608189597,0.8187224625853006,9.211450659993117E-8
95550000000000.0,0.9995769669165913,0.3430255594712593,0.6038333085507773,46692.0021008811,112.82844175721348,2.25020186459018E-18,0.20001001357185058,0.8187225546998073,9.211455614028566E-8
95600000000000.0,0.9995773884814748,0.34303145030819154,0.6038307067738882,46691.90390844992,112.82848961815202,2.2502028191081322E-18,0.20000990106175734,0.8187226468143634,9.211460557838115E-8
95650000000000.0,0.9995778088606923,0.3430373404919308,0.6038281049406271,46691.80579638164,112.82853735416667,2.250203771134656E-18,0.20000978855161639,0.818722738928969,9.211465491450152E-8
95700000000000.0,0.9995782280575766,0.34304323002358467,0.6038255030512524,46691.70776445644,112.8285849656042,2.2502047206766667E-18,0.20000967604142783,0.8187228310436239,9.211470414892985E-8
95750000000000.0,0.9995786460754518,0.3430491189042573,0.6038229011060208,46691.6098124551,112.82863245281045,2.250205667741063E-18,0.2000095635311918,0.8187229231583281,9.211475328194842E-8
95800000000000.0,0.9995790629176324,0.34305500713505044,0.6038202991051884,46691.51194015907,112.82867981613029,2.2502066123347217E-18,0.2000094510209084,0.8187230152730813,9.211480231383878E-8
95850000000000.0,0.9995794785874234,0.3430608947170627,0.6038176970490102,46691.41414735035,112.82872705590752,2.2502075544645E-18,0.20000933851057778,0.8187231073878836,9.211485124488154E-8
95900000000000.0,0.9995798930881197,0.34306678165138943,0.6038150949377402,46691.31643381161,112.82877417248498,2.250208494137235E-18,0.20000922600020005,0.8187231995027349,9.211490007535657E-8
95950000000000.0,0.9995803064230082,0.3430726679391235,0.603812492771631,46691.218799326096,112.82882116620463,2.2502094313597468E-18,0.20000911348977535,0.8187232916176349,9.211494880554298E-8
96000000000000.0,0.999580718595366,0.3430785535813546,0.6038098905509348,46691.12124367766,112.82886803740736,2.250210366138834E-18,0.20000900097930377,0.8187233837325838,9.211499743571909E-8
96050000000000.0,0.9995811296084606,0.34308443857916965,0.6038072882759024,46691.023766650804,112.82891478643315,2.2502112984812766E-18,0.20000888846878545,0.8187234758475812,9.211504596616233E-8
96100000000000.0,0.9995815394655505,0.3430903229336525,0.6038046859467837,46690.92636803059,112.82896141362099,2.250212228393836E-18,0.20000877595822053,0.8187235679626271,9.211509439714946E-8
96150000000000.0,0.9995819481698849,0.3430962066458842,0.6038020835638277,46690.82904760271,112.82900791930886,2.250213155883252E-18,0.20000866344760912,0.8187236600777216,9.211514272895638E-8
96200000000000.0,0.9995823557247038,0.3431020897169429,0.6037994811272823,46690.73180515345,112.82905430383389,2.2502140809562482E-18,0.20000855093695133,0.8187237521928643,9.211519096185826E-8
96250000000000.0,0.9995827621332378,0.3431079721479038,0.6037968786373944,46690.634640469725,112.82910056753214,2.2502150036195274E-18,0.20000843842624727,0.8187238443080552,9.211523909612943E-8
96300000000000.0,0.9995831673987088,0.34311385393983923,0.6037942760944099,46690.53755333901,112.82914671073875,2.2502159238797734E-18,0.20000832591549708,0.8187239364232943,9.211528713204347E-8
96350000000000.0,0.9995835715243294,0.3431197350938187,0.603791673498574,46690.440543549375,112.82919273378796,2.250216841743652E-18,0.20000821340470087,0.8187240285385815,9.211533506987319E-8
96400000000000.0,0.9995839745133032,0.34312561561090893,0.6037890708501304,46690.34361088953,112.82923863701302,2.250217757217809E-18,0.2000081008938588,0.8187241206539165,9.211538290989061E-8
96450000000000.0,0.9995843763688242,0.3431314954921737,0.6037864681493224,46690.24675514875,112.82928442074622,2.2502186703088718E-18,0.20000798838297093,0.8187242127692995,9.211543065236699E-8
96500000000000.0,0.999584777094078,0.34313737473867373,0.6037838653963918,46690.149976116896,112.8293300853189,2.250219581023449E-18,0.20000787587203742,0.8187243048847301,9.211547829757281E-8
96550000000000.0,0.999585176692241,0.3431432533514673,0.6037812625915799,46690.05327358446,112.82937563106151,2.25022048936813E-18,0.20000776336105835,0.8187243970002084,9.211552584577779E-8
96600000000000.0,0.9995855751664802,0.3431491313316095,0.6037786597351267,46689.956647342464,112.82942105830348,2.250221395349485E-18,0.20000765085003389,0.8187244891157343,9.211557329725085E-8
96650000000000.0,0.9995859725199542,0.3431550086801529,0.6037760568272713,46689.86009718257,112.82946636737339,2.250222298974068E-18,0.20000753833896412,0.8187245812313075,9.21156206522602E-8
96700000000000.0,0.9995863687558122,0.34316088539814704,0.6037734538682521,46689.76362289701,112.82951155859882,2.250223200248411E-18,0.20000742582784917,0.8187246733469282,9.21156679110732E-8
96750000000000.0,0.9995867638771951,0.34316676148663866,0.6037708508583063,46689.66722427858,112.8295566323065,2.2502240991790308E-18,0.20000731331668917,0.8187247654625961,9.211571507395664E-8
96800000000000.0,0.9995871578872342,0.34317263694667194,0.6037682477976701,46689.5709011207,112.82960158882213,2.2502249957724227E-18,0.2000072008054842,0.8187248575783113,9.21157621411763E-8
96850000000000.0,0.9995875507890525,0.34317851177928793,0.603765644686579,46689.47465321733,112.82964642847054,2.250225890035065E-18,0.20000708829423441,0.8187249496940734,9.211580911299737E-8
96900000000000.0,0.9995879425857636,0.34318438598552503,0.6037630415252673,46689.37848036303,112.82969115157566,2.250226781973418E-18,0.2000069757829399,0.8187250418098825,9.211585598968423E-8
96950000000000.0,0.9995883332804725,0.343190259566419,0.6037604383139686,46689.28238235294,112.8297357584604,2.2502276715939222E-18,0.2000068632716008,0.8187251339257384,9.211590277150056E-8
97000000000000.0,0.9995887228762761,0.34319613252300274,0.6037578350529155,46689.18635898277,112.82978024944694,2.250228558903002E-18,0.20000675076021723,0.8187252260416412,9.211594945870925E-8
97050000000000.0,0.9995891113762613,0.34320200485630614,0.6037552317423396,46689.090410048804,112.82982462485631,2.2502294439070612E-18,0.20000663824878928,0.8187253181575906,9.211599605157241E-8
97100000000000.0,0.9995894987835069,0.3432078765673569,0.6037526283824717,46688.994535347905,112.82986888500879,2.250230326612486E-18,0.2000065257373171,0.8187254102735867,9.211604255035145E-8
97150000000000.0,0.9995898851010835,0.3432137476571794,0.6037500249735415,46688.898734677496,112.82991303022374,2.250231207025646E-18,0.20000641322580076,0.8187255023896293,9.211608895530707E-8
97200000000000.0,0.9995902703320523,0.3432196181267957,0.6037474215157779,46688.80300783558,112.82995706081955,2.250232085152892E-18,0.20000630071424041,0.8187255945057182,9.211613526669917E-8
97250000000000.0,0.9995906544794658,0.34322548797722485,0.6037448180094089,46688.70735462075,112.83000097711374,2.2502329610005556E-18,0.20000618820263616,0.8187256866218535,9.211618148478692E-8
97300000000000.0,0.9995910375463682,0.3432313572094832,0.6037422144546616,46688.611774832105,112.83004477942292,2.2502338345749508E-18,0.2000060756909881,0.818725778738035,9.211622760982877E-8
97350000000000.0,0.9995914195357951,0.3432372258245845,0.6037396108517621,46688.516268269355,112.83008846806283,2.250234705882375E-18,0.20000596317929636,0.8187258708542626,9.211627364208245E-8
97400000000000.0,0.9995918004507732,0.34324309382353985,0.6037370072009356,46688.42083473279,112.83013204334823,2.250235574929106E-18,0.20000585066756107,0.8187259629705362,9.21163195818049E-8
97450000000000.0,0.9995921802943207,0.3432489612073574,0.6037344035024064,46688.32547402322,112.83017550559309,2.250236441721405E-18,0.20000573815578232,0.8187260550868558,9.211636542925242E-8
97500000000000.0,0.9995925590694477,0.34325482797704276,0.6037317997563982,46688.23018594201,112.83021885511043,2.250237306265515E-18,0.20000562564396024,0.8187261472032212,9.211641118468054E-8
97550000000000.0,0.9995929367791551,0.34326069413359905,0.6037291959631335,46688.134970291154,112.8302620922124,2.250238168567661E-18,0.20000551313209491,0.8187262393196325,9.2116456848344E-8
97600000000000.0,0.9995933134264359,0.3432665596780262,0.6037265921228339,46688.039826873115,112.83030521721025,2.2502390286340508E-18,0.20000540062018649,0.8187263314360893,9.21165024204969E-8
97650000000000.0,0.9995936890142744,0.34327242461132207,0.6037239882357202,46687.944755490935,112.83034823041437,2.2502398864708747E-18,0.20000528810823506,0.8187264235525917,9.211654790139264E-8
97700000000000.0,0.9995940635456464,0.3432782889344813,0.6037213843020123,46687.84975594827,112.83039113213424,2.2502407420843046E-18,0.20000517559624073,0.8187265156691397,9.211659329128377E-8
97750000000000.0,0.9995944370235191,0.34328415264849643,0.6037187803219293,46687.75482804927,112.83043392267847,2.2502415954804953E-18,0.20000506308420363,0.8187266077857329,9.211663859042225E-8
97800000000000.0,0.9995948094508519,0.3432900157543569,0.6037161762956894,46687.65997159863,112.83047660235479,2.2502424466655843E-18,0.20000495057212386,0.8187266999023715,9.211668379905931E-8
97850000000000.0,0.9995951808305952,0.3432958782530496,0.6037135722235097,46687.565186401625,112.8305191714701,2.2502432956456924E-18,0.20000483806000152,0.8187267920190553,9.21167289174454E-8
97900000000000.0,0.9995955511656915,0.3433017401455589,0.603710968105607,46687.47047226407,112.83056163033037,2.2502441424269208E-18,0.20000472554783674,0.8187268841357842,9.211677394583032E-8
97950000000000.0,0.9995959204590747,0.3433076014328664,0.6037083639421966,46687.37582899232,112.83060397924072,2.250244987015356E-18,0.2000046130356296,0.8187269762525582,9.211681888446311E-8
98000000000000.0,0.9995962887136707,0.3433134621159514,0.6037057597334933,46687.281256393275,112.83064621850546,2.250245829417066E-18,0.20000450052338026,0.818727068369377,9.211686373359222E-8
98050000000000.0,0.9995966559323968,0.34331932219579026,0.6037031554797109,46687.18675427437,112.83068834842794,2.250246669638101E-18,0.20000438801108877,0.8187271604862408,9.211690849346518E-8
98100000000000.0,0.9995970221181617,0.34332518167335674,0.6037005511810625,46687.09232244361,112.83073036931066,2.250247507684494E-18,0.2000042754987553,0.8187272526031493,9.2116953164329E-8
98150000000000.0,0.9995973872738668,0.34333104054962216,0.6036979468377602,46686.99796070952,112.83077228145537,2.250248343562263E-18,0.2000041629863799,0.8187273447201024,9.211699774642996E-8
98200000000000.0,0.9995977514024048,0.3433368988255553,0.6036953424500153,46686.90366888115,112.83081408516284,2.2502491772774065E-18,0.20000405047396272,0.8187274368371003,9.21170422400136E-8
98250000000000.0,0.9995981145066601,0.3433427565021221,0.6036927380180384,46686.8094467681,112.83085578073306,2.250250008835907E-18,0.20000393796150384,0.8187275289541425,9.211708664532475E-8
98300000000000.0,0.9995984765895094,0.34334861358028607,0.6036901335420387,46686.7152941805,112.83089736846516,2.2502508382437304E-18,0.2000038254490034,0.8187276210712291,9.211713096260761E-8
98350000000000.0,0.9995988376538204,0.3433544700610083,0.6036875290222252,46686.62121092906,112.83093884865735,2.2502516655068244E-18,0.20000371293646146,0.8187277131883601,9.21171751921056E-8
98400000000000.0,0.9995991977024538,0.34336032594524696,0.6036849244588062,46686.52719682494,112.8309802216071,2.2502524906311215E-18,0.2000036004238782,0.8187278053055352,9.21172193340616E-8
98450000000000.0,0.9995995567382615,0.34336618123395796,0.6036823198519884,46686.43325167989,112.831021487611,2.250253313622536E-18,0.20000348791125366,0.8187278974227546,9.21172633887176E-8
98500000000000.0,0.9995999147640873,0.34337203592809457,0.6036797152019784,46686.339375306175,112.83106264696475,2.2502541344869666E-18,0.20000337539858798,0.818727989540018,9.211730735631507E-8
98550000000000.0,0.9996002717827673,0.34337789002860747,0.6036771105089817,46686.24556751659,112.83110369996328,2.2502549532302938E-18,0.20000326288588124,0.8187280816573254,9.211735123709469E-8
98600000000000.0,0.9996006277971294,0.3433837435364449,0.6036745057732027,46686.15182812444,112.8311446469006,2.2502557698583822E-18,0.20000315037313357,0.8187281737746767,9.211739503129651E-8
98650000000000.0,0.9996009828099938,0.34338959645255257,0.6036719009948454,46686.05815694356,112.83118548806999,2.2502565843770804E-18,0.20000303786034507,0.8187282658920717,9.211743873915989E-8
98700000000000.0,0.9996013368241717,0.34339544877787365,0.6036692961741126,46685.96455378833,112.8312262237638,2.2502573967922194E-18,0.20000292534751585,0.8187283580095104,9.211748236092352E-8
98750000000000.0,0.9996016898424679,0.34340130051334855,0.6036666913112068,46685.871018473634,112.83126685427362,2.250258207109614E-18,0.20000281283464602,0.8187284501269928,9.211752589682536E-8
98800000000000.0,0.9996020418676779,0.3434071516599155,0.6036640864063294,46685.77755081487,112.83130737989015,2.250259015335062E-18,0.20000270032173567,0.8187285422445186,9.211756934710274E-8
98850000000000.0,0.9996023929025903,0.3434130022185102,0.6036614814596809,46685.684150627974,112.83134780090337,2.2502598214743466E-18,0.2000025878087849,0.818728634362088,9.211761271199236E-8
98900000000000.0,0.9996027429499853,0.3434188521900657,0.6036588764714612,46685.59081772937,112.83138811760233,2.2502606255332323E-18,0.20000247529579385,0.8187287264797007,9.211765599173015E-8
98950000000000.0,0.9996030920126348,0.34342470157551264,0.6036562714418693,46685.497551936045,112.83142833027526,2.2502614275174676E-18,0.20000236278276257,0.8187288185973567,9.211769918655142E-8
99000000000000.0,0.9996034400933037,0.3434305503757793,0.6036536663711035,46685.404353065445,112.83146843920966,2.2502622274327867E-18,0.20000225026969118,0.8187289107150558,9.211774229669083E-8
99050000000000.0,0.9996037871947492,0.3434363985917914,0.603651061259361,46685.31122093558,112.83150844469218,2.250263025284906E-18,0.2000021377565798,0.8187290028327981,9.21177853223824E-8
99100000000000.0,0.9996041333197199,0.3434422462244721,0.6036484561068386,46685.21815536494,112.83154834700863,2.2502638210795256E-18,0.20000202524342853,0.8187290949505835,9.21178282638594E-8
99150000000000.0,0.9996044784709569,0.3434480932747422,0.6036458509137321,46685.12515617251,112.831588146444,2.2502646148223292E-18,0.20000191273023749,0.8187291870684118,9.211787112135446E-8
99200000000000.0,0.9996048226511941,0.3434539397435199,0.6036432456802369,46685.03222317783,112.83162784328256,2.250265406518986E-18,0.20000180021700675,0.8187292791862829,9.211791389509964E-8
99250000000000.0,0.999605165863157,0.34345978563172114,0.603640640406547,46684.93935620091,112.83166743780765,2.250266196175147E-18,0.2000016877037364,0.8187293713041968,9.211795658532621E-8
99300000000000.0,0.9996055081095631,0.3434656309402593,0.603638035092856,46684.84655506232,112.83170693030186,2.2502669837964482E-18,0.2000015751904266,0.8187294634221534,9.211799919226489E-8
99350000000000.0,0.9996058493931234,0.34347147567004555,0.6036354297393565,46684.75381958304,112.83174632104704,2.2502677693885103E-18,0.2000014626770774,0.8187295555401526,9.211804171614568E-8
99400000000000.0,0.9996061897165404,0.3434773198219883,0.6036328243462405,46684.661149584645,112.83178561032415,2.2502685529569373E-18,0.20000135016368895,0.8187296476581942,9.2118084157198E-8
99450000000000.0,0.9996065290825094,0.34348316339699386,0.6036302189136998,46684.56854488913,112.83182479841341,2.250269334507317E-18,0.2000012376502613,0.8187297397762785,9.211812651565054E-8
99500000000000.0,0.9996068674937175,0.34348900639596586,0.6036276134419244,46684.47600531907,112.8318638855942,2.2502701140452223E-18,0.20000112513679455,0.818729831894405,9.211816879173136E-8
99550000000000.0,0.9996072049528446,0.3434948488198057,0.603625007931104,46684.38353069748,112.83190287214518,2.2502708915762094E-18,0.20000101262328884,0.8187299240125737,9.211821098566795E-8
99600000000000.0,0.999607541462563,0.3435006906694123,0.6036224023814275,46684.29112084792,112.83194175834413,2.250271667105819E-18,0.20000090010974425,0.8187300161307848,9.211825309768705E-8
99650000000000.0,0.9996078770255371,0.3435065319456822,0.6036197967930832,46684.19877559441,112.83198054446807,2.2502724406395756E-18,0.20000078759616088,0.8187301082490379,9.211829512801475E-8
99700000000000.0,0.9996082116444247,0.3435123726495097,0.6036171911662587,46684.10649476145,112.83201923079329,2.2502732121829895E-18,0.20000067508253885,0.818730200367333,9.211833707687661E-8
99750000000000.0,0.999608545321875,0.34351821278178646,0.6036145855011403,46684.01427817408,112.83205781759527,2.250273981741555E-18,0.20000056256887824,0.8187302924856701,9.211837894449752E-8
99800000000000.0,0.9996088780605303,0.343524052343402,0.6036119797979144,46683.922125657795,112.83209630514865,2.250274749320749E-18,0.20000045005517916,0.818730384604049,9.211842073110166E-8
99850000000000.0,0.9996092098630257,0.3435298913352432,0.603609374056766,46683.830037038606,112.8321346937274,2.2502755149260355E-18,0.2000003375414417,0.8187304767224698,9.211846243691263E-8
99900000000000.0,0.9996095407319879,0.34353572975819496,0.6036067682778794,46683.738012142996,112.83217298360461,2.250276278562861E-18,0.20000022502766596,0.8187305688409322,9.211850406215338E-8
99950000000000.0,0.9996098706700368,0.3435415676131394,0.6036041624614387,46683.64605079795,112.83221117505262,2.250277040236657E-18,0.20000011251385202,0.8187306609594363,9.211854560704622E-8
100000000000000.0,0.9996101996797851,0.34354740490095687,0.6036015566076266,46683.5541528309,112.83224926834306,,0.2,0.8187307530779818,
